customer_id,signup_date,city,state,age_group,gender,customer_segment,preferred_device
CUS00001,2024-04-12,Houston,TX,56+,Female,New,Mobile App
CUS00002,2026-01-12,New York,NY,26-35,Female,Regular,Web
CUS00003,2025-09-19,Seattle,WA,56+,Female,Regular,Mobile App
CUS00004,2024-08-07,Phoenix,AZ,18-25,Male,New,Web
CUS00005,2025-06-30,New York,NY,36-45,Female,Regular,Web
CUS00006,2025-10-22,New York,NY,36-45,Female,Regular,Web
CUS00007,2024-09-07,Phoenix,AZ,18-25,Female,Regular,Web
CUS00008,2024-05-31,New York,NY,26-35,Female,Premium,Mobile App
CUS00009,2024-08-29,Phoenix,AZ,26-35,Male,Regular,Mobile App
CUS00010,2025-06-03,Phoenix,AZ,36-45,Female,Regular,Mobile App
CUS00011,2024-02-17,San Jose,CA,18-25,Male,Premium,Mobile App
CUS00012,2025-02-06,Phoenix,AZ,26-35,Female,New,Mobile App
CUS00013,2024-05-28,Boston,MA,36-45,Male,Regular,Web
CUS00014,2025-02-17,Seattle,WA,46-55,Female,Premium,Mobile App
CUS00015,2025-04-06,Dallas,TX,36-45,Female,New,Mobile App
CUS00016,2025-02-02,Austin,TX,26-35,Female,Premium,Web
CUS00017,2024-01-30,Seattle,WA,36-45,Male,Regular,Mobile App
CUS00018,2025-10-17,Philadelphia,PA,46-55,Male,Premium,Mobile App
CUS00019,2024-10-26,Los Angeles,CA,18-25,Male,Premium,Mobile App
CUS00020,2025-08-22,San Jose,CA,56+,Female,Regular,Mobile App
CUS00021,2025-03-16,Boston,MA,36-45,Male,Regular,Mobile App
CUS00022,2025-01-06,Chicago,IL,46-55,Female,Regular,Mobile App
CUS00023,2024-06-02,Chicago,IL,36-45,Male,Regular,Mobile App
CUS00024,2024-05-25,Austin,TX,56+,Female,Premium,Mobile App
CUS00025,2025-05-12,Philadelphia,PA,56+,Male,New,Mobile App
CUS00026,2024-06-12,Seattle,WA,36-45,Female,Regular,Mobile App
CUS00027,2024-12-06,Houston,TX,26-35,Male,Premium,Mobile App
CUS00028,2024-07-09,Houston,TX,36-45,Female,Regular,Mobile App
CUS00029,2024-11-01,San Jose,CA,36-45,Female,Regular,Web
CUS00030,2024-03-20,San Jose,CA,36-45,Female,Regular,Web
CUS00031,2026-01-10,Seattle,WA,26-35,Female,Regular,Mobile App
CUS00032,2026-01-14,Boston,MA,36-45,Female,Regular,Mobile App
CUS00033,2024-03-10,Philadelphia,PA,26-35,Male,Regular,Mobile App
CUS00034,2026-03-03,San Diego,CA,26-35,Male,Regular,Mobile App
CUS00035,2025-12-14,San Jose,CA,36-45,Male,Regular,Mobile App
CUS00036,2026-01-09,Chicago,IL,46-55,Female,Regular,Mobile App
CUS00037,2025-10-15,New York,NY,46-55,Female,Premium,Mobile App
CUS00038,2024-06-04,Austin,TX,18-25,Male,Premium,Mobile App
CUS00039,2025-03-01,Chicago,IL,26-35,Female,Regular,Mobile App
CUS00040,2025-01-23,San Diego,CA,26-35,Male,Premium,Web
CUS00041,2024-11-19,Boston,MA,46-55,Female,Regular,Mobile App
CUS00042,2025-02-03,San Diego,CA,26-35,Male,Regular,Web
CUS00043,2024-02-25,San Diego,CA,56+,Male,Regular,Mobile App
CUS00044,2026-01-22,Seattle,WA,46-55,Female,Regular,Mobile App
CUS00045,2024-03-21,Los Angeles,CA,18-25,Male,Regular,Mobile App
CUS00046,2025-04-01,Philadelphia,PA,26-35,Female,New,Mobile App
CUS00047,2025-02-08,New York,NY,46-55,Female,Premium,Web
CUS00048,2024-07-13,Dallas,TX,36-45,Male,Regular,Web
CUS00049,2024-07-11,San Jose,CA,18-25,Female,Regular,Mobile App
CUS00050,2024-10-13,San Diego,CA,46-55,Male,Premium,Mobile App
CUS00051,2025-12-27,Seattle,WA,56+,Female,New,Mobile App
CUS00052,2025-03-31,Los Angeles,CA,46-55,Male,Regular,Web
CUS00053,2024-07-23,San Jose,CA,36-45,Other,Regular,Mobile App
CUS00054,2024-12-28,Phoenix,AZ,46-55,Female,Regular,Mobile App
CUS00055,2024-07-27,San Diego,CA,36-45,Male,New,Mobile App
CUS00056,2024-08-31,San Jose,CA,26-35,Male,Regular,Mobile App
CUS00057,2026-03-11,Philadelphia,PA,26-35,Female,Regular,Mobile App
CUS00058,2025-06-10,New York,NY,26-35,Male,Regular,Web
CUS00059,2025-09-22,Dallas,TX,26-35,Female,New,Web
CUS00060,2024-04-21,Phoenix,AZ,36-45,Male,New,Web
CUS00061,2024-09-13,New York,NY,18-25,Other,Regular,Mobile App
CUS00062,2025-09-07,Phoenix,AZ,26-35,Male,New,Mobile App
CUS00063,2025-02-01,Chicago,IL,18-25,Female,Regular,Mobile App
CUS00064,2024-06-18,Los Angeles,CA,56+,Male,New,Mobile App
CUS00065,2024-09-30,New York,NY,26-35,Female,Regular,Web
CUS00066,2025-10-09,Dallas,TX,36-45,Female,New,Mobile App
CUS00067,2024-06-01,San Diego,CA,26-35,Female,Regular,Mobile App
CUS00068,2025-01-11,Austin,TX,36-45,Male,New,Mobile App
CUS00069,2026-02-06,San Diego,CA,26-35,Male,New,Mobile App
CUS00070,2026-03-12,Chicago,IL,36-45,Female,Regular,Mobile App
CUS00071,2025-08-07,New York,NY,46-55,Female,Regular,Mobile App
CUS00072,2025-03-18,Houston,TX,46-55,Female,Regular,Mobile App
CUS00073,2024-09-19,Phoenix,AZ,18-25,Male,Regular,Mobile App
CUS00074,2026-01-23,New York,NY,26-35,Male,Regular,Mobile App
CUS00075,2024-02-23,Houston,TX,46-55,Male,Regular,Mobile App
CUS00076,2025-10-28,San Diego,CA,26-35,Male,Regular,Web
CUS00077,2025-12-13,San Jose,CA,56+,Male,Regular,Mobile App
CUS00078,2024-03-27,San Jose,CA,56+,Male,Regular,Web
CUS00079,2024-08-19,Austin,TX,26-35,Male,Regular,Mobile App
CUS00080,2025-04-21,New York,NY,56+,Male,Regular,Mobile App
CUS00081,2025-06-26,Los Angeles,CA,18-25,Other,Regular,Mobile App
CUS00082,2025-02-04,Los Angeles,CA,26-35,Male,Regular,Web
CUS00083,2025-08-18,Dallas,TX,26-35,Female,Regular,Mobile App
CUS00084,2025-10-16,Philadelphia,PA,26-35,Female,Regular,Web
CUS00085,2025-03-13,Phoenix,AZ,46-55,Female,Regular,Web
CUS00086,2025-04-20,San Jose,CA,26-35,Male,Regular,Mobile App
CUS00087,2025-09-06,Los Angeles,CA,46-55,Male,Premium,Mobile App
CUS00088,2024-01-15,Philadelphia,PA,46-55,Female,Regular,Mobile App
CUS00089,2025-03-04,New York,NY,36-45,Male,Regular,Mobile App
CUS00090,2025-08-01,Phoenix,AZ,18-25,Male,Regular,Mobile App
CUS00091,2025-04-16,Phoenix,AZ,26-35,Male,Regular,Mobile App
CUS00092,2025-09-01,Seattle,WA,18-25,Female,New,Mobile App
CUS00093,2025-10-17,Chicago,IL,18-25,Male,Premium,Mobile App
CUS00094,2024-03-23,Chicago,IL,26-35,Female,Regular,Mobile App
CUS00095,2024-11-16,San Diego,CA,36-45,Male,Regular,Mobile App
CUS00096,2024-10-07,Philadelphia,PA,36-45,Female,Regular,Mobile App
CUS00097,2024-02-13,Chicago,IL,18-25,Female,New,Mobile App
CUS00098,2024-12-13,Chicago,IL,18-25,Male,Regular,Mobile App
CUS00099,2024-07-16,Philadelphia,PA,26-35,Male,New,Mobile App
CUS00100,2025-06-06,Philadelphia,PA,26-35,Female,New,Web
CUS00101,2025-03-05,New York,NY,46-55,Male,Regular,Mobile App
CUS00102,2025-03-11,Austin,TX,46-55,Male,New,Mobile App
CUS00103,2024-07-26,Austin,TX,46-55,Male,New,Mobile App
CUS00104,2024-11-19,San Diego,CA,56+,Male,Premium,Mobile App
CUS00105,2024-11-01,Austin,TX,26-35,Female,Regular,Mobile App
CUS00106,2025-01-30,Phoenix,AZ,18-25,Female,Regular,Mobile App
CUS00107,2025-01-05,New York,NY,56+,Male,Premium,Mobile App
CUS00108,2024-10-23,Houston,TX,26-35,Female,New,Mobile App
CUS00109,2025-11-12,New York,NY,56+,Male,Regular,Mobile App
CUS00110,2026-01-04,San Jose,CA,18-25,Female,Regular,Mobile App
CUS00111,2025-05-27,Los Angeles,CA,36-45,Female,Regular,Mobile App
CUS00112,2024-03-20,New York,NY,36-45,Female,Premium,Mobile App
CUS00113,2024-09-20,Los Angeles,CA,46-55,Female,Regular,Mobile App
CUS00114,2024-04-12,Houston,TX,26-35,Male,Regular,Mobile App
CUS00115,2025-05-14,Los Angeles,CA,18-25,Female,Premium,Web
CUS00116,2026-03-10,Austin,TX,36-45,Male,Regular,Mobile App
CUS00117,2024-05-10,San Jose,CA,46-55,Male,Premium,Web
CUS00118,2025-01-17,Phoenix,AZ,56+,Male,Regular,Web
CUS00119,2025-12-29,San Diego,CA,46-55,Male,Premium,Mobile App
CUS00120,2024-12-22,Seattle,WA,26-35,Male,Regular,Mobile App
CUS00121,2024-05-28,San Jose,CA,46-55,Male,Regular,Web
CUS00122,2024-01-28,San Jose,CA,26-35,Female,Premium,Mobile App
CUS00123,2025-11-11,Phoenix,AZ,26-35,Female,Regular,Mobile App
CUS00124,2024-11-08,Chicago,IL,36-45,Male,Premium,Mobile App
CUS00125,2025-10-28,San Diego,CA,26-35,Male,New,Mobile App
CUS00126,2025-01-05,Austin,TX,46-55,Female,Regular,Mobile App
CUS00127,2024-02-07,Seattle,WA,26-35,Female,Regular,Web
CUS00128,2025-05-17,San Diego,CA,36-45,Female,Regular,Mobile App
CUS00129,2024-09-30,San Diego,CA,46-55,Female,New,Web
CUS00130,2025-11-02,Los Angeles,CA,18-25,Male,Regular,Mobile App
CUS00131,2024-06-10,San Jose,CA,26-35,Female,Regular,Web
CUS00132,2025-05-11,Dallas,TX,18-25,Female,Regular,Web
CUS00133,2026-02-28,Houston,TX,26-35,Male,Regular,Web
CUS00134,2024-04-03,Phoenix,AZ,18-25,Female,Regular,Mobile App
CUS00135,2025-11-11,Philadelphia,PA,26-35,Female,Premium,Mobile App
CUS00136,2026-02-26,Houston,TX,26-35,Male,New,Web
CUS00137,2025-08-18,Seattle,WA,26-35,Male,Premium,Mobile App
CUS00138,2024-03-24,San Diego,CA,36-45,Female,Regular,Mobile App
CUS00139,2025-05-12,Austin,TX,18-25,Female,Premium,Web
CUS00140,2025-09-14,New York,NY,26-35,Female,New,Mobile App
CUS00141,2025-03-06,San Jose,CA,18-25,Female,Regular,Mobile App
CUS00142,2026-02-18,Philadelphia,PA,36-45,Female,Premium,Web
CUS00143,2024-09-09,Seattle,WA,56+,Female,Regular,Mobile App
CUS00144,2024-06-29,New York,NY,46-55,Female,Regular,Mobile App
CUS00145,2025-07-07,Los Angeles,CA,26-35,Female,Regular,Mobile App
CUS00146,2025-03-14,New York,NY,36-45,Female,Premium,Mobile App
CUS00147,2025-03-31,Philadelphia,PA,36-45,Male,Regular,Mobile App
CUS00148,2026-03-06,Austin,TX,26-35,Male,Regular,Web
CUS00149,2026-02-12,Chicago,IL,36-45,Female,New,Web
CUS00150,2024-06-20,San Jose,CA,26-35,Male,Regular,Web
CUS00151,2025-11-01,Phoenix,AZ,18-25,Female,Regular,Web
CUS00152,2024-07-27,Los Angeles,CA,26-35,Female,Regular,Mobile App
CUS00153,2024-06-07,Boston,MA,26-35,Female,New,Mobile App
CUS00154,2024-01-17,Austin,TX,46-55,Male,Premium,Mobile App
CUS00155,2025-01-29,Philadelphia,PA,36-45,Male,New,Web
CUS00156,2025-04-01,Chicago,IL,18-25,Male,Premium,Mobile App
CUS00157,2024-12-14,Philadelphia,PA,18-25,Other,New,Mobile App
CUS00158,2026-03-20,Seattle,WA,18-25,Female,Premium,Mobile App
CUS00159,2024-05-28,San Jose,CA,26-35,Female,Premium,Mobile App
CUS00160,2024-11-23,Los Angeles,CA,26-35,Female,Regular,Mobile App
CUS00161,2026-03-09,Dallas,TX,26-35,Female,Regular,Mobile App
CUS00162,2025-08-10,Los Angeles,CA,36-45,Male,Regular,Mobile App
CUS00163,2024-07-16,Los Angeles,CA,26-35,Male,Regular,Web
CUS00164,2025-03-20,San Jose,CA,26-35,Female,Regular,Mobile App
CUS00165,2024-11-21,Philadelphia,PA,26-35,Male,Regular,Mobile App
CUS00166,2024-07-30,Los Angeles,CA,26-35,Male,New,Mobile App
CUS00167,2025-08-28,Houston,TX,36-45,Female,Regular,Mobile App
CUS00168,2025-05-16,Los Angeles,CA,36-45,Female,Regular,Web
CUS00169,2026-01-10,Phoenix,AZ,36-45,Male,Premium,Mobile App
CUS00170,2024-02-12,Chicago,IL,26-35,Female,New,Mobile App
CUS00171,2024-01-05,Houston,TX,56+,Female,Premium,Web
CUS00172,2026-03-09,San Diego,CA,18-25,Male,Regular,Mobile App
CUS00173,2025-04-28,Seattle,WA,18-25,Female,New,Mobile App
CUS00174,2025-08-28,Phoenix,AZ,26-35,Female,Regular,Mobile App
CUS00175,2024-11-20,Los Angeles,CA,26-35,Female,Premium,Mobile App
CUS00176,2025-07-20,San Diego,CA,56+,Male,Premium,Web
CUS00177,2025-06-17,Chicago,IL,36-45,Female,Premium,Mobile App
CUS00178,2025-05-27,New York,NY,36-45,Female,Regular,Mobile App
CUS00179,2025-10-30,Los Angeles,CA,26-35,Male,Premium,Mobile App
CUS00180,2024-05-15,Chicago,IL,46-55,Female,Regular,Web
CUS00181,2025-07-09,San Diego,CA,36-45,Male,Regular,Mobile App
CUS00182,2026-02-15,Houston,TX,36-45,Male,Regular,Mobile App
CUS00183,2025-05-15,Dallas,TX,18-25,Male,Regular,Mobile App
CUS00184,2025-12-24,Chicago,IL,56+,Female,Regular,Mobile App
CUS00185,2025-09-18,Austin,TX,26-35,Male,Premium,Mobile App
CUS00186,2024-12-03,Los Angeles,CA,56+,Male,New,Mobile App
CUS00187,2024-05-11,Los Angeles,CA,56+,Male,Regular,Mobile App
CUS00188,2024-11-20,Seattle,WA,46-55,Female,Premium,Mobile App
CUS00189,2024-08-14,San Diego,CA,26-35,Female,Regular,Mobile App
CUS00190,2024-01-18,Dallas,TX,26-35,Male,Premium,Mobile App
CUS00191,2025-05-06,Philadelphia,PA,18-25,Female,Regular,Mobile App
CUS00192,2026-01-11,Philadelphia,PA,46-55,Female,Regular,Mobile App
CUS00193,2026-01-21,Phoenix,AZ,26-35,Male,Premium,Mobile App
CUS00194,2024-06-25,San Jose,CA,36-45,Female,Regular,Mobile App
CUS00195,2024-07-13,Boston,MA,26-35,Male,New,Mobile App
CUS00196,2025-09-07,Seattle,WA,36-45,Male,Regular,Mobile App
CUS00197,2024-11-10,Austin,TX,26-35,Female,Premium,Web
CUS00198,2024-12-06,Dallas,TX,46-55,Other,New,Mobile App
CUS00199,2025-02-06,Los Angeles,CA,18-25,Male,Premium,Web
CUS00200,2025-09-18,Phoenix,AZ,36-45,Female,Regular,Mobile App
CUS00201,2025-12-27,Boston,MA,26-35,Female,Regular,Web
CUS00202,2025-09-14,Dallas,TX,26-35,Female,Regular,Mobile App
CUS00203,2024-04-10,Dallas,TX,26-35,Female,Premium,Mobile App
CUS00204,2024-10-31,Los Angeles,CA,18-25,Male,Regular,Mobile App
CUS00205,2025-06-27,Chicago,IL,36-45,Female,New,Mobile App
CUS00206,2024-06-23,Dallas,TX,46-55,Female,Regular,Mobile App
CUS00207,2025-02-21,Austin,TX,46-55,Female,Premium,Mobile App
CUS00208,2024-03-21,Dallas,TX,36-45,Male,Regular,Mobile App
CUS00209,2025-12-18,Houston,TX,18-25,Female,Regular,Mobile App
CUS00210,2024-08-14,Seattle,WA,46-55,Female,Regular,Mobile App
CUS00211,2025-10-12,Phoenix,AZ,18-25,Female,Regular,Mobile App
CUS00212,2025-01-13,New York,NY,46-55,Female,Regular,Mobile App
CUS00213,2025-04-16,San Diego,CA,56+,Female,Premium,Mobile App
CUS00214,2025-10-30,Phoenix,AZ,46-55,Male,Premium,Web
CUS00215,2024-03-02,San Diego,CA,26-35,Female,Regular,Mobile App
CUS00216,2024-08-13,Chicago,IL,26-35,Female,Regular,Mobile App
CUS00217,2025-10-06,San Jose,CA,26-35,Female,Regular,Mobile App
CUS00218,2026-02-26,San Jose,CA,26-35,Male,Regular,Mobile App
CUS00219,2024-01-30,Philadelphia,PA,36-45,Female,Regular,Mobile App
CUS00220,2025-01-31,Boston,MA,56+,Male,New,Mobile App
CUS00221,2026-02-09,Chicago,IL,26-35,Female,Regular,Mobile App
CUS00222,2024-06-10,Los Angeles,CA,46-55,Female,Regular,Mobile App
CUS00223,2025-05-05,New York,NY,26-35,Male,Regular,Mobile App
CUS00224,2025-02-20,New York,NY,36-45,Male,Regular,Mobile App
CUS00225,2025-04-20,Dallas,TX,26-35,Female,New,Mobile App
CUS00226,2025-07-05,Seattle,WA,18-25,Male,Regular,Web
CUS00227,2024-10-16,New York,NY,18-25,Female,New,Mobile App
CUS00228,2024-11-04,Austin,TX,26-35,Female,Regular,Mobile App
CUS00229,2024-07-02,Chicago,IL,36-45,Female,Premium,Mobile App
CUS00230,2024-04-24,Los Angeles,CA,36-45,Male,Premium,Mobile App
CUS00231,2024-04-08,Los Angeles,CA,26-35,Male,New,Mobile App
CUS00232,2024-08-29,Houston,TX,18-25,Male,Premium,Web
CUS00233,2024-08-27,Philadelphia,PA,36-45,Male,Regular,Mobile App
CUS00234,2024-11-13,Phoenix,AZ,36-45,Female,Regular,Mobile App
CUS00235,2025-06-05,San Diego,CA,26-35,Male,Regular,Mobile App
CUS00236,2026-01-30,San Jose,CA,36-45,Male,New,Web
CUS00237,2025-05-20,New York,NY,18-25,Female,Regular,Mobile App
CUS00238,2024-05-02,San Diego,CA,26-35,Female,Regular,Mobile App
CUS00239,2025-07-27,San Diego,CA,26-35,Female,Regular,Web
CUS00240,2024-10-22,Los Angeles,CA,18-25,Male,Premium,Mobile App
CUS00241,2024-10-27,Dallas,TX,36-45,Male,Regular,Mobile App
CUS00242,2025-05-11,Seattle,WA,26-35,Female,Regular,Mobile App
CUS00243,2024-04-29,Houston,TX,46-55,Male,New,Web
CUS00244,2025-11-11,Chicago,IL,46-55,Female,New,Mobile App
CUS00245,2024-04-02,Dallas,TX,26-35,Male,Premium,Mobile App
CUS00246,2024-01-06,Houston,TX,26-35,Female,New,Mobile App
CUS00247,2025-03-12,Houston,TX,26-35,Female,Regular,Mobile App
CUS00248,2024-02-14,Austin,TX,46-55,Female,New,Mobile App
CUS00249,2026-03-09,Chicago,IL,46-55,Female,Premium,Mobile App
CUS00250,2026-03-24,Austin,TX,36-45,Male,Regular,Web
CUS00251,2025-05-09,Phoenix,AZ,18-25,Female,Premium,Mobile App
CUS00252,2024-10-04,San Diego,CA,18-25,Other,Regular,Mobile App
CUS00253,2024-10-13,Boston,MA,36-45,Female,Premium,Web
CUS00254,2024-01-17,Austin,TX,26-35,Male,Regular,Mobile App
CUS00255,2025-01-19,Boston,MA,26-35,Male,Regular,Web
CUS00256,2026-03-05,New York,NY,18-25,Male,New,Mobile App
CUS00257,2024-10-25,Dallas,TX,26-35,Female,Regular,Mobile App
CUS00258,2024-07-30,San Jose,CA,46-55,Male,New,Mobile App
CUS00259,2026-03-25,Austin,TX,18-25,Female,New,Mobile App
CUS00260,2025-12-16,Phoenix,AZ,36-45,Male,Regular,Mobile App
CUS00261,2024-07-30,Chicago,IL,36-45,Female,Premium,Mobile App
CUS00262,2025-03-12,Philadelphia,PA,18-25,Female,Regular,Mobile App
CUS00263,2026-02-18,Austin,TX,56+,Female,Regular,Mobile App
CUS00264,2024-05-27,Phoenix,AZ,46-55,Male,Regular,Mobile App
CUS00265,2024-03-30,Austin,TX,26-35,Female,Regular,Mobile App
CUS00266,2025-08-17,Dallas,TX,26-35,Other,Premium,Web
CUS00267,2026-02-20,San Jose,CA,46-55,Female,Regular,Web
CUS00268,2024-08-12,Seattle,WA,26-35,Female,Regular,Mobile App
CUS00269,2025-07-19,Chicago,IL,26-35,Other,New,Mobile App
CUS00270,2024-07-01,Seattle,WA,46-55,Female,New,Mobile App
CUS00271,2025-03-06,San Diego,CA,36-45,Female,Premium,Mobile App
CUS00272,2025-01-26,New York,NY,26-35,Female,New,Mobile App
CUS00273,2024-12-21,San Diego,CA,56+,Female,Regular,Mobile App
CUS00274,2024-11-22,Seattle,WA,26-35,Male,Premium,Web
CUS00275,2026-01-18,Houston,TX,26-35,Male,Premium,Mobile App
CUS00276,2025-04-01,Chicago,IL,26-35,Male,Regular,Mobile App
CUS00277,2025-01-04,Houston,TX,56+,Male,Regular,Mobile App
CUS00278,2025-03-08,Los Angeles,CA,36-45,Male,Regular,Web
CUS00279,2025-07-28,New York,NY,36-45,Male,Regular,Mobile App
CUS00280,2024-02-17,Chicago,IL,26-35,Female,Premium,Web
CUS00281,2025-12-13,San Diego,CA,26-35,Male,Regular,Web
CUS00282,2026-03-13,Dallas,TX,46-55,Other,New,Web
CUS00283,2024-01-25,Los Angeles,CA,26-35,Female,New,Mobile App
CUS00284,2024-09-10,Philadelphia,PA,18-25,Male,Regular,Mobile App
CUS00285,2025-02-11,Los Angeles,CA,26-35,Female,New,Mobile App
CUS00286,2026-02-28,Chicago,IL,26-35,Male,Regular,Mobile App
CUS00287,2024-06-19,Philadelphia,PA,36-45,Female,New,Mobile App
CUS00288,2026-03-18,Philadelphia,PA,26-35,Male,New,Mobile App
CUS00289,2024-11-01,Austin,TX,46-55,Male,Premium,Web
CUS00290,2024-06-19,Dallas,TX,56+,Male,Regular,Mobile App
CUS00291,2025-06-19,Austin,TX,36-45,Male,New,Mobile App
CUS00292,2025-08-28,Austin,TX,36-45,Female,New,Mobile App
CUS00293,2025-07-20,San Jose,CA,26-35,Male,New,Mobile App
CUS00294,2025-01-21,Chicago,IL,18-25,Female,Premium,Mobile App
CUS00295,2025-05-23,Los Angeles,CA,56+,Female,Regular,Mobile App
CUS00296,2024-03-12,San Diego,CA,46-55,Female,New,Web
CUS00297,2025-01-04,New York,NY,26-35,Male,Regular,Mobile App
CUS00298,2025-12-11,Austin,TX,46-55,Male,New,Mobile App
CUS00299,2024-05-01,Austin,TX,56+,Male,Regular,Mobile App
CUS00300,2025-05-06,Seattle,WA,26-35,Male,Premium,Mobile App
CUS00301,2024-08-23,Chicago,IL,18-25,Female,Premium,Mobile App
CUS00302,2024-09-26,Seattle,WA,18-25,Male,Regular,Web
CUS00303,2024-04-28,San Jose,CA,18-25,Male,Regular,Mobile App
CUS00304,2025-12-21,Chicago,IL,56+,Female,New,Mobile App
CUS00305,2026-02-15,Houston,TX,18-25,Female,Regular,Mobile App
CUS00306,2026-02-12,Los Angeles,CA,26-35,Female,New,Web
CUS00307,2025-07-16,Dallas,TX,26-35,Female,New,Mobile App
CUS00308,2025-08-20,San Jose,CA,56+,Female,New,Mobile App
CUS00309,2024-08-08,Dallas,TX,26-35,Male,Premium,Web
CUS00310,2024-03-27,Chicago,IL,36-45,Female,Regular,Mobile App
CUS00311,2025-01-21,Chicago,IL,26-35,Male,Regular,Mobile App
CUS00312,2024-10-06,San Jose,CA,26-35,Male,Regular,Mobile App
CUS00313,2024-06-09,Houston,TX,26-35,Male,Premium,Mobile App
CUS00314,2025-10-31,Phoenix,AZ,26-35,Male,Regular,Mobile App
CUS00315,2025-07-08,Seattle,WA,18-25,Female,Regular,Mobile App
CUS00316,2026-02-22,Philadelphia,PA,18-25,Male,Premium,Web
CUS00317,2024-07-28,Dallas,TX,56+,Female,Regular,Mobile App
CUS00318,2024-01-31,Boston,MA,26-35,Female,Premium,Mobile App
CUS00319,2024-12-11,Dallas,TX,36-45,Female,New,Mobile App
CUS00320,2024-01-02,Philadelphia,PA,26-35,Male,Regular,Mobile App
CUS00321,2024-08-06,Los Angeles,CA,36-45,Male,Regular,Mobile App
CUS00322,2025-11-13,Philadelphia,PA,56+,Male,Premium,Mobile App
CUS00323,2025-05-07,Houston,TX,26-35,Female,Regular,Mobile App
CUS00324,2024-06-13,Los Angeles,CA,36-45,Male,Premium,Mobile App
CUS00325,2024-06-10,Philadelphia,PA,26-35,Male,Regular,Mobile App
CUS00326,2025-01-05,Chicago,IL,46-55,Male,New,Web
CUS00327,2024-10-10,Austin,TX,18-25,Female,New,Mobile App
CUS00328,2025-12-07,San Diego,CA,36-45,Female,Regular,Mobile App
CUS00329,2026-01-03,Phoenix,AZ,26-35,Female,New,Mobile App
CUS00330,2024-02-29,Philadelphia,PA,18-25,Male,New,Mobile App
CUS00331,2026-03-19,Philadelphia,PA,26-35,Female,Premium,Mobile App
CUS00332,2025-02-27,Los Angeles,CA,46-55,Female,Premium,Web
CUS00333,2026-02-21,Seattle,WA,18-25,Female,New,Web
CUS00334,2025-05-20,San Diego,CA,36-45,Female,Regular,Mobile App
CUS00335,2024-02-03,San Jose,CA,26-35,Male,Regular,Mobile App
CUS00336,2025-12-12,San Diego,CA,26-35,Female,New,Mobile App
CUS00337,2024-10-20,Houston,TX,26-35,Other,Regular,Web
CUS00338,2024-05-03,San Diego,CA,26-35,Female,Regular,Mobile App
CUS00339,2025-11-18,Philadelphia,PA,46-55,Female,Regular,Mobile App
CUS00340,2025-12-30,Austin,TX,18-25,Female,Regular,Mobile App
CUS00341,2025-07-19,Seattle,WA,26-35,Male,Regular,Mobile App
CUS00342,2025-07-31,Houston,TX,46-55,Male,Regular,Web
CUS00343,2024-09-17,San Diego,CA,36-45,Female,New,Mobile App
CUS00344,2024-05-12,Philadelphia,PA,36-45,Male,Regular,Mobile App
CUS00345,2024-11-27,Boston,MA,26-35,Male,Regular,Mobile App
CUS00346,2024-08-20,Philadelphia,PA,26-35,Male,Premium,Mobile App
CUS00347,2024-09-23,Philadelphia,PA,36-45,Male,Premium,Web
CUS00348,2024-06-07,Philadelphia,PA,56+,Female,New,Mobile App
CUS00349,2025-12-07,New York,NY,46-55,Male,Premium,Mobile App
CUS00350,2024-04-21,New York,NY,46-55,Male,Regular,Mobile App
CUS00351,2025-03-07,Boston,MA,26-35,Female,Regular,Mobile App
CUS00352,2024-01-31,Dallas,TX,56+,Male,Regular,Mobile App
CUS00353,2025-05-06,New York,NY,26-35,Male,New,Mobile App
CUS00354,2024-03-31,Seattle,WA,36-45,Male,Regular,Web
CUS00355,2024-12-16,Dallas,TX,36-45,Female,Regular,Web
CUS00356,2025-05-30,Austin,TX,26-35,Male,Regular,Mobile App
CUS00357,2026-02-13,Houston,TX,26-35,Female,New,Mobile App
CUS00358,2024-11-30,New York,NY,26-35,Female,Premium,Web
CUS00359,2025-11-21,Boston,MA,26-35,Male,Regular,Mobile App
CUS00360,2025-12-04,Dallas,TX,26-35,Other,Regular,Mobile App
CUS00361,2025-11-28,San Jose,CA,26-35,Male,Regular,Web
CUS00362,2024-05-24,San Diego,CA,18-25,Male,New,Web
CUS00363,2025-11-04,Boston,MA,26-35,Female,New,Mobile App
CUS00364,2024-08-26,San Jose,CA,18-25,Male,Regular,Mobile App
CUS00365,2024-01-16,Houston,TX,18-25,Female,Regular,Mobile App
CUS00366,2025-01-12,Philadelphia,PA,18-25,Female,Premium,Mobile App
CUS00367,2025-08-11,Chicago,IL,26-35,Female,Premium,Mobile App
CUS00368,2025-01-12,Philadelphia,PA,18-25,Male,New,Mobile App
CUS00369,2025-03-13,Philadelphia,PA,26-35,Female,Premium,Web
CUS00370,2026-03-02,Phoenix,AZ,26-35,Male,Regular,Mobile App
CUS00371,2024-02-28,Los Angeles,CA,46-55,Female,Regular,Mobile App
CUS00372,2025-08-19,Los Angeles,CA,56+,Male,Regular,Web
CUS00373,2025-05-20,Austin,TX,26-35,Female,Premium,Web
CUS00374,2024-12-02,San Jose,CA,36-45,Female,Premium,Mobile App
CUS00375,2024-09-26,Los Angeles,CA,18-25,Female,Premium,Web
CUS00376,2025-04-04,Austin,TX,46-55,Female,Regular,Mobile App
CUS00377,2025-07-20,Seattle,WA,18-25,Female,Premium,Mobile App
CUS00378,2024-11-04,Boston,MA,26-35,Female,Premium,Mobile App
CUS00379,2024-06-26,Seattle,WA,46-55,Male,Premium,Web
CUS00380,2026-02-22,Philadelphia,PA,46-55,Female,Regular,Web
CUS00381,2026-01-03,Boston,MA,36-45,Male,New,Web
CUS00382,2024-09-20,San Jose,CA,26-35,Female,Regular,Mobile App
CUS00383,2025-04-01,Los Angeles,CA,46-55,Male,Regular,Mobile App
CUS00384,2024-03-29,Houston,TX,46-55,Male,New,Mobile App
CUS00385,2024-11-04,Phoenix,AZ,46-55,Male,Premium,Mobile App
CUS00386,2024-08-04,San Jose,CA,46-55,Female,Premium,Web
CUS00387,2025-03-28,San Diego,CA,26-35,Female,Regular,Mobile App
CUS00388,2025-11-12,Boston,MA,26-35,Male,Regular,Mobile App
CUS00389,2025-06-11,Chicago,IL,26-35,Male,Regular,Mobile App
CUS00390,2024-02-02,Philadelphia,PA,36-45,Female,Regular,Web
CUS00391,2024-09-11,San Jose,CA,18-25,Male,New,Mobile App
CUS00392,2025-03-31,San Diego,CA,26-35,Female,New,Mobile App
CUS00393,2025-09-28,Philadelphia,PA,26-35,Other,Regular,Web
CUS00394,2025-09-20,Austin,TX,26-35,Female,Regular,Mobile App
CUS00395,2025-02-16,Phoenix,AZ,26-35,Male,Regular,Mobile App
CUS00396,2026-01-18,Seattle,WA,46-55,Female,Regular,Mobile App
CUS00397,2024-10-01,Dallas,TX,56+,Male,Regular,Mobile App
CUS00398,2024-11-23,Dallas,TX,26-35,Female,Regular,Mobile App
CUS00399,2025-09-11,New York,NY,36-45,Female,Regular,Mobile App
CUS00400,2024-02-27,Los Angeles,CA,18-25,Female,Regular,Mobile App
CUS00401,2026-01-04,Dallas,TX,26-35,Female,New,Web
CUS00402,2026-01-11,Houston,TX,26-35,Male,Premium,Mobile App
CUS00403,2025-04-12,Philadelphia,PA,46-55,Female,Regular,Mobile App
CUS00404,2024-09-13,Philadelphia,PA,18-25,Other,Regular,Web
CUS00405,2025-02-01,Chicago,IL,18-25,Male,Premium,Mobile App
CUS00406,2024-09-15,New York,NY,18-25,Female,Regular,Web
CUS00407,2025-03-21,Chicago,IL,36-45,Female,Regular,Web
CUS00408,2025-01-14,Philadelphia,PA,18-25,Male,Regular,Mobile App
CUS00409,2024-03-05,Los Angeles,CA,56+,Male,Regular,Web
CUS00410,2025-08-12,Dallas,TX,18-25,Male,Regular,Mobile App
CUS00411,2025-01-25,Houston,TX,36-45,Female,New,Web
CUS00412,2025-02-24,New York,NY,18-25,Male,Premium,Mobile App
CUS00413,2025-08-01,Philadelphia,PA,46-55,Female,Regular,Mobile App
CUS00414,2024-05-26,Houston,TX,36-45,Female,Regular,Web
CUS00415,2025-12-18,Austin,TX,26-35,Other,Regular,Mobile App
CUS00416,2025-03-29,Dallas,TX,18-25,Female,Premium,Mobile App
CUS00417,2024-03-24,Houston,TX,36-45,Female,Regular,Mobile App
CUS00418,2025-07-21,Los Angeles,CA,26-35,Female,Regular,Mobile App
CUS00419,2025-12-09,Chicago,IL,36-45,Female,Regular,Mobile App
CUS00420,2024-09-08,Philadelphia,PA,26-35,Female,Premium,Mobile App
CUS00421,2024-10-12,Los Angeles,CA,56+,Male,Premium,Web
CUS00422,2025-07-10,Philadelphia,PA,36-45,Male,Premium,Mobile App
CUS00423,2025-07-18,Austin,TX,26-35,Male,Regular,Web
CUS00424,2025-02-05,Chicago,IL,26-35,Male,Regular,Mobile App
CUS00425,2024-02-03,Seattle,WA,36-45,Female,Regular,Mobile App
CUS00426,2025-05-08,San Jose,CA,56+,Female,Premium,Mobile App
CUS00427,2024-03-16,Los Angeles,CA,56+,Female,Premium,Mobile App
CUS00428,2024-11-03,Boston,MA,26-35,Male,Regular,Mobile App
CUS00429,2024-06-27,Austin,TX,36-45,Male,Regular,Mobile App
CUS00430,2024-09-09,Seattle,WA,26-35,Other,New,Mobile App
CUS00431,2024-12-13,Los Angeles,CA,26-35,Female,Regular,Mobile App
CUS00432,2024-09-03,Phoenix,AZ,18-25,Female,Regular,Mobile App
CUS00433,2024-10-03,Phoenix,AZ,46-55,Male,Regular,Mobile App
CUS00434,2026-01-31,Phoenix,AZ,36-45,Female,Regular,Mobile App
CUS00435,2026-02-09,Seattle,WA,36-45,Male,Premium,Mobile App
CUS00436,2025-03-02,Austin,TX,56+,Male,Premium,Mobile App
CUS00437,2024-09-14,San Diego,CA,36-45,Female,Regular,Mobile App
CUS00438,2024-08-24,New York,NY,26-35,Female,New,Web
CUS00439,2024-06-28,New York,NY,36-45,Male,New,Mobile App
CUS00440,2024-01-16,Austin,TX,36-45,Male,Regular,Mobile App
CUS00441,2025-08-30,Boston,MA,18-25,Male,New,Mobile App
CUS00442,2025-09-05,Boston,MA,46-55,Male,Premium,Mobile App
CUS00443,2025-12-24,Houston,TX,26-35,Female,New,Mobile App
CUS00444,2025-09-27,Phoenix,AZ,18-25,Female,New,Mobile App
CUS00445,2025-06-18,Los Angeles,CA,18-25,Male,Premium,Mobile App
CUS00446,2026-02-13,Boston,MA,36-45,Male,Regular,Mobile App
CUS00447,2025-02-20,New York,NY,26-35,Male,Regular,Mobile App
CUS00448,2024-06-07,Chicago,IL,46-55,Female,New,Mobile App
CUS00449,2024-09-07,Dallas,TX,56+,Female,Premium,Mobile App
CUS00450,2026-03-25,San Jose,CA,26-35,Other,Regular,Mobile App
CUS00451,2024-07-11,Chicago,IL,18-25,Male,Regular,Mobile App
CUS00452,2024-11-16,Chicago,IL,56+,Female,New,Mobile App
CUS00453,2025-03-14,Austin,TX,26-35,Female,Regular,Mobile App
CUS00454,2024-11-25,Dallas,TX,36-45,Male,New,Mobile App
CUS00455,2024-10-25,Austin,TX,26-35,Male,Regular,Web
CUS00456,2024-05-13,Houston,TX,46-55,Male,Regular,Mobile App
CUS00457,2025-06-13,Los Angeles,CA,36-45,Other,Regular,Mobile App
CUS00458,2025-09-12,Houston,TX,36-45,Male,Premium,Mobile App
CUS00459,2024-04-06,Los Angeles,CA,46-55,Male,Regular,Mobile App
CUS00460,2024-11-29,Seattle,WA,26-35,Female,Premium,Mobile App
CUS00461,2025-04-04,Austin,TX,26-35,Female,Regular,Mobile App
CUS00462,2024-01-24,Phoenix,AZ,36-45,Female,New,Mobile App
CUS00463,2024-08-09,San Diego,CA,26-35,Female,New,Web
CUS00464,2024-01-24,New York,NY,46-55,Female,Regular,Mobile App
CUS00465,2025-11-16,New York,NY,18-25,Male,Premium,Mobile App
CUS00466,2024-11-21,Dallas,TX,36-45,Female,Regular,Mobile App
CUS00467,2025-05-31,San Jose,CA,18-25,Female,Premium,Web
CUS00468,2024-11-15,Philadelphia,PA,18-25,Male,New,Web
CUS00469,2026-03-11,Boston,MA,36-45,Male,Regular,Mobile App
CUS00470,2026-01-31,Phoenix,AZ,26-35,Other,Regular,Web
CUS00471,2025-07-11,New York,NY,18-25,Male,Regular,Web
CUS00472,2025-03-12,New York,NY,46-55,Female,Regular,Mobile App
CUS00473,2024-06-12,Houston,TX,18-25,Female,Premium,Mobile App
CUS00474,2025-10-08,Seattle,WA,26-35,Male,Premium,Mobile App
CUS00475,2024-01-04,Philadelphia,PA,36-45,Male,Regular,Mobile App
CUS00476,2026-02-04,Houston,TX,26-35,Female,Regular,Mobile App
CUS00477,2025-03-11,Chicago,IL,18-25,Male,New,Mobile App
CUS00478,2024-09-11,Chicago,IL,36-45,Male,Regular,Mobile App
CUS00479,2024-04-02,Los Angeles,CA,36-45,Female,Regular,Mobile App
CUS00480,2025-08-06,Dallas,TX,56+,Female,Premium,Web
CUS00481,2025-04-06,Austin,TX,26-35,Male,Premium,Mobile App
CUS00482,2024-07-16,Houston,TX,26-35,Male,Regular,Web
CUS00483,2025-12-29,Austin,TX,26-35,Female,New,Mobile App
CUS00484,2024-10-30,San Diego,CA,26-35,Male,Premium,Mobile App
CUS00485,2026-03-02,San Jose,CA,56+,Male,Regular,Mobile App
CUS00486,2026-01-10,Phoenix,AZ,26-35,Female,Regular,Mobile App
CUS00487,2024-08-02,Philadelphia,PA,46-55,Female,Regular,Mobile App
CUS00488,2024-02-28,San Jose,CA,26-35,Female,Regular,Mobile App
CUS00489,2025-06-05,Chicago,IL,46-55,Male,Regular,Web
CUS00490,2025-10-05,Seattle,WA,18-25,Female,New,Mobile App
CUS00491,2024-10-24,New York,NY,46-55,Female,Regular,Web
CUS00492,2025-05-19,New York,NY,46-55,Female,Regular,Mobile App
CUS00493,2025-12-22,Philadelphia,PA,36-45,Male,Regular,Mobile App
CUS00494,2024-04-22,Chicago,IL,36-45,Female,Regular,Mobile App
CUS00495,2025-09-17,Houston,TX,36-45,Male,Regular,Mobile App
CUS00496,2025-12-21,Dallas,TX,36-45,Female,Regular,Mobile App
CUS00497,2025-07-19,Dallas,TX,26-35,Female,Regular,Mobile App
CUS00498,2025-11-21,Chicago,IL,26-35,Male,Premium,Mobile App
CUS00499,2025-08-13,Seattle,WA,26-35,Female,Regular,Mobile App
CUS00500,2024-03-22,Phoenix,AZ,36-45,Female,Premium,Mobile App
CUS00501,2024-08-30,Phoenix,AZ,46-55,Female,New,Web
CUS00502,2025-06-16,Boston,MA,26-35,Female,New,Mobile App
CUS00503,2024-10-14,Phoenix,AZ,36-45,Female,Regular,Mobile App
CUS00504,2026-03-29,Phoenix,AZ,46-55,Female,Regular,Mobile App
CUS00505,2024-04-10,Dallas,TX,18-25,Female,New,Mobile App
CUS00506,2025-05-20,San Jose,CA,18-25,Male,New,Mobile App
CUS00507,2024-09-10,San Jose,CA,18-25,Female,Premium,Mobile App
CUS00508,2024-03-26,Philadelphia,PA,36-45,Male,Regular,Web
CUS00509,2025-04-19,Boston,MA,26-35,Female,Regular,Mobile App
CUS00510,2024-05-20,Austin,TX,46-55,Male,Premium,Mobile App
CUS00511,2026-01-09,San Jose,CA,26-35,Female,Premium,Mobile App
CUS00512,2024-09-15,Austin,TX,26-35,Male,Regular,Mobile App
CUS00513,2025-05-08,San Diego,CA,18-25,Female,Regular,Mobile App
CUS00514,2025-12-02,Los Angeles,CA,18-25,Male,Regular,Mobile App
CUS00515,2025-02-28,Philadelphia,PA,36-45,Female,Regular,Mobile App
CUS00516,2024-10-11,Houston,TX,36-45,Male,Premium,Mobile App
CUS00517,2024-03-22,Seattle,WA,36-45,Female,Regular,Mobile App
CUS00518,2026-02-05,New York,NY,36-45,Female,Regular,Web
CUS00519,2024-02-10,Phoenix,AZ,56+,Male,New,Mobile App
CUS00520,2024-02-12,Phoenix,AZ,18-25,Female,Premium,Mobile App
CUS00521,2024-06-30,New York,NY,26-35,Male,Regular,Web
CUS00522,2025-02-22,Boston,MA,56+,Female,New,Web
CUS00523,2024-12-27,San Jose,CA,26-35,Male,Regular,Web
CUS00524,2025-12-04,San Diego,CA,36-45,Male,Regular,Mobile App
CUS00525,2024-03-06,Chicago,IL,36-45,Female,Premium,Mobile App
CUS00526,2025-06-20,Chicago,IL,36-45,Male,Regular,Mobile App
CUS00527,2025-05-31,Boston,MA,26-35,Female,Premium,Mobile App
CUS00528,2025-04-25,Dallas,TX,36-45,Female,Regular,Web
CUS00529,2024-01-05,Dallas,TX,36-45,Female,Premium,Mobile App
CUS00530,2024-12-11,Dallas,TX,56+,Male,New,Mobile App
CUS00531,2025-08-25,Chicago,IL,26-35,Male,Premium,Mobile App
CUS00532,2024-07-19,Austin,TX,56+,Female,Regular,Mobile App
CUS00533,2025-02-25,San Jose,CA,26-35,Female,Regular,Mobile App
CUS00534,2024-02-08,Chicago,IL,18-25,Male,Regular,Mobile App
CUS00535,2024-03-04,San Jose,CA,18-25,Female,Regular,Mobile App
CUS00536,2025-12-23,New York,NY,56+,Male,Regular,Web
CUS00537,2024-02-10,Boston,MA,36-45,Male,New,Mobile App
CUS00538,2025-01-08,Boston,MA,26-35,Female,Premium,Web
CUS00539,2025-05-23,Phoenix,AZ,56+,Other,Regular,Mobile App
CUS00540,2024-05-08,Seattle,WA,18-25,Male,Regular,Mobile App
CUS00541,2026-01-23,Seattle,WA,18-25,Female,Regular,Mobile App
CUS00542,2024-02-16,Chicago,IL,26-35,Female,Regular,Mobile App
CUS00543,2024-09-23,Houston,TX,36-45,Male,Premium,Mobile App
CUS00544,2025-02-20,Dallas,TX,26-35,Female,Regular,Mobile App
CUS00545,2025-04-02,Seattle,WA,36-45,Other,New,Mobile App
CUS00546,2026-03-01,Phoenix,AZ,26-35,Female,Regular,Web
CUS00547,2025-12-25,New York,NY,36-45,Male,Premium,Mobile App
CUS00548,2024-05-17,Philadelphia,PA,56+,Male,Premium,Mobile App
CUS00549,2024-05-01,Philadelphia,PA,46-55,Male,Regular,Web
CUS00550,2024-03-13,San Jose,CA,36-45,Female,Regular,Mobile App
CUS00551,2025-06-06,San Diego,CA,26-35,Female,New,Web
CUS00552,2025-08-28,Phoenix,AZ,26-35,Female,New,Mobile App
CUS00553,2025-08-11,Phoenix,AZ,46-55,Female,Premium,Mobile App
CUS00554,2024-11-10,Philadelphia,PA,36-45,Female,Premium,Web
CUS00555,2025-07-28,Houston,TX,26-35,Female,Regular,Mobile App
CUS00556,2025-03-25,Los Angeles,CA,46-55,Male,Regular,Web
CUS00557,2025-09-14,Los Angeles,CA,18-25,Male,Regular,Web
CUS00558,2024-07-10,Seattle,WA,36-45,Male,Regular,Mobile App
CUS00559,2025-07-02,Los Angeles,CA,46-55,Male,Regular,Web
CUS00560,2025-09-04,Dallas,TX,26-35,Male,Regular,Web
CUS00561,2025-09-21,Philadelphia,PA,26-35,Female,New,Mobile App
CUS00562,2024-05-06,Phoenix,AZ,36-45,Female,Regular,Mobile App
CUS00563,2025-09-03,Philadelphia,PA,26-35,Female,Regular,Mobile App
CUS00564,2026-02-28,Phoenix,AZ,18-25,Male,Regular,Mobile App
CUS00565,2025-12-30,Houston,TX,36-45,Male,Regular,Mobile App
CUS00566,2025-05-26,Seattle,WA,46-55,Male,Premium,Mobile App
CUS00567,2025-05-15,Dallas,TX,26-35,Female,New,Web
CUS00568,2026-02-05,San Diego,CA,26-35,Female,Regular,Mobile App
CUS00569,2025-12-02,Phoenix,AZ,26-35,Male,Regular,Mobile App
CUS00570,2024-05-09,Boston,MA,18-25,Male,Regular,Mobile App
CUS00571,2025-11-26,Austin,TX,18-25,Female,New,Mobile App
CUS00572,2026-01-26,San Diego,CA,36-45,Female,New,Mobile App
CUS00573,2025-03-22,Seattle,WA,26-35,Female,Regular,Mobile App
CUS00574,2024-03-06,Houston,TX,18-25,Other,Regular,Mobile App
CUS00575,2026-03-28,Houston,TX,26-35,Male,New,Mobile App
CUS00576,2025-06-23,New York,NY,46-55,Male,New,Web
CUS00577,2024-03-29,New York,NY,36-45,Male,Regular,Mobile App
CUS00578,2025-07-05,New York,NY,46-55,Female,New,Mobile App
CUS00579,2024-02-03,Seattle,WA,36-45,Female,Regular,Mobile App
CUS00580,2026-02-08,Seattle,WA,26-35,Male,Regular,Mobile App
CUS00581,2025-10-01,Austin,TX,26-35,Male,Regular,Mobile App
CUS00582,2024-07-21,Dallas,TX,36-45,Male,Regular,Mobile App
CUS00583,2025-06-07,Dallas,TX,46-55,Female,New,Mobile App
CUS00584,2025-01-08,Chicago,IL,36-45,Other,Regular,Mobile App
CUS00585,2025-01-05,Philadelphia,PA,46-55,Female,New,Mobile App
CUS00586,2024-06-02,Philadelphia,PA,36-45,Male,New,Web
CUS00587,2025-09-21,Dallas,TX,26-35,Male,Regular,Mobile App
CUS00588,2024-03-17,Phoenix,AZ,18-25,Male,New,Web
CUS00589,2026-01-31,Phoenix,AZ,36-45,Male,Regular,Mobile App
CUS00590,2024-09-16,Dallas,TX,18-25,Male,Premium,Mobile App
CUS00591,2024-02-28,San Jose,CA,36-45,Female,Premium,Mobile App
CUS00592,2024-03-01,Los Angeles,CA,36-45,Male,Regular,Mobile App
CUS00593,2024-09-29,San Diego,CA,18-25,Male,Regular,Mobile App
CUS00594,2025-07-25,Austin,TX,56+,Female,New,Mobile App
CUS00595,2025-07-21,Dallas,TX,46-55,Other,Premium,Mobile App
CUS00596,2025-10-26,New York,NY,18-25,Female,Premium,Mobile App
CUS00597,2024-02-28,New York,NY,26-35,Male,Regular,Web
CUS00598,2024-08-28,Houston,TX,46-55,Female,New,Web
CUS00599,2024-06-07,San Jose,CA,26-35,Female,Regular,Mobile App
CUS00600,2024-02-12,Los Angeles,CA,46-55,Female,Regular,Mobile App
CUS00601,2024-08-06,Los Angeles,CA,46-55,Male,Regular,Mobile App
CUS00602,2025-02-15,Phoenix,AZ,46-55,Female,Regular,Mobile App
CUS00603,2024-08-17,Chicago,IL,36-45,Female,New,Mobile App
CUS00604,2024-12-09,Chicago,IL,36-45,Female,New,Mobile App
CUS00605,2025-09-05,Phoenix,AZ,46-55,Female,Regular,Mobile App
CUS00606,2024-11-29,San Jose,CA,18-25,Female,New,Mobile App
CUS00607,2024-06-26,Dallas,TX,36-45,Female,Regular,Mobile App
CUS00608,2025-01-16,Phoenix,AZ,26-35,Female,Regular,Web
CUS00609,2024-10-03,Dallas,TX,26-35,Female,Regular,Mobile App
CUS00610,2025-03-13,Los Angeles,CA,26-35,Female,Regular,Web
CUS00611,2024-04-28,Dallas,TX,26-35,Female,Regular,Web
CUS00612,2025-03-28,Boston,MA,18-25,Other,Premium,Mobile App
CUS00613,2025-11-08,Dallas,TX,26-35,Female,Premium,Mobile App
CUS00614,2024-01-25,San Jose,CA,18-25,Male,Regular,Web
CUS00615,2025-12-11,Austin,TX,18-25,Male,Regular,Mobile App
CUS00616,2024-09-20,Austin,TX,26-35,Female,Premium,Mobile App
CUS00617,2024-08-25,Boston,MA,36-45,Male,Premium,Mobile App
CUS00618,2025-04-29,Phoenix,AZ,36-45,Female,Regular,Web
CUS00619,2025-12-03,Seattle,WA,26-35,Female,Premium,Mobile App
CUS00620,2025-08-17,Houston,TX,26-35,Male,Premium,Mobile App
CUS00621,2024-12-21,Phoenix,AZ,26-35,Female,Regular,Mobile App
CUS00622,2025-12-27,Houston,TX,36-45,Male,Regular,Mobile App
CUS00623,2024-09-02,Houston,TX,46-55,Female,Premium,Web
CUS00624,2024-12-23,Chicago,IL,36-45,Male,New,Mobile App
CUS00625,2025-03-30,San Jose,CA,46-55,Female,Regular,Mobile App
CUS00626,2025-03-04,Seattle,WA,26-35,Male,Regular,Web
CUS00627,2026-01-31,Dallas,TX,26-35,Male,Regular,Mobile App
CUS00628,2025-09-12,Chicago,IL,26-35,Male,Premium,Mobile App
CUS00629,2024-08-09,Phoenix,AZ,36-45,Female,Regular,Mobile App
CUS00630,2026-03-25,Phoenix,AZ,26-35,Female,New,Mobile App
CUS00631,2024-04-15,Philadelphia,PA,36-45,Male,Premium,Mobile App
CUS00632,2026-02-09,Dallas,TX,18-25,Male,Premium,Web
CUS00633,2024-05-25,Houston,TX,26-35,Male,Premium,Mobile App
CUS00634,2024-10-30,Austin,TX,26-35,Female,New,Mobile App
CUS00635,2025-11-29,Chicago,IL,26-35,Male,Regular,Web
CUS00636,2025-11-05,Houston,TX,56+,Female,Premium,Mobile App
CUS00637,2026-01-19,Los Angeles,CA,46-55,Male,New,Mobile App
CUS00638,2024-03-30,New York,NY,26-35,Female,Premium,Mobile App
CUS00639,2025-11-12,Boston,MA,26-35,Male,Regular,Mobile App
CUS00640,2025-12-03,Philadelphia,PA,26-35,Other,Regular,Mobile App
CUS00641,2025-06-26,San Diego,CA,36-45,Female,Regular,Mobile App
CUS00642,2025-03-26,Chicago,IL,36-45,Male,New,Mobile App
CUS00643,2025-04-30,Phoenix,AZ,18-25,Male,Regular,Web
CUS00644,2024-11-09,Chicago,IL,56+,Male,Regular,Web
CUS00645,2026-03-05,Boston,MA,56+,Male,Regular,Mobile App
CUS00646,2025-10-23,Boston,MA,56+,Male,Premium,Mobile App
CUS00647,2024-01-08,Chicago,IL,26-35,Female,Regular,Web
CUS00648,2026-01-23,Phoenix,AZ,46-55,Female,New,Mobile App
CUS00649,2026-03-17,Los Angeles,CA,26-35,Other,Regular,Mobile App
CUS00650,2025-11-20,San Jose,CA,26-35,Female,Regular,Mobile App
CUS00651,2024-09-15,Houston,TX,36-45,Male,New,Mobile App
CUS00652,2025-12-18,Seattle,WA,18-25,Female,Regular,Mobile App
CUS00653,2025-02-03,San Diego,CA,18-25,Male,Regular,Mobile App
CUS00654,2024-04-17,Phoenix,AZ,56+,Male,New,Mobile App
CUS00655,2026-01-12,Boston,MA,46-55,Male,Regular,Mobile App
CUS00656,2025-07-13,Boston,MA,56+,Female,Regular,Mobile App
CUS00657,2026-01-15,Dallas,TX,36-45,Male,Regular,Web
CUS00658,2026-01-09,Boston,MA,26-35,Male,Premium,Mobile App
CUS00659,2024-11-01,Boston,MA,26-35,Male,Regular,Mobile App
CUS00660,2025-01-25,New York,NY,46-55,Female,New,Mobile App
CUS00661,2025-11-14,Dallas,TX,46-55,Female,New,Mobile App
CUS00662,2026-03-12,Houston,TX,56+,Male,Regular,Mobile App
CUS00663,2026-01-08,Houston,TX,56+,Male,Premium,Web
CUS00664,2024-11-23,Seattle,WA,36-45,Female,Premium,Web
CUS00665,2025-11-21,San Diego,CA,26-35,Female,Regular,Mobile App
CUS00666,2024-09-27,Phoenix,AZ,26-35,Female,Regular,Mobile App
CUS00667,2024-05-07,Seattle,WA,56+,Female,Regular,Mobile App
CUS00668,2024-05-25,San Jose,CA,26-35,Male,Regular,Mobile App
CUS00669,2025-03-15,Houston,TX,18-25,Female,Premium,Mobile App
CUS00670,2025-11-03,Chicago,IL,26-35,Female,Regular,Mobile App
CUS00671,2025-06-11,Dallas,TX,56+,Female,Premium,Mobile App
CUS00672,2024-04-16,Austin,TX,26-35,Female,Regular,Mobile App
CUS00673,2025-03-20,Boston,MA,18-25,Female,Premium,Mobile App
CUS00674,2024-10-27,Los Angeles,CA,36-45,Male,Premium,Mobile App
CUS00675,2025-10-30,Phoenix,AZ,56+,Male,Regular,Web
CUS00676,2025-11-27,San Diego,CA,36-45,Male,Regular,Mobile App
CUS00677,2024-03-19,Phoenix,AZ,26-35,Male,Regular,Mobile App
CUS00678,2024-06-17,Austin,TX,26-35,Male,Premium,Web
CUS00679,2025-11-29,Chicago,IL,18-25,Male,Premium,Mobile App
CUS00680,2024-12-14,Boston,MA,36-45,Male,New,Web
CUS00681,2024-07-08,Houston,TX,36-45,Female,Premium,Web
CUS00682,2024-06-23,Houston,TX,36-45,Female,Premium,Web
CUS00683,2025-05-21,Seattle,WA,36-45,Female,Regular,Web
CUS00684,2026-01-19,San Jose,CA,18-25,Female,New,Mobile App
CUS00685,2024-11-21,Austin,TX,46-55,Male,Premium,Mobile App
CUS00686,2024-04-18,Austin,TX,46-55,Female,Regular,Mobile App
CUS00687,2025-09-25,Los Angeles,CA,18-25,Male,Regular,Mobile App
CUS00688,2024-11-22,Phoenix,AZ,46-55,Female,Premium,Web
CUS00689,2026-01-15,Chicago,IL,26-35,Female,Regular,Mobile App
CUS00690,2026-03-15,San Diego,CA,56+,Male,New,Web
CUS00691,2026-01-14,Houston,TX,26-35,Male,Regular,Web
CUS00692,2024-03-04,San Jose,CA,26-35,Female,Regular,Web
CUS00693,2024-07-06,Houston,TX,26-35,Male,Premium,Mobile App
CUS00694,2024-01-15,Dallas,TX,26-35,Male,Regular,Web
CUS00695,2024-08-13,Austin,TX,56+,Female,New,Mobile App
CUS00696,2025-02-06,San Jose,CA,26-35,Female,New,Mobile App
CUS00697,2024-09-17,New York,NY,18-25,Female,Regular,Mobile App
CUS00698,2025-11-14,Houston,TX,26-35,Male,Regular,Mobile App
CUS00699,2025-08-16,San Diego,CA,46-55,Male,Premium,Web
CUS00700,2024-12-26,Dallas,TX,26-35,Female,Regular,Web
CUS00701,2025-05-05,Chicago,IL,46-55,Female,Regular,Mobile App
CUS00702,2024-05-21,New York,NY,46-55,Male,Regular,Mobile App
CUS00703,2026-02-13,Dallas,TX,36-45,Male,Regular,Mobile App
CUS00704,2024-06-03,Houston,TX,26-35,Female,Regular,Mobile App
CUS00705,2025-10-15,Phoenix,AZ,36-45,Female,New,Mobile App
CUS00706,2026-02-18,Houston,TX,18-25,Female,Regular,Web
CUS00707,2025-10-01,Houston,TX,56+,Female,Regular,Mobile App
CUS00708,2024-09-14,San Jose,CA,26-35,Female,Regular,Web
CUS00709,2025-06-25,New York,NY,36-45,Female,Regular,Mobile App
CUS00710,2024-09-07,Phoenix,AZ,26-35,Male,Regular,Mobile App
CUS00711,2024-09-07,San Diego,CA,26-35,Male,Regular,Mobile App
CUS00712,2026-01-01,Boston,MA,26-35,Female,Regular,Mobile App
CUS00713,2024-12-25,San Diego,CA,36-45,Female,Premium,Web
CUS00714,2025-04-04,Dallas,TX,36-45,Female,Regular,Mobile App
CUS00715,2025-07-27,Philadelphia,PA,46-55,Female,Regular,Web
CUS00716,2026-01-20,Phoenix,AZ,18-25,Female,Regular,Web
CUS00717,2025-01-31,Houston,TX,18-25,Female,Premium,Mobile App
CUS00718,2024-10-29,Los Angeles,CA,36-45,Male,Regular,Web
CUS00719,2024-10-29,San Jose,CA,56+,Male,Premium,Web
CUS00720,2024-12-29,Chicago,IL,26-35,Female,Regular,Mobile App
CUS00721,2024-04-24,Austin,TX,26-35,Male,New,Mobile App
CUS00722,2025-04-04,Los Angeles,CA,56+,Female,Regular,Mobile App
CUS00723,2025-01-06,San Jose,CA,26-35,Male,Regular,Mobile App
CUS00724,2025-03-12,Los Angeles,CA,26-35,Female,New,Mobile App
CUS00725,2024-10-06,Chicago,IL,26-35,Male,Regular,Mobile App
CUS00726,2025-09-22,San Jose,CA,18-25,Female,New,Web
CUS00727,2025-09-23,Dallas,TX,46-55,Other,Regular,Mobile App
CUS00728,2024-06-13,Austin,TX,18-25,Male,Premium,Mobile App
CUS00729,2025-05-03,Philadelphia,PA,26-35,Female,Regular,Mobile App
CUS00730,2025-02-05,Chicago,IL,36-45,Female,Regular,Mobile App
CUS00731,2024-10-28,Austin,TX,18-25,Male,Premium,Mobile App
CUS00732,2025-06-06,Chicago,IL,36-45,Male,Regular,Mobile App
CUS00733,2024-09-11,Houston,TX,36-45,Female,New,Mobile App
CUS00734,2024-07-14,Los Angeles,CA,26-35,Female,Premium,Mobile App
CUS00735,2025-11-16,Philadelphia,PA,26-35,Male,Regular,Mobile App
CUS00736,2026-03-13,Seattle,WA,18-25,Female,Regular,Mobile App
CUS00737,2024-09-10,San Jose,CA,36-45,Male,Regular,Mobile App
CUS00738,2024-11-23,Los Angeles,CA,36-45,Male,Premium,Mobile App
CUS00739,2025-10-24,San Diego,CA,26-35,Female,Regular,Web
CUS00740,2024-04-28,San Diego,CA,56+,Female,Premium,Mobile App
CUS00741,2024-11-19,Boston,MA,56+,Female,Regular,Mobile App
CUS00742,2024-06-30,Houston,TX,36-45,Female,New,Mobile App
CUS00743,2025-12-24,San Diego,CA,46-55,Female,Regular,Mobile App
CUS00744,2024-06-04,Los Angeles,CA,26-35,Male,Regular,Mobile App
CUS00745,2024-10-24,Phoenix,AZ,56+,Male,Regular,Mobile App
CUS00746,2025-03-31,Seattle,WA,26-35,Female,New,Mobile App
CUS00747,2024-12-24,San Diego,CA,46-55,Male,Regular,Web
CUS00748,2025-11-05,Philadelphia,PA,26-35,Female,Regular,Mobile App
CUS00749,2024-12-02,Phoenix,AZ,26-35,Female,Regular,Mobile App
CUS00750,2026-02-15,Houston,TX,26-35,Male,New,Mobile App
CUS00751,2025-05-20,Houston,TX,26-35,Male,New,Mobile App
CUS00752,2024-07-18,Phoenix,AZ,26-35,Female,Premium,Mobile App
CUS00753,2026-01-01,San Diego,CA,36-45,Male,Premium,Mobile App
CUS00754,2025-10-29,New York,NY,46-55,Male,Regular,Web
CUS00755,2024-03-09,Boston,MA,36-45,Female,Regular,Mobile App
CUS00756,2025-06-08,Austin,TX,18-25,Male,New,Web
CUS00757,2024-11-11,Boston,MA,18-25,Female,Premium,Mobile App
CUS00758,2024-01-04,San Jose,CA,46-55,Female,Regular,Mobile App
CUS00759,2025-12-09,Houston,TX,26-35,Female,New,Mobile App
CUS00760,2025-11-21,Houston,TX,46-55,Female,Premium,Mobile App
CUS00761,2024-10-15,Austin,TX,46-55,Male,New,Mobile App
CUS00762,2024-10-27,Houston,TX,46-55,Female,Regular,Mobile App
CUS00763,2025-03-03,Boston,MA,26-35,Other,Regular,Mobile App
CUS00764,2025-01-24,Los Angeles,CA,46-55,Female,Regular,Mobile App
CUS00765,2025-12-23,Houston,TX,26-35,Male,Premium,Mobile App
CUS00766,2025-01-30,San Diego,CA,56+,Female,Regular,Mobile App
CUS00767,2026-03-10,Philadelphia,PA,18-25,Female,New,Mobile App
CUS00768,2025-09-29,Los Angeles,CA,26-35,Male,Regular,Web
CUS00769,2024-03-03,Austin,TX,36-45,Male,Regular,Mobile App
CUS00770,2025-08-21,Houston,TX,56+,Female,Regular,Mobile App
CUS00771,2024-06-22,Seattle,WA,18-25,Male,Regular,Mobile App
CUS00772,2024-01-17,Seattle,WA,46-55,Female,Regular,Mobile App
CUS00773,2024-02-23,Philadelphia,PA,26-35,Other,Regular,Mobile App
CUS00774,2025-12-18,Philadelphia,PA,36-45,Male,Regular,Mobile App
CUS00775,2025-02-18,Houston,TX,56+,Female,New,Mobile App
CUS00776,2024-09-02,Houston,TX,56+,Female,Regular,Mobile App
CUS00777,2025-11-19,Houston,TX,26-35,Male,Regular,Web
CUS00778,2024-11-28,Boston,MA,36-45,Female,Premium,Mobile App
CUS00779,2025-08-01,San Jose,CA,26-35,Male,Regular,Mobile App
CUS00780,2024-06-24,San Diego,CA,18-25,Female,Regular,Mobile App
CUS00781,2025-11-03,Phoenix,AZ,46-55,Male,Premium,Mobile App
CUS00782,2025-11-25,Chicago,IL,18-25,Male,New,Mobile App
CUS00783,2026-01-13,Houston,TX,46-55,Male,Regular,Mobile App
CUS00784,2024-07-07,Austin,TX,36-45,Male,New,Mobile App
CUS00785,2025-01-08,Philadelphia,PA,18-25,Female,Regular,Mobile App
CUS00786,2025-01-29,San Diego,CA,26-35,Male,Regular,Mobile App
CUS00787,2026-02-19,New York,NY,56+,Male,Regular,Web
CUS00788,2024-07-07,Boston,MA,26-35,Female,Regular,Mobile App
CUS00789,2025-02-27,Houston,TX,56+,Female,Regular,Mobile App
CUS00790,2025-09-16,San Diego,CA,46-55,Female,New,Web
CUS00791,2024-10-04,Los Angeles,CA,46-55,Male,Regular,Mobile App
CUS00792,2024-03-10,San Jose,CA,36-45,Male,Regular,Mobile App
CUS00793,2025-04-22,Seattle,WA,46-55,Male,Regular,Mobile App
CUS00794,2025-08-01,Chicago,IL,36-45,Female,Regular,Mobile App
CUS00795,2024-10-11,Los Angeles,CA,36-45,Male,Premium,Mobile App
CUS00796,2025-08-17,New York,NY,26-35,Male,Regular,Mobile App
CUS00797,2026-02-16,Los Angeles,CA,18-25,Female,Regular,Mobile App
CUS00798,2025-12-30,New York,NY,46-55,Female,Regular,Mobile App
CUS00799,2025-10-29,Seattle,WA,26-35,Male,Regular,Mobile App
CUS00800,2024-01-02,Austin,TX,18-25,Male,Regular,Mobile App
CUS00801,2025-02-28,Dallas,TX,26-35,Female,New,Mobile App
CUS00802,2024-05-30,New York,NY,56+,Male,New,Web
CUS00803,2025-09-17,Boston,MA,36-45,Male,Regular,Mobile App
CUS00804,2024-10-16,Austin,TX,26-35,Female,New,Mobile App
CUS00805,2024-10-28,Houston,TX,26-35,Male,Premium,Mobile App
CUS00806,2025-08-28,Philadelphia,PA,46-55,Female,Premium,Mobile App
CUS00807,2025-06-06,Boston,MA,36-45,Male,Regular,Mobile App
CUS00808,2024-02-26,Houston,TX,46-55,Female,New,Mobile App
CUS00809,2025-06-04,Chicago,IL,36-45,Female,New,Mobile App
CUS00810,2025-01-12,Philadelphia,PA,56+,Other,Regular,Mobile App
CUS00811,2025-07-01,Dallas,TX,46-55,Female,Regular,Mobile App
CUS00812,2026-01-04,San Diego,CA,26-35,Male,Regular,Mobile App
CUS00813,2025-01-03,Dallas,TX,46-55,Male,Regular,Mobile App
CUS00814,2024-05-29,Chicago,IL,18-25,Female,Premium,Mobile App
CUS00815,2025-11-06,San Diego,CA,18-25,Other,Premium,Mobile App
CUS00816,2025-04-06,Houston,TX,36-45,Female,Premium,Web
CUS00817,2024-04-28,Chicago,IL,46-55,Female,Premium,Mobile App
CUS00818,2026-03-30,Austin,TX,46-55,Male,Premium,Mobile App
CUS00819,2024-02-08,Chicago,IL,18-25,Female,Premium,Web
CUS00820,2024-03-18,Philadelphia,PA,26-35,Female,Regular,Web
CUS00821,2025-09-09,Seattle,WA,26-35,Male,Regular,Web
CUS00822,2024-06-19,Phoenix,AZ,26-35,Male,Regular,Mobile App
CUS00823,2024-04-05,Phoenix,AZ,26-35,Male,New,Mobile App
CUS00824,2025-10-16,Houston,TX,18-25,Female,Regular,Mobile App
CUS00825,2024-11-12,San Jose,CA,36-45,Female,Premium,Mobile App
CUS00826,2024-04-12,Philadelphia,PA,36-45,Male,Regular,Mobile App
CUS00827,2024-11-23,Los Angeles,CA,36-45,Female,Regular,Mobile App
CUS00828,2026-03-01,Austin,TX,56+,Male,Regular,Mobile App
CUS00829,2024-11-09,Houston,TX,26-35,Male,Regular,Mobile App
CUS00830,2024-04-23,San Jose,CA,36-45,Female,Premium,Web
CUS00831,2024-07-23,Seattle,WA,56+,Male,Regular,Web
CUS00832,2025-03-09,Chicago,IL,46-55,Male,Regular,Mobile App
CUS00833,2024-07-31,Seattle,WA,26-35,Female,Premium,Mobile App
CUS00834,2026-03-28,New York,NY,36-45,Male,New,Mobile App
CUS00835,2024-08-15,Boston,MA,26-35,Female,Premium,Mobile App
CUS00836,2025-05-13,Phoenix,AZ,36-45,Male,Regular,Mobile App
CUS00837,2024-03-06,Chicago,IL,26-35,Male,Regular,Mobile App
CUS00838,2025-08-12,Boston,MA,36-45,Female,New,Mobile App
CUS00839,2026-01-02,Philadelphia,PA,26-35,Male,Regular,Mobile App
CUS00840,2025-06-16,Phoenix,AZ,18-25,Male,Premium,Mobile App
CUS00841,2024-10-15,San Diego,CA,56+,Female,Regular,Mobile App
CUS00842,2024-10-13,Dallas,TX,18-25,Other,Premium,Mobile App
CUS00843,2024-01-05,Los Angeles,CA,36-45,Male,Regular,Web
CUS00844,2024-03-18,San Diego,CA,26-35,Female,Regular,Mobile App
CUS00845,2025-04-20,Austin,TX,36-45,Female,Regular,Mobile App
CUS00846,2026-02-09,Boston,MA,18-25,Male,Regular,Web
CUS00847,2025-09-17,San Diego,CA,36-45,Male,Premium,Web
CUS00848,2025-10-17,San Diego,CA,36-45,Female,New,Mobile App
CUS00849,2025-12-24,Phoenix,AZ,36-45,Male,Regular,Mobile App
CUS00850,2026-02-18,Boston,MA,26-35,Female,Regular,Mobile App
CUS00851,2024-07-14,Dallas,TX,36-45,Male,Regular,Mobile App
CUS00852,2025-06-18,Houston,TX,46-55,Female,Regular,Mobile App
CUS00853,2025-05-27,Houston,TX,26-35,Female,Regular,Mobile App
CUS00854,2025-06-08,Dallas,TX,36-45,Female,Regular,Mobile App
CUS00855,2024-04-24,San Diego,CA,36-45,Female,Regular,Mobile App
CUS00856,2025-02-18,Phoenix,AZ,18-25,Female,Regular,Web
CUS00857,2025-09-29,New York,NY,26-35,Female,Regular,Mobile App
CUS00858,2024-09-01,Dallas,TX,36-45,Male,Premium,Mobile App
CUS00859,2025-05-19,Philadelphia,PA,26-35,Male,New,Web
CUS00860,2025-12-07,Philadelphia,PA,36-45,Female,Regular,Web
CUS00861,2025-01-24,Philadelphia,PA,56+,Male,Regular,Mobile App
CUS00862,2026-02-01,Los Angeles,CA,36-45,Male,Premium,Mobile App
CUS00863,2024-07-25,San Jose,CA,36-45,Male,Regular,Mobile App
CUS00864,2024-01-14,Houston,TX,36-45,Male,Premium,Mobile App
CUS00865,2024-09-10,New York,NY,26-35,Female,New,Mobile App
CUS00866,2026-01-03,Houston,TX,18-25,Male,Regular,Mobile App
CUS00867,2025-10-29,Philadelphia,PA,36-45,Male,New,Mobile App
CUS00868,2025-08-25,New York,NY,26-35,Female,Regular,Web
CUS00869,2024-03-31,Boston,MA,26-35,Female,New,Mobile App
CUS00870,2025-12-12,New York,NY,26-35,Female,Regular,Web
CUS00871,2026-02-04,Philadelphia,PA,36-45,Female,Regular,Mobile App
CUS00872,2024-10-30,Seattle,WA,46-55,Male,Regular,Web
CUS00873,2024-03-17,Phoenix,AZ,46-55,Female,Regular,Web
CUS00874,2024-09-23,San Diego,CA,26-35,Female,Premium,Mobile App
CUS00875,2024-12-26,Philadelphia,PA,46-55,Female,New,Mobile App
CUS00876,2024-07-16,San Diego,CA,46-55,Female,Regular,Mobile App
CUS00877,2025-05-25,Chicago,IL,26-35,Female,Regular,Mobile App
CUS00878,2024-08-20,San Jose,CA,36-45,Male,Regular,Mobile App
CUS00879,2024-06-10,Dallas,TX,26-35,Male,Regular,Mobile App
CUS00880,2024-10-18,Seattle,WA,36-45,Female,Regular,Mobile App
CUS00881,2024-09-12,Houston,TX,18-25,Male,Regular,Web
CUS00882,2024-12-03,New York,NY,36-45,Male,New,Web
CUS00883,2025-05-18,Seattle,WA,36-45,Male,Regular,Mobile App
CUS00884,2025-03-08,Austin,TX,18-25,Male,Regular,Mobile App
CUS00885,2024-07-06,Chicago,IL,56+,Male,New,Mobile App
CUS00886,2025-04-12,Los Angeles,CA,26-35,Female,Premium,Mobile App
CUS00887,2026-03-23,Boston,MA,26-35,Female,Regular,Mobile App
CUS00888,2024-06-27,Seattle,WA,18-25,Male,Regular,Mobile App
CUS00889,2025-12-01,Houston,TX,26-35,Male,Regular,Mobile App
CUS00890,2025-04-12,Philadelphia,PA,26-35,Male,Premium,Mobile App
CUS00891,2025-03-10,San Diego,CA,18-25,Male,Premium,Mobile App
CUS00892,2026-02-16,Chicago,IL,26-35,Male,New,Mobile App
CUS00893,2025-01-16,Boston,MA,26-35,Female,Regular,Mobile App
CUS00894,2024-03-07,Los Angeles,CA,18-25,Male,Regular,Mobile App
CUS00895,2026-01-06,Boston,MA,56+,Female,Regular,Mobile App
CUS00896,2025-08-23,San Diego,CA,56+,Male,Premium,Mobile App
CUS00897,2024-03-20,New York,NY,36-45,Male,Premium,Mobile App
CUS00898,2024-01-26,Phoenix,AZ,46-55,Male,Premium,Web
CUS00899,2026-02-06,Boston,MA,26-35,Female,Regular,Mobile App
CUS00900,2026-01-22,Philadelphia,PA,46-55,Female,Premium,Mobile App
CUS00901,2024-01-31,San Diego,CA,36-45,Female,New,Mobile App
CUS00902,2024-05-04,Houston,TX,26-35,Female,New,Mobile App
CUS00903,2025-12-20,Philadelphia,PA,46-55,Male,New,Mobile App
CUS00904,2025-02-11,Philadelphia,PA,18-25,Female,New,Web
CUS00905,2025-11-11,Dallas,TX,26-35,Male,Regular,Mobile App
CUS00906,2024-09-21,New York,NY,36-45,Male,Regular,Mobile App
CUS00907,2025-08-02,Dallas,TX,26-35,Female,Premium,Web
CUS00908,2025-01-26,Houston,TX,26-35,Male,Regular,Mobile App
CUS00909,2025-04-28,Boston,MA,36-45,Female,Regular,Mobile App
CUS00910,2026-03-04,Houston,TX,56+,Female,Regular,Mobile App
CUS00911,2026-01-31,Austin,TX,46-55,Female,Premium,Web
CUS00912,2025-05-17,Philadelphia,PA,36-45,Female,Regular,Mobile App
CUS00913,2024-12-25,San Jose,CA,36-45,Female,New,Mobile App
CUS00914,2025-01-10,Seattle,WA,26-35,Female,Regular,Mobile App
CUS00915,2025-10-17,Austin,TX,26-35,Male,Regular,Web
CUS00916,2024-04-02,Philadelphia,PA,56+,Female,Premium,Web
CUS00917,2024-08-15,Dallas,TX,26-35,Male,Regular,Mobile App
CUS00918,2024-07-21,San Diego,CA,18-25,Male,New,Mobile App
CUS00919,2025-04-15,Austin,TX,26-35,Male,Regular,Mobile App
CUS00920,2024-01-14,San Diego,CA,26-35,Female,Regular,Mobile App
CUS00921,2025-05-21,San Diego,CA,56+,Male,Regular,Mobile App
CUS00922,2025-04-13,San Diego,CA,36-45,Female,Regular,Mobile App
CUS00923,2025-03-01,Boston,MA,26-35,Female,Regular,Mobile App
CUS00924,2025-05-22,San Diego,CA,36-45,Female,Regular,Mobile App
CUS00925,2024-05-25,Phoenix,AZ,26-35,Male,Premium,Mobile App
CUS00926,2024-11-08,Austin,TX,18-25,Male,Regular,Mobile App
CUS00927,2024-10-08,Dallas,TX,46-55,Male,Regular,Web
CUS00928,2026-03-13,Austin,TX,36-45,Female,Regular,Web
CUS00929,2024-01-12,New York,NY,18-25,Female,Regular,Mobile App
CUS00930,2026-02-02,Houston,TX,36-45,Male,Premium,Web
CUS00931,2025-09-03,Phoenix,AZ,36-45,Female,Regular,Web
CUS00932,2024-04-09,Phoenix,AZ,56+,Female,Regular,Mobile App
CUS00933,2024-01-21,Boston,MA,26-35,Female,Regular,Mobile App
CUS00934,2025-06-27,Boston,MA,26-35,Female,Regular,Mobile App
CUS00935,2025-01-15,Seattle,WA,36-45,Male,Regular,Mobile App
CUS00936,2024-04-30,Seattle,WA,56+,Male,Regular,Web
CUS00937,2025-05-14,Boston,MA,26-35,Female,Regular,Mobile App
CUS00938,2026-02-26,Dallas,TX,26-35,Female,Regular,Mobile App
CUS00939,2025-12-20,San Jose,CA,26-35,Male,Regular,Mobile App
CUS00940,2025-11-11,Houston,TX,26-35,Female,Premium,Web
CUS00941,2025-10-12,San Jose,CA,26-35,Other,New,Mobile App
CUS00942,2025-04-06,Boston,MA,56+,Male,Regular,Mobile App
CUS00943,2024-01-20,San Jose,CA,46-55,Male,Regular,Mobile App
CUS00944,2024-04-23,Boston,MA,26-35,Male,Premium,Web
CUS00945,2024-12-11,San Jose,CA,36-45,Male,New,Mobile App
CUS00946,2024-08-10,Austin,TX,46-55,Male,Regular,Web
CUS00947,2025-02-06,Philadelphia,PA,26-35,Male,Regular,Mobile App
CUS00948,2024-12-31,Chicago,IL,46-55,Male,Regular,Web
CUS00949,2025-03-20,New York,NY,46-55,Male,New,Mobile App
CUS00950,2024-06-22,Los Angeles,CA,26-35,Female,Premium,Mobile App
CUS00951,2024-12-11,Boston,MA,36-45,Male,Regular,Mobile App
CUS00952,2025-10-20,Phoenix,AZ,26-35,Male,New,Mobile App
CUS00953,2026-03-19,Seattle,WA,36-45,Male,Regular,Web
CUS00954,2025-06-19,Boston,MA,36-45,Male,Regular,Mobile App
CUS00955,2024-06-01,San Diego,CA,18-25,Male,Regular,Mobile App
CUS00956,2025-11-14,New York,NY,26-35,Male,Premium,Mobile App
CUS00957,2024-12-19,Philadelphia,PA,46-55,Female,Premium,Mobile App
CUS00958,2024-08-31,Boston,MA,26-35,Male,New,Mobile App
CUS00959,2024-03-29,San Diego,CA,36-45,Female,Regular,Mobile App
CUS00960,2024-01-17,Los Angeles,CA,26-35,Male,New,Mobile App
CUS00961,2025-11-19,Austin,TX,46-55,Female,Premium,Mobile App
CUS00962,2025-05-25,Chicago,IL,26-35,Female,Regular,Mobile App
CUS00963,2024-02-14,San Jose,CA,26-35,Male,Regular,Mobile App
CUS00964,2024-07-21,Philadelphia,PA,56+,Female,Regular,Mobile App
CUS00965,2024-07-07,New York,NY,36-45,Female,Regular,Mobile App
CUS00966,2024-11-06,Los Angeles,CA,36-45,Male,New,Mobile App
CUS00967,2025-03-16,Austin,TX,36-45,Male,Regular,Mobile App
CUS00968,2024-12-06,Seattle,WA,46-55,Male,Regular,Mobile App
CUS00969,2025-12-15,Los Angeles,CA,26-35,Male,Regular,Mobile App
CUS00970,2024-03-12,Phoenix,AZ,36-45,Female,New,Web
CUS00971,2026-03-04,Los Angeles,CA,18-25,Male,Regular,Mobile App
CUS00972,2025-10-25,Boston,MA,46-55,Male,Regular,Mobile App
CUS00973,2024-05-13,Phoenix,AZ,36-45,Male,Regular,Web
CUS00974,2024-04-11,Dallas,TX,36-45,Female,Regular,Mobile App
CUS00975,2025-08-26,Los Angeles,CA,26-35,Male,Premium,Mobile App
CUS00976,2024-08-06,New York,NY,36-45,Other,Regular,Mobile App
CUS00977,2025-03-09,Philadelphia,PA,26-35,Male,Regular,Web
CUS00978,2026-02-07,Dallas,TX,56+,Male,New,Web
CUS00979,2026-02-18,New York,NY,56+,Female,Premium,Web
CUS00980,2025-08-20,New York,NY,56+,Male,Regular,Mobile App
CUS00981,2025-11-07,Dallas,TX,26-35,Female,New,Mobile App
CUS00982,2025-10-14,Chicago,IL,26-35,Male,Regular,Mobile App
CUS00983,2025-06-03,New York,NY,36-45,Female,Regular,Mobile App
CUS00984,2024-10-05,San Diego,CA,26-35,Male,Regular,Mobile App
CUS00985,2025-08-13,Los Angeles,CA,26-35,Male,Regular,Mobile App
CUS00986,2026-01-11,Dallas,TX,36-45,Other,Regular,Mobile App
CUS00987,2024-06-15,Dallas,TX,26-35,Other,Regular,Mobile App
CUS00988,2024-05-17,Chicago,IL,46-55,Female,New,Web
CUS00989,2025-09-23,San Jose,CA,26-35,Male,Regular,Mobile App
CUS00990,2024-10-25,Dallas,TX,56+,Female,Regular,Mobile App
CUS00991,2024-09-07,Austin,TX,46-55,Female,Regular,Web
CUS00992,2025-04-06,Houston,TX,36-45,Male,Premium,Mobile App
CUS00993,2024-05-16,Chicago,IL,36-45,Male,Regular,Mobile App
CUS00994,2024-02-22,Austin,TX,46-55,Male,Regular,Web
CUS00995,2024-07-08,San Diego,CA,18-25,Female,New,Mobile App
CUS00996,2026-01-10,Seattle,WA,26-35,Male,New,Mobile App
CUS00997,2025-12-18,Dallas,TX,36-45,Female,New,Mobile App
CUS00998,2024-01-19,Houston,TX,46-55,Male,New,Mobile App
CUS00999,2025-08-28,Los Angeles,CA,36-45,Male,Premium,Mobile App
CUS01000,2025-10-05,Chicago,IL,46-55,Male,Regular,Mobile App
CUS01001,2025-07-03,San Diego,CA,46-55,Male,Premium,Mobile App
CUS01002,2025-01-24,San Jose,CA,36-45,Female,Regular,Mobile App
CUS01003,2024-10-03,Phoenix,AZ,36-45,Male,Premium,Mobile App
CUS01004,2024-09-10,Dallas,TX,36-45,Female,Regular,Mobile App
CUS01005,2025-09-29,Phoenix,AZ,46-55,Male,Regular,Mobile App
CUS01006,2025-05-09,Chicago,IL,56+,Female,Regular,Mobile App
CUS01007,2025-03-16,Los Angeles,CA,26-35,Female,Premium,Mobile App
CUS01008,2025-01-09,Phoenix,AZ,26-35,Male,Regular,Web
CUS01009,2026-03-04,Dallas,TX,56+,Male,Regular,Mobile App
CUS01010,2024-12-06,Phoenix,AZ,36-45,Female,Regular,Mobile App
CUS01011,2024-09-07,Seattle,WA,46-55,Female,New,Web
CUS01012,2024-06-07,Austin,TX,26-35,Male,Regular,Mobile App
CUS01013,2024-12-06,Chicago,IL,18-25,Female,Regular,Mobile App
CUS01014,2024-06-26,Dallas,TX,36-45,Male,Regular,Mobile App
CUS01015,2024-01-07,Dallas,TX,36-45,Female,Regular,Web
CUS01016,2024-08-08,Phoenix,AZ,36-45,Male,Regular,Mobile App
CUS01017,2025-11-17,Los Angeles,CA,56+,Female,New,Mobile App
CUS01018,2025-01-22,Philadelphia,PA,36-45,Female,Regular,Mobile App
CUS01019,2025-03-22,Dallas,TX,46-55,Female,Regular,Mobile App
CUS01020,2025-09-15,Los Angeles,CA,56+,Female,New,Web
CUS01021,2026-03-15,San Diego,CA,36-45,Male,New,Mobile App
CUS01022,2025-08-11,New York,NY,26-35,Male,Regular,Mobile App
CUS01023,2024-06-04,Phoenix,AZ,36-45,Male,New,Mobile App
CUS01024,2024-08-19,Philadelphia,PA,36-45,Female,Regular,Mobile App
CUS01025,2026-01-06,Dallas,TX,36-45,Male,New,Mobile App
CUS01026,2024-06-11,Dallas,TX,46-55,Female,New,Mobile App
CUS01027,2025-05-09,Seattle,WA,26-35,Other,New,Mobile App
CUS01028,2025-09-29,Seattle,WA,36-45,Male,Regular,Mobile App
CUS01029,2024-08-11,Dallas,TX,26-35,Female,Premium,Mobile App
CUS01030,2024-03-11,Chicago,IL,46-55,Male,New,Mobile App
CUS01031,2025-01-27,Houston,TX,26-35,Female,Premium,Mobile App
CUS01032,2024-04-04,Seattle,WA,18-25,Male,Premium,Mobile App
CUS01033,2024-08-09,Houston,TX,18-25,Female,Regular,Mobile App
CUS01034,2024-04-11,Philadelphia,PA,26-35,Female,Regular,Mobile App
CUS01035,2025-06-03,Houston,TX,36-45,Male,Regular,Mobile App
CUS01036,2024-08-17,Seattle,WA,46-55,Male,New,Mobile App
CUS01037,2025-07-06,San Diego,CA,36-45,Male,Premium,Mobile App
CUS01038,2024-07-29,New York,NY,56+,Male,New,Mobile App
CUS01039,2024-03-04,Dallas,TX,36-45,Female,New,Web
CUS01040,2025-06-01,Philadelphia,PA,18-25,Female,Regular,Mobile App
CUS01041,2026-03-18,Boston,MA,26-35,Male,Premium,Web
CUS01042,2024-07-14,New York,NY,26-35,Female,New,Mobile App
CUS01043,2024-03-01,Seattle,WA,18-25,Male,New,Mobile App
CUS01044,2025-07-03,San Diego,CA,18-25,Male,Regular,Mobile App
CUS01045,2026-03-30,Boston,MA,36-45,Female,Regular,Mobile App
CUS01046,2025-12-18,Philadelphia,PA,46-55,Male,New,Web
CUS01047,2025-12-20,Los Angeles,CA,26-35,Female,New,Web
CUS01048,2024-09-11,Dallas,TX,56+,Male,Regular,Mobile App
CUS01049,2026-03-18,New York,NY,26-35,Female,Regular,Mobile App
CUS01050,2024-07-06,Philadelphia,PA,36-45,Female,Premium,Mobile App
CUS01051,2025-09-22,Phoenix,AZ,36-45,Male,New,Web
CUS01052,2024-08-22,Los Angeles,CA,26-35,Male,Regular,Mobile App
CUS01053,2025-01-04,Los Angeles,CA,26-35,Male,Regular,Web
CUS01054,2025-04-05,Chicago,IL,26-35,Male,Regular,Mobile App
CUS01055,2025-11-17,Phoenix,AZ,26-35,Female,Regular,Mobile App
CUS01056,2025-12-14,Los Angeles,CA,26-35,Male,Regular,Mobile App
CUS01057,2025-02-11,Los Angeles,CA,26-35,Female,Regular,Mobile App
CUS01058,2026-03-28,Phoenix,AZ,26-35,Male,Premium,Mobile App
CUS01059,2025-03-16,Seattle,WA,26-35,Female,New,Mobile App
CUS01060,2024-06-04,Austin,TX,26-35,Male,Premium,Mobile App
CUS01061,2025-04-22,Philadelphia,PA,18-25,Male,Regular,Mobile App
CUS01062,2026-02-09,Seattle,WA,18-25,Female,New,Mobile App
CUS01063,2024-08-13,Dallas,TX,36-45,Male,Regular,Mobile App
CUS01064,2024-01-02,San Jose,CA,26-35,Male,Regular,Mobile App
CUS01065,2024-02-10,Dallas,TX,26-35,Female,Regular,Mobile App
CUS01066,2024-04-04,New York,NY,18-25,Female,Premium,Mobile App
CUS01067,2025-03-21,Los Angeles,CA,36-45,Female,Regular,Mobile App
CUS01068,2024-03-18,Boston,MA,46-55,Female,Premium,Mobile App
CUS01069,2026-02-16,Dallas,TX,26-35,Female,Regular,Mobile App
CUS01070,2024-02-13,Austin,TX,26-35,Male,Regular,Mobile App
CUS01071,2025-05-18,San Diego,CA,46-55,Female,Premium,Mobile App
CUS01072,2026-03-19,Philadelphia,PA,26-35,Female,Regular,Web
CUS01073,2024-06-20,San Diego,CA,26-35,Female,Regular,Mobile App
CUS01074,2025-12-05,Boston,MA,36-45,Female,Regular,Mobile App
CUS01075,2026-03-09,Chicago,IL,36-45,Female,Premium,Mobile App
CUS01076,2024-12-06,Chicago,IL,26-35,Male,Regular,Web
CUS01077,2025-06-24,Austin,TX,26-35,Female,New,Mobile App
CUS01078,2025-07-17,San Jose,CA,18-25,Female,Regular,Mobile App
CUS01079,2025-09-07,New York,NY,26-35,Male,Regular,Mobile App
CUS01080,2025-12-20,Dallas,TX,36-45,Male,Regular,Mobile App
CUS01081,2024-11-23,New York,NY,26-35,Male,Regular,Mobile App
CUS01082,2026-03-23,Houston,TX,18-25,Female,Regular,Web
CUS01083,2025-08-14,Philadelphia,PA,36-45,Male,Regular,Mobile App
CUS01084,2024-06-21,Los Angeles,CA,26-35,Female,Premium,Mobile App
CUS01085,2025-08-04,Philadelphia,PA,18-25,Female,Regular,Mobile App
CUS01086,2024-05-25,San Diego,CA,56+,Female,Regular,Web
CUS01087,2025-10-15,Austin,TX,46-55,Other,Regular,Mobile App
CUS01088,2025-01-27,Seattle,WA,36-45,Female,Regular,Mobile App
CUS01089,2025-01-10,Houston,TX,18-25,Female,Regular,Mobile App
CUS01090,2024-03-16,Phoenix,AZ,36-45,Female,Regular,Mobile App
CUS01091,2025-11-01,Chicago,IL,18-25,Male,New,Mobile App
CUS01092,2025-04-26,Chicago,IL,36-45,Female,Premium,Mobile App
CUS01093,2025-11-26,Seattle,WA,26-35,Female,Regular,Mobile App
CUS01094,2024-02-06,San Diego,CA,46-55,Female,Premium,Mobile App
CUS01095,2025-12-28,Phoenix,AZ,36-45,Female,Regular,Web
CUS01096,2024-04-15,Dallas,TX,46-55,Male,New,Mobile App
CUS01097,2025-05-26,Houston,TX,26-35,Female,New,Web
CUS01098,2025-10-28,Dallas,TX,46-55,Male,Regular,Mobile App
CUS01099,2025-05-16,Philadelphia,PA,36-45,Male,Regular,Mobile App
CUS01100,2025-05-07,Boston,MA,36-45,Male,Regular,Mobile App
CUS01101,2026-03-09,Los Angeles,CA,18-25,Female,Regular,Mobile App
CUS01102,2026-01-05,Boston,MA,26-35,Other,New,Web
CUS01103,2025-01-16,Philadelphia,PA,26-35,Female,Regular,Web
CUS01104,2026-02-19,San Diego,CA,18-25,Male,Premium,Mobile App
CUS01105,2025-01-03,Chicago,IL,26-35,Female,Premium,Mobile App
CUS01106,2024-03-22,Chicago,IL,26-35,Male,Regular,Mobile App
CUS01107,2025-01-08,Houston,TX,56+,Male,Regular,Mobile App
CUS01108,2025-08-29,Boston,MA,26-35,Female,Regular,Mobile App
CUS01109,2025-07-25,San Diego,CA,46-55,Male,Regular,Mobile App
CUS01110,2024-03-01,Los Angeles,CA,26-35,Male,Regular,Mobile App
CUS01111,2025-04-05,Boston,MA,18-25,Female,Regular,Mobile App
CUS01112,2026-03-07,Dallas,TX,26-35,Male,New,Mobile App
CUS01113,2024-07-10,Dallas,TX,26-35,Female,Regular,Mobile App
CUS01114,2024-12-03,Dallas,TX,46-55,Male,Premium,Mobile App
CUS01115,2024-01-26,Boston,MA,26-35,Female,New,Web
CUS01116,2024-05-21,Dallas,TX,26-35,Female,Regular,Mobile App
CUS01117,2025-02-18,Houston,TX,36-45,Female,Regular,Mobile App
CUS01118,2025-05-18,Austin,TX,56+,Male,Regular,Mobile App
CUS01119,2024-05-12,Philadelphia,PA,46-55,Other,New,Web
CUS01120,2024-10-24,Seattle,WA,36-45,Female,Regular,Mobile App
CUS01121,2025-06-19,Boston,MA,26-35,Other,Regular,Web
CUS01122,2024-11-29,San Diego,CA,36-45,Male,Regular,Mobile App
CUS01123,2024-01-23,Boston,MA,36-45,Male,Regular,Web
CUS01124,2025-09-17,Dallas,TX,26-35,Male,Regular,Web
CUS01125,2024-11-20,San Diego,CA,26-35,Female,Regular,Mobile App
CUS01126,2025-11-13,New York,NY,36-45,Female,Premium,Mobile App
CUS01127,2025-10-13,San Diego,CA,26-35,Female,Regular,Web
CUS01128,2024-09-11,Dallas,TX,36-45,Female,Regular,Web
CUS01129,2025-06-05,Phoenix,AZ,36-45,Male,Regular,Mobile App
CUS01130,2026-01-20,San Diego,CA,26-35,Male,Premium,Mobile App
CUS01131,2026-01-03,Phoenix,AZ,26-35,Female,Premium,Mobile App
CUS01132,2025-04-17,San Diego,CA,46-55,Female,Regular,Mobile App
CUS01133,2025-05-08,Los Angeles,CA,18-25,Female,Premium,Mobile App
CUS01134,2025-01-29,Dallas,TX,36-45,Female,Regular,Mobile App
CUS01135,2025-05-01,Los Angeles,CA,26-35,Female,Regular,Mobile App
CUS01136,2025-06-19,Chicago,IL,36-45,Male,New,Mobile App
CUS01137,2024-11-28,Chicago,IL,26-35,Male,Regular,Mobile App
CUS01138,2026-03-03,Austin,TX,46-55,Male,Regular,Mobile App
CUS01139,2025-02-03,San Diego,CA,26-35,Male,Regular,Web
CUS01140,2025-08-22,Dallas,TX,26-35,Male,Premium,Mobile App
CUS01141,2024-05-19,Seattle,WA,46-55,Male,Regular,Mobile App
CUS01142,2024-03-27,San Jose,CA,36-45,Other,Regular,Web
CUS01143,2025-10-18,Los Angeles,CA,18-25,Female,Regular,Mobile App
CUS01144,2024-08-14,Boston,MA,18-25,Male,Premium,Web
CUS01145,2024-01-29,Phoenix,AZ,56+,Female,New,Mobile App
CUS01146,2024-05-14,Houston,TX,26-35,Male,New,Mobile App
CUS01147,2024-01-17,Phoenix,AZ,18-25,Female,Regular,Mobile App
CUS01148,2024-09-03,Houston,TX,18-25,Female,Premium,Mobile App
CUS01149,2024-05-23,Austin,TX,36-45,Other,Regular,Mobile App
CUS01150,2026-03-03,New York,NY,36-45,Female,New,Mobile App
CUS01151,2025-03-20,Phoenix,AZ,26-35,Male,Premium,Mobile App
CUS01152,2024-05-07,San Diego,CA,36-45,Female,Premium,Mobile App
CUS01153,2024-06-16,Los Angeles,CA,18-25,Male,Regular,Mobile App
CUS01154,2025-03-07,Chicago,IL,26-35,Female,Regular,Mobile App
CUS01155,2025-08-09,Houston,TX,26-35,Male,Regular,Mobile App
CUS01156,2024-04-27,Phoenix,AZ,46-55,Male,Regular,Mobile App
CUS01157,2025-06-16,San Diego,CA,36-45,Female,Regular,Mobile App
CUS01158,2025-06-09,San Jose,CA,46-55,Male,New,Mobile App
CUS01159,2024-01-19,Phoenix,AZ,36-45,Female,Regular,Mobile App
CUS01160,2025-02-05,Houston,TX,46-55,Male,Regular,Mobile App
CUS01161,2026-03-18,Los Angeles,CA,26-35,Female,Regular,Mobile App
CUS01162,2025-10-26,Boston,MA,26-35,Male,Regular,Mobile App
CUS01163,2025-06-18,Dallas,TX,36-45,Female,Regular,Mobile App
CUS01164,2024-01-29,Dallas,TX,46-55,Male,Regular,Mobile App
CUS01165,2025-06-28,Phoenix,AZ,36-45,Male,Regular,Web
CUS01166,2025-12-24,San Diego,CA,26-35,Female,New,Mobile App
CUS01167,2024-07-30,New York,NY,36-45,Female,Regular,Web
CUS01168,2025-06-16,San Diego,CA,18-25,Female,Regular,Mobile App
CUS01169,2025-02-24,New York,NY,26-35,Female,Regular,Mobile App
CUS01170,2025-04-30,San Diego,CA,46-55,Female,Regular,Mobile App
CUS01171,2024-05-03,Chicago,IL,26-35,Female,Regular,Mobile App
CUS01172,2026-03-16,Los Angeles,CA,36-45,Male,Regular,Mobile App
CUS01173,2025-10-26,New York,NY,36-45,Male,Regular,Mobile App
CUS01174,2025-11-07,San Diego,CA,36-45,Male,Regular,Mobile App
CUS01175,2024-05-09,Chicago,IL,18-25,Female,Premium,Mobile App
CUS01176,2026-03-27,Philadelphia,PA,36-45,Male,New,Web
CUS01177,2024-09-14,Seattle,WA,56+,Female,Regular,Mobile App
CUS01178,2026-01-02,Austin,TX,26-35,Female,Premium,Mobile App
CUS01179,2025-09-09,San Diego,CA,18-25,Other,Premium,Web
CUS01180,2025-04-11,Dallas,TX,18-25,Female,Regular,Mobile App
CUS01181,2025-01-17,Austin,TX,26-35,Male,Premium,Mobile App
CUS01182,2025-10-10,Chicago,IL,26-35,Male,New,Mobile App
CUS01183,2025-08-08,Seattle,WA,46-55,Male,Regular,Web
CUS01184,2025-04-13,San Jose,CA,26-35,Female,Premium,Mobile App
CUS01185,2024-07-08,New York,NY,36-45,Female,Regular,Mobile App
CUS01186,2026-03-29,San Jose,CA,36-45,Male,Regular,Mobile App
CUS01187,2024-05-07,Chicago,IL,18-25,Female,New,Mobile App
CUS01188,2026-01-10,Seattle,WA,26-35,Female,Regular,Mobile App
CUS01189,2024-03-11,San Diego,CA,26-35,Female,Regular,Mobile App
CUS01190,2025-05-27,Houston,TX,36-45,Male,Premium,Mobile App
CUS01191,2024-07-22,Los Angeles,CA,36-45,Male,Regular,Mobile App
CUS01192,2025-12-26,Los Angeles,CA,36-45,Female,Premium,Mobile App
CUS01193,2026-03-25,San Jose,CA,56+,Male,Regular,Mobile App
CUS01194,2024-03-27,San Diego,CA,18-25,Female,Regular,Web
CUS01195,2025-12-25,Dallas,TX,26-35,Female,Regular,Web
CUS01196,2025-05-08,Chicago,IL,36-45,Female,Regular,Web
CUS01197,2025-09-07,Philadelphia,PA,36-45,Female,Regular,Mobile App
CUS01198,2025-04-25,Phoenix,AZ,26-35,Male,Premium,Mobile App
CUS01199,2025-01-11,New York,NY,46-55,Male,Regular,Mobile App
CUS01200,2025-11-01,Austin,TX,26-35,Female,Regular,Mobile App
CUS01201,2025-12-06,Philadelphia,PA,26-35,Female,New,Mobile App
CUS01202,2025-06-18,Dallas,TX,26-35,Female,Regular,Mobile App
CUS01203,2026-03-26,Austin,TX,18-25,Male,Regular,Mobile App
CUS01204,2025-06-09,Chicago,IL,36-45,Female,Regular,Web
CUS01205,2025-11-16,Philadelphia,PA,56+,Male,Regular,Mobile App
CUS01206,2025-09-29,Dallas,TX,26-35,Male,Regular,Mobile App
CUS01207,2024-12-30,Dallas,TX,26-35,Other,Regular,Web
CUS01208,2024-10-28,San Diego,CA,36-45,Female,Premium,Mobile App
CUS01209,2025-08-22,Dallas,TX,26-35,Female,New,Mobile App
CUS01210,2024-03-05,San Jose,CA,26-35,Other,Regular,Mobile App
CUS01211,2025-05-09,Austin,TX,26-35,Male,Regular,Mobile App
CUS01212,2025-07-21,Dallas,TX,56+,Female,New,Mobile App
CUS01213,2024-05-28,Austin,TX,26-35,Male,New,Mobile App
CUS01214,2024-11-28,New York,NY,26-35,Female,Regular,Mobile App
CUS01215,2024-11-05,New York,NY,26-35,Male,Premium,Mobile App
CUS01216,2026-01-31,San Diego,CA,36-45,Male,New,Web
CUS01217,2024-05-17,San Diego,CA,36-45,Female,New,Mobile App
CUS01218,2025-04-21,San Diego,CA,56+,Female,Regular,Mobile App
CUS01219,2025-03-01,Seattle,WA,18-25,Female,New,Mobile App
CUS01220,2024-02-20,New York,NY,26-35,Female,New,Mobile App
CUS01221,2026-02-05,Boston,MA,26-35,Male,Premium,Mobile App
CUS01222,2025-03-12,Houston,TX,36-45,Female,Regular,Mobile App
CUS01223,2024-03-21,San Diego,CA,18-25,Female,Regular,Web
CUS01224,2024-02-22,Houston,TX,26-35,Male,Premium,Mobile App
CUS01225,2025-02-23,Houston,TX,56+,Female,Regular,Mobile App
CUS01226,2025-03-08,Phoenix,AZ,36-45,Female,Premium,Mobile App
CUS01227,2025-04-16,San Diego,CA,46-55,Female,Regular,Mobile App
CUS01228,2025-01-04,Dallas,TX,18-25,Female,Regular,Mobile App
CUS01229,2024-06-18,Philadelphia,PA,26-35,Female,Regular,Mobile App
CUS01230,2025-10-11,San Jose,CA,26-35,Other,Regular,Mobile App
CUS01231,2024-02-18,Austin,TX,36-45,Male,New,Web
CUS01232,2025-12-26,Philadelphia,PA,46-55,Female,New,Web
CUS01233,2025-11-11,Los Angeles,CA,18-25,Female,Regular,Web
CUS01234,2025-05-10,San Jose,CA,36-45,Male,Premium,Mobile App
CUS01235,2024-05-16,Phoenix,AZ,56+,Male,New,Mobile App
CUS01236,2024-09-26,Phoenix,AZ,56+,Female,Premium,Web
CUS01237,2025-12-27,San Jose,CA,18-25,Male,Premium,Mobile App
CUS01238,2024-08-05,Austin,TX,46-55,Female,Premium,Mobile App
CUS01239,2025-09-21,Chicago,IL,36-45,Female,Regular,Web
CUS01240,2026-01-15,San Jose,CA,46-55,Male,Premium,Mobile App
CUS01241,2025-08-08,Houston,TX,46-55,Male,Premium,Mobile App
CUS01242,2024-05-09,San Diego,CA,46-55,Female,Regular,Mobile App
CUS01243,2026-03-12,Los Angeles,CA,46-55,Female,Regular,Mobile App
CUS01244,2025-10-05,Boston,MA,36-45,Male,Premium,Web
CUS01245,2024-11-10,Seattle,WA,36-45,Female,New,Mobile App
CUS01246,2025-12-13,Seattle,WA,26-35,Female,Regular,Mobile App
CUS01247,2024-07-03,Austin,TX,36-45,Female,New,Mobile App
CUS01248,2025-04-18,San Jose,CA,26-35,Female,Regular,Mobile App
CUS01249,2025-08-05,Austin,TX,36-45,Male,New,Mobile App
CUS01250,2024-03-28,Los Angeles,CA,26-35,Female,Regular,Mobile App
CUS01251,2025-06-02,Philadelphia,PA,18-25,Male,Premium,Mobile App
CUS01252,2025-03-02,Dallas,TX,18-25,Other,Regular,Mobile App
CUS01253,2024-04-24,Los Angeles,CA,36-45,Female,Premium,Mobile App
CUS01254,2025-09-19,Chicago,IL,36-45,Male,New,Mobile App
CUS01255,2026-02-24,San Jose,CA,18-25,Male,Regular,Mobile App
CUS01256,2024-08-08,New York,NY,46-55,Other,Premium,Mobile App
CUS01257,2025-02-22,Austin,TX,18-25,Female,Regular,Mobile App
CUS01258,2024-12-07,Austin,TX,46-55,Male,Regular,Mobile App
CUS01259,2026-02-13,San Diego,CA,46-55,Female,Regular,Mobile App
CUS01260,2025-02-11,San Jose,CA,46-55,Female,Premium,Mobile App
CUS01261,2025-10-03,Seattle,WA,18-25,Male,Premium,Mobile App
CUS01262,2026-01-08,Houston,TX,36-45,Male,New,Mobile App
CUS01263,2024-09-16,Seattle,WA,26-35,Male,Premium,Mobile App
CUS01264,2025-11-06,Dallas,TX,26-35,Male,Premium,Mobile App
CUS01265,2024-06-07,Seattle,WA,36-45,Male,Regular,Mobile App
CUS01266,2024-09-04,Seattle,WA,46-55,Male,Premium,Web
CUS01267,2025-03-10,Los Angeles,CA,56+,Male,Premium,Mobile App
CUS01268,2024-06-20,Austin,TX,56+,Female,Regular,Mobile App
CUS01269,2024-03-20,Los Angeles,CA,26-35,Male,New,Mobile App
CUS01270,2024-04-17,San Diego,CA,36-45,Female,Premium,Web
CUS01271,2025-10-28,Boston,MA,26-35,Female,Regular,Web
CUS01272,2025-05-12,Austin,TX,26-35,Female,Premium,Mobile App
CUS01273,2025-03-28,San Diego,CA,56+,Female,New,Mobile App
CUS01274,2024-08-20,San Jose,CA,36-45,Male,Regular,Mobile App
CUS01275,2025-05-04,Phoenix,AZ,36-45,Male,Premium,Mobile App
CUS01276,2024-07-12,Los Angeles,CA,56+,Male,Regular,Mobile App
CUS01277,2025-10-15,Boston,MA,26-35,Male,Regular,Web
CUS01278,2024-05-09,Phoenix,AZ,56+,Female,Regular,Mobile App
CUS01279,2026-02-01,Dallas,TX,46-55,Other,New,Mobile App
CUS01280,2024-08-30,Seattle,WA,56+,Female,New,Mobile App
CUS01281,2024-07-08,Seattle,WA,36-45,Female,New,Mobile App
CUS01282,2024-06-06,New York,NY,18-25,Male,Regular,Web
CUS01283,2024-07-29,San Jose,CA,18-25,Female,Regular,Mobile App
CUS01284,2024-03-09,Austin,TX,36-45,Female,Premium,Mobile App
CUS01285,2025-11-15,Houston,TX,56+,Female,New,Mobile App
CUS01286,2026-01-25,Chicago,IL,26-35,Male,New,Mobile App
CUS01287,2025-01-03,Los Angeles,CA,18-25,Male,New,Mobile App
CUS01288,2024-07-03,San Diego,CA,56+,Female,Regular,Web
CUS01289,2024-09-04,San Jose,CA,46-55,Male,Regular,Mobile App
CUS01290,2024-10-09,Dallas,TX,36-45,Female,Regular,Mobile App
CUS01291,2026-01-26,Phoenix,AZ,36-45,Male,Regular,Mobile App
CUS01292,2024-08-28,New York,NY,26-35,Female,Regular,Web
CUS01293,2024-08-18,Houston,TX,56+,Male,Premium,Mobile App
CUS01294,2026-02-18,Houston,TX,46-55,Female,Regular,Mobile App
CUS01295,2025-07-27,San Jose,CA,46-55,Female,Premium,Web
CUS01296,2024-09-30,Phoenix,AZ,36-45,Female,Regular,Web
CUS01297,2025-01-13,Dallas,TX,46-55,Female,Regular,Mobile App
CUS01298,2025-08-01,San Diego,CA,18-25,Female,Regular,Mobile App
CUS01299,2026-03-31,Philadelphia,PA,26-35,Male,New,Mobile App
CUS01300,2024-10-21,San Diego,CA,18-25,Female,New,Mobile App
CUS01301,2025-03-11,Chicago,IL,26-35,Male,Premium,Mobile App
CUS01302,2026-01-28,Austin,TX,36-45,Female,Regular,Web
CUS01303,2024-03-22,Phoenix,AZ,26-35,Male,New,Mobile App
CUS01304,2024-07-26,Dallas,TX,26-35,Female,Premium,Mobile App
CUS01305,2026-02-12,Phoenix,AZ,26-35,Male,New,Mobile App
CUS01306,2024-09-05,Los Angeles,CA,26-35,Male,Regular,Mobile App
CUS01307,2026-03-04,Austin,TX,26-35,Female,Regular,Web
CUS01308,2025-04-27,San Diego,CA,26-35,Female,New,Mobile App
CUS01309,2025-05-09,Boston,MA,26-35,Female,Regular,Web
CUS01310,2026-01-24,Seattle,WA,26-35,Female,Premium,Mobile App
CUS01311,2024-11-16,Philadelphia,PA,26-35,Male,New,Mobile App
CUS01312,2025-02-03,Dallas,TX,26-35,Female,Premium,Mobile App
CUS01313,2025-02-09,Chicago,IL,18-25,Male,Premium,Mobile App
CUS01314,2025-08-25,Phoenix,AZ,26-35,Male,Regular,Web
CUS01315,2024-06-21,San Jose,CA,56+,Female,Regular,Mobile App
CUS01316,2025-01-30,Chicago,IL,26-35,Female,Regular,Mobile App
CUS01317,2024-10-07,New York,NY,46-55,Male,New,Web
CUS01318,2026-03-19,Los Angeles,CA,26-35,Female,New,Mobile App
CUS01319,2024-05-27,Austin,TX,46-55,Male,Premium,Mobile App
CUS01320,2024-08-15,Philadelphia,PA,46-55,Female,Regular,Mobile App
CUS01321,2024-07-09,Chicago,IL,36-45,Male,Regular,Mobile App
CUS01322,2025-10-26,Seattle,WA,46-55,Male,New,Mobile App
CUS01323,2025-04-12,San Jose,CA,26-35,Male,Regular,Mobile App
CUS01324,2024-07-10,Chicago,IL,56+,Male,Regular,Mobile App
CUS01325,2025-08-18,New York,NY,56+,Male,New,Mobile App
CUS01326,2024-04-04,Los Angeles,CA,26-35,Male,Regular,Mobile App
CUS01327,2024-05-22,Dallas,TX,26-35,Male,Regular,Web
CUS01328,2025-08-29,Los Angeles,CA,46-55,Female,Regular,Mobile App
CUS01329,2026-02-21,Austin,TX,26-35,Female,Premium,Mobile App
CUS01330,2025-05-31,New York,NY,36-45,Male,Premium,Mobile App
CUS01331,2025-10-04,Dallas,TX,26-35,Female,Regular,Mobile App
CUS01332,2024-04-18,San Diego,CA,36-45,Female,Regular,Mobile App
CUS01333,2025-06-25,Dallas,TX,56+,Male,Regular,Mobile App
CUS01334,2026-02-16,Houston,TX,46-55,Male,Regular,Mobile App
CUS01335,2024-05-02,Seattle,WA,36-45,Male,New,Mobile App
CUS01336,2025-01-28,Los Angeles,CA,26-35,Other,New,Mobile App
CUS01337,2024-03-29,Houston,TX,26-35,Male,Regular,Web
CUS01338,2024-05-24,San Diego,CA,26-35,Female,Regular,Mobile App
CUS01339,2024-11-06,San Diego,CA,56+,Female,Premium,Mobile App
CUS01340,2024-01-09,Dallas,TX,18-25,Male,Regular,Mobile App
CUS01341,2024-10-25,Chicago,IL,56+,Male,New,Mobile App
CUS01342,2026-01-14,Phoenix,AZ,26-35,Male,Regular,Mobile App
CUS01343,2025-03-25,Los Angeles,CA,56+,Male,Regular,Mobile App
CUS01344,2025-12-23,San Jose,CA,46-55,Female,Regular,Web
CUS01345,2025-12-05,Phoenix,AZ,36-45,Female,Premium,Mobile App
CUS01346,2024-04-20,Austin,TX,26-35,Male,New,Web
CUS01347,2024-06-03,Los Angeles,CA,36-45,Female,Regular,Mobile App
CUS01348,2025-03-07,Seattle,WA,18-25,Male,Regular,Web
CUS01349,2025-10-08,Houston,TX,26-35,Female,New,Web
CUS01350,2024-11-10,Boston,MA,56+,Male,Regular,Mobile App
CUS01351,2026-03-18,Chicago,IL,18-25,Female,Premium,Mobile App
CUS01352,2025-04-23,Houston,TX,36-45,Male,Regular,Mobile App
CUS01353,2026-02-28,Houston,TX,36-45,Female,Regular,Web
CUS01354,2025-05-31,San Diego,CA,26-35,Male,New,Web
CUS01355,2024-05-10,Boston,MA,46-55,Male,Premium,Web
CUS01356,2025-01-20,Los Angeles,CA,56+,Female,Premium,Web
CUS01357,2025-07-04,New York,NY,26-35,Male,Regular,Mobile App
CUS01358,2025-12-18,Austin,TX,26-35,Female,New,Mobile App
CUS01359,2025-10-19,Austin,TX,18-25,Female,Regular,Mobile App
CUS01360,2025-08-14,Houston,TX,46-55,Female,Regular,Mobile App
CUS01361,2024-03-16,Seattle,WA,36-45,Female,Regular,Mobile App
CUS01362,2024-11-10,San Diego,CA,18-25,Female,New,Mobile App
CUS01363,2025-02-02,Austin,TX,36-45,Male,Regular,Mobile App
CUS01364,2025-03-15,Philadelphia,PA,18-25,Female,Regular,Mobile App
CUS01365,2024-06-28,Phoenix,AZ,18-25,Female,Premium,Web
CUS01366,2024-09-23,Houston,TX,46-55,Female,New,Web
CUS01367,2024-09-07,Chicago,IL,26-35,Female,Regular,Mobile App
CUS01368,2024-11-26,San Jose,CA,36-45,Female,Premium,Web
CUS01369,2024-01-16,Philadelphia,PA,36-45,Male,Premium,Web
CUS01370,2026-03-11,Los Angeles,CA,46-55,Other,Regular,Mobile App
CUS01371,2026-02-10,Los Angeles,CA,18-25,Male,Premium,Web
CUS01372,2024-12-14,Houston,TX,36-45,Male,New,Web
CUS01373,2025-04-22,Austin,TX,36-45,Male,Regular,Mobile App
CUS01374,2025-09-15,San Jose,CA,26-35,Male,New,Mobile App
CUS01375,2026-02-28,New York,NY,36-45,Male,Regular,Mobile App
CUS01376,2025-03-21,Los Angeles,CA,26-35,Male,Regular,Mobile App
CUS01377,2025-03-11,Seattle,WA,18-25,Male,Regular,Mobile App
CUS01378,2025-07-01,Chicago,IL,26-35,Male,Regular,Mobile App
CUS01379,2024-03-25,Seattle,WA,36-45,Male,Regular,Mobile App
CUS01380,2024-03-05,Boston,MA,18-25,Male,Regular,Mobile App
CUS01381,2024-03-05,New York,NY,18-25,Male,Regular,Mobile App
CUS01382,2025-08-20,San Diego,CA,18-25,Male,Premium,Web
CUS01383,2025-05-01,Phoenix,AZ,18-25,Female,Regular,Web
CUS01384,2025-05-05,San Diego,CA,26-35,Female,New,Mobile App
CUS01385,2024-01-31,Austin,TX,26-35,Male,Premium,Mobile App
CUS01386,2024-02-10,San Diego,CA,26-35,Male,New,Mobile App
CUS01387,2024-06-18,San Diego,CA,18-25,Female,New,Mobile App
CUS01388,2025-07-19,Dallas,TX,46-55,Other,New,Web
CUS01389,2024-02-02,Houston,TX,18-25,Female,Regular,Mobile App
CUS01390,2025-09-06,Philadelphia,PA,46-55,Male,Regular,Mobile App
CUS01391,2024-05-30,Los Angeles,CA,36-45,Female,Regular,Mobile App
CUS01392,2024-09-04,Houston,TX,18-25,Female,Regular,Mobile App
CUS01393,2025-12-21,Houston,TX,26-35,Female,Regular,Mobile App
CUS01394,2024-01-07,Dallas,TX,26-35,Female,Regular,Web
CUS01395,2024-04-26,San Jose,CA,56+,Female,Premium,Mobile App
CUS01396,2025-04-05,Seattle,WA,18-25,Female,Premium,Web
CUS01397,2025-06-28,Dallas,TX,36-45,Male,Regular,Web
CUS01398,2025-06-12,Austin,TX,26-35,Female,Premium,Mobile App
CUS01399,2025-10-25,Phoenix,AZ,56+,Female,New,Mobile App
CUS01400,2025-11-19,Houston,TX,26-35,Female,Regular,Web
CUS01401,2025-07-14,Seattle,WA,46-55,Female,Regular,Mobile App
CUS01402,2026-01-28,Chicago,IL,18-25,Male,Premium,Mobile App
CUS01403,2024-06-17,Phoenix,AZ,46-55,Female,Regular,Mobile App
CUS01404,2025-07-25,Los Angeles,CA,36-45,Female,Premium,Mobile App
CUS01405,2024-05-25,Philadelphia,PA,18-25,Male,New,Mobile App
CUS01406,2025-12-17,New York,NY,56+,Male,New,Mobile App
CUS01407,2024-12-22,Phoenix,AZ,26-35,Male,Premium,Web
CUS01408,2025-09-09,San Diego,CA,26-35,Female,Regular,Mobile App
CUS01409,2025-05-11,Chicago,IL,26-35,Male,Regular,Mobile App
CUS01410,2024-02-17,Philadelphia,PA,26-35,Male,Regular,Web
CUS01411,2024-12-30,Los Angeles,CA,26-35,Female,Regular,Mobile App
CUS01412,2025-08-06,New York,NY,36-45,Female,New,Mobile App
CUS01413,2024-04-07,Austin,TX,26-35,Female,Premium,Mobile App
CUS01414,2024-05-05,San Diego,CA,46-55,Female,Regular,Web
CUS01415,2025-07-05,Los Angeles,CA,18-25,Female,Regular,Mobile App
CUS01416,2025-04-07,Philadelphia,PA,18-25,Male,Regular,Mobile App
CUS01417,2025-02-18,Chicago,IL,56+,Female,New,Web
CUS01418,2025-01-20,Los Angeles,CA,56+,Female,New,Mobile App
CUS01419,2025-08-04,Los Angeles,CA,36-45,Female,Regular,Mobile App
CUS01420,2025-09-26,New York,NY,56+,Female,Premium,Mobile App
CUS01421,2024-11-18,Los Angeles,CA,56+,Male,Regular,Mobile App
CUS01422,2025-09-12,Philadelphia,PA,56+,Male,Regular,Web
CUS01423,2025-09-27,New York,NY,46-55,Male,Regular,Mobile App
CUS01424,2025-08-13,Philadelphia,PA,26-35,Female,Regular,Web
CUS01425,2024-12-12,Austin,TX,26-35,Female,New,Mobile App
CUS01426,2026-01-06,Seattle,WA,36-45,Male,Regular,Mobile App
CUS01427,2025-08-18,Austin,TX,18-25,Female,New,Web
CUS01428,2024-11-21,San Diego,CA,26-35,Female,Regular,Mobile App
CUS01429,2025-09-03,Philadelphia,PA,56+,Male,New,Web
CUS01430,2025-05-16,San Diego,CA,36-45,Female,Premium,Mobile App
CUS01431,2026-01-05,Phoenix,AZ,46-55,Female,New,Web
CUS01432,2025-01-17,Houston,TX,46-55,Female,Regular,Mobile App
CUS01433,2025-10-29,New York,NY,36-45,Male,Premium,Web
CUS01434,2026-03-12,Seattle,WA,36-45,Male,Regular,Mobile App
CUS01435,2025-01-22,Philadelphia,PA,56+,Female,Regular,Mobile App
CUS01436,2024-10-08,Seattle,WA,18-25,Male,New,Web
CUS01437,2025-07-02,Chicago,IL,26-35,Female,Regular,Mobile App
CUS01438,2024-12-01,Houston,TX,46-55,Male,Regular,Web
CUS01439,2024-12-11,Seattle,WA,46-55,Male,Regular,Mobile App
CUS01440,2025-12-16,New York,NY,36-45,Female,Premium,Web
CUS01441,2026-02-04,New York,NY,26-35,Female,New,Mobile App
CUS01442,2025-08-07,Boston,MA,36-45,Male,New,Mobile App
CUS01443,2024-08-10,New York,NY,46-55,Other,Regular,Mobile App
CUS01444,2026-03-19,Houston,TX,26-35,Female,Regular,Web
CUS01445,2025-10-18,Los Angeles,CA,46-55,Male,Regular,Mobile App
CUS01446,2026-03-11,Chicago,IL,26-35,Male,Regular,Mobile App
CUS01447,2024-02-04,Houston,TX,46-55,Female,Regular,Web
CUS01448,2025-07-20,Los Angeles,CA,36-45,Female,Regular,Web
CUS01449,2025-06-18,Austin,TX,26-35,Female,Premium,Mobile App
CUS01450,2024-03-09,Philadelphia,PA,18-25,Female,Regular,Web
CUS01451,2025-03-05,Chicago,IL,36-45,Other,Regular,Mobile App
CUS01452,2025-10-05,Houston,TX,26-35,Male,New,Web
CUS01453,2024-06-27,Dallas,TX,26-35,Female,Premium,Mobile App
CUS01454,2025-10-03,Chicago,IL,36-45,Male,New,Mobile App
CUS01455,2025-04-11,Los Angeles,CA,36-45,Male,Regular,Web
CUS01456,2026-01-04,San Diego,CA,36-45,Male,Regular,Mobile App
CUS01457,2026-03-26,Houston,TX,46-55,Female,Premium,Mobile App
CUS01458,2025-09-26,Boston,MA,46-55,Female,Regular,Mobile App
CUS01459,2025-02-27,Seattle,WA,26-35,Male,Premium,Mobile App
CUS01460,2025-11-15,Houston,TX,26-35,Other,Regular,Mobile App
CUS01461,2024-12-20,Phoenix,AZ,26-35,Female,Regular,Web
CUS01462,2024-06-25,Dallas,TX,36-45,Male,Regular,Mobile App
CUS01463,2025-11-02,New York,NY,26-35,Male,New,Web
CUS01464,2024-08-14,Phoenix,AZ,36-45,Male,Regular,Mobile App
CUS01465,2024-08-14,Dallas,TX,46-55,Male,Premium,Mobile App
CUS01466,2025-09-02,Chicago,IL,46-55,Male,New,Mobile App
CUS01467,2024-11-20,Houston,TX,36-45,Female,Regular,Web
CUS01468,2025-02-12,Seattle,WA,36-45,Other,Regular,Mobile App
CUS01469,2024-12-31,Los Angeles,CA,46-55,Male,Regular,Mobile App
CUS01470,2024-03-09,Houston,TX,46-55,Female,Regular,Mobile App
CUS01471,2025-09-15,Philadelphia,PA,26-35,Female,Premium,Web
CUS01472,2024-03-18,Boston,MA,26-35,Male,Regular,Mobile App
CUS01473,2026-01-30,Dallas,TX,26-35,Female,Regular,Mobile App
CUS01474,2024-03-23,New York,NY,36-45,Female,Regular,Mobile App
CUS01475,2025-08-16,Phoenix,AZ,26-35,Male,New,Mobile App
CUS01476,2024-02-23,New York,NY,26-35,Female,Regular,Mobile App
CUS01477,2025-06-17,Chicago,IL,46-55,Male,Regular,Mobile App
CUS01478,2024-10-16,San Diego,CA,26-35,Male,Regular,Mobile App
CUS01479,2024-06-01,Austin,TX,26-35,Female,New,Web
CUS01480,2025-09-06,Houston,TX,26-35,Female,New,Mobile App
CUS01481,2024-03-10,New York,NY,18-25,Female,Regular,Web
CUS01482,2024-01-10,Dallas,TX,46-55,Male,Premium,Web
CUS01483,2024-06-19,Boston,MA,26-35,Male,Regular,Mobile App
CUS01484,2024-12-09,Chicago,IL,46-55,Male,Premium,Mobile App
CUS01485,2025-08-26,Boston,MA,46-55,Male,Premium,Mobile App
CUS01486,2025-06-07,Houston,TX,36-45,Male,New,Mobile App
CUS01487,2024-05-13,Chicago,IL,36-45,Female,Regular,Mobile App
CUS01488,2025-12-04,Chicago,IL,26-35,Female,New,Mobile App
CUS01489,2025-10-22,Austin,TX,26-35,Female,Regular,Mobile App
CUS01490,2024-05-14,Houston,TX,36-45,Female,New,Web
CUS01491,2024-06-27,Austin,TX,18-25,Male,Regular,Web
CUS01492,2025-09-01,Boston,MA,36-45,Male,Regular,Mobile App
CUS01493,2026-01-16,San Diego,CA,36-45,Female,New,Mobile App
CUS01494,2024-09-28,Phoenix,AZ,26-35,Male,Premium,Mobile App
CUS01495,2024-02-13,Boston,MA,26-35,Female,Regular,Mobile App
CUS01496,2025-10-11,San Jose,CA,18-25,Female,Regular,Mobile App
CUS01497,2024-01-14,Seattle,WA,18-25,Female,Regular,Mobile App
CUS01498,2025-03-30,Chicago,IL,36-45,Male,New,Mobile App
CUS01499,2025-07-15,Boston,MA,26-35,Female,Premium,Mobile App
CUS01500,2024-08-20,San Jose,CA,56+,Female,Regular,Mobile App
CUS01501,2024-12-27,San Diego,CA,36-45,Female,New,Mobile App
CUS01502,2024-09-25,Chicago,IL,36-45,Female,New,Mobile App
CUS01503,2025-12-22,Dallas,TX,26-35,Female,Regular,Mobile App
CUS01504,2025-09-23,Houston,TX,26-35,Female,New,Mobile App
CUS01505,2024-12-21,Austin,TX,26-35,Female,Regular,Web
CUS01506,2025-11-22,Boston,MA,56+,Male,Regular,Web
CUS01507,2024-09-24,San Jose,CA,26-35,Male,Regular,Mobile App
CUS01508,2025-05-01,San Jose,CA,56+,Female,Premium,Mobile App
CUS01509,2025-01-18,Boston,MA,36-45,Female,Regular,Mobile App
CUS01510,2026-01-09,Seattle,WA,26-35,Female,Regular,Mobile App
CUS01511,2025-10-27,Austin,TX,56+,Male,Regular,Mobile App
CUS01512,2025-11-14,Houston,TX,18-25,Male,New,Mobile App
CUS01513,2024-12-19,Phoenix,AZ,36-45,Female,Regular,Mobile App
CUS01514,2025-06-15,New York,NY,26-35,Female,New,Mobile App
CUS01515,2025-07-30,Dallas,TX,18-25,Female,Regular,Web
CUS01516,2026-01-04,Dallas,TX,18-25,Female,New,Mobile App
CUS01517,2024-08-24,Dallas,TX,18-25,Female,Regular,Mobile App
CUS01518,2024-04-04,New York,NY,26-35,Female,Premium,Mobile App
CUS01519,2024-03-18,San Diego,CA,26-35,Male,New,Mobile App
CUS01520,2025-11-18,Austin,TX,36-45,Female,Regular,Mobile App
CUS01521,2024-11-26,Chicago,IL,26-35,Male,Regular,Mobile App
CUS01522,2024-04-08,Austin,TX,46-55,Female,Regular,Web
CUS01523,2025-05-03,Houston,TX,46-55,Female,Regular,Mobile App
CUS01524,2025-10-19,Austin,TX,46-55,Male,New,Mobile App
CUS01525,2025-06-07,Phoenix,AZ,26-35,Male,Regular,Web
CUS01526,2025-09-04,Boston,MA,36-45,Male,Regular,Mobile App
CUS01527,2025-06-27,San Jose,CA,46-55,Other,New,Mobile App
CUS01528,2024-02-24,San Jose,CA,18-25,Female,Regular,Mobile App
CUS01529,2024-09-24,San Jose,CA,46-55,Female,Regular,Mobile App
CUS01530,2026-01-18,Houston,TX,46-55,Female,Regular,Mobile App
CUS01531,2025-01-06,Dallas,TX,18-25,Female,Regular,Mobile App
CUS01532,2024-04-23,Dallas,TX,18-25,Male,Premium,Web
CUS01533,2025-01-15,San Jose,CA,18-25,Female,Premium,Mobile App
CUS01534,2026-02-21,Austin,TX,26-35,Male,New,Mobile App
CUS01535,2024-07-12,Chicago,IL,46-55,Female,Regular,Mobile App
CUS01536,2025-01-19,Boston,MA,36-45,Male,Premium,Mobile App
CUS01537,2026-02-14,Seattle,WA,46-55,Male,Regular,Web
CUS01538,2026-01-12,Seattle,WA,36-45,Female,New,Web
CUS01539,2025-04-27,Austin,TX,36-45,Male,Regular,Mobile App
CUS01540,2024-09-04,Phoenix,AZ,36-45,Female,New,Mobile App
CUS01541,2025-05-04,San Diego,CA,56+,Male,Premium,Mobile App
CUS01542,2025-12-21,Seattle,WA,36-45,Female,New,Mobile App
CUS01543,2025-10-02,Austin,TX,36-45,Female,New,Mobile App
CUS01544,2026-02-05,San Diego,CA,18-25,Female,Regular,Mobile App
CUS01545,2025-07-28,San Jose,CA,18-25,Female,Regular,Mobile App
CUS01546,2026-03-19,San Diego,CA,26-35,Male,Premium,Mobile App
CUS01547,2026-02-17,Seattle,WA,26-35,Other,Regular,Mobile App
CUS01548,2024-02-24,San Jose,CA,56+,Female,New,Mobile App
CUS01549,2024-09-19,San Diego,CA,36-45,Female,Regular,Mobile App
CUS01550,2026-01-16,Seattle,WA,18-25,Female,Regular,Mobile App
CUS01551,2024-06-14,Houston,TX,26-35,Male,Premium,Mobile App
CUS01552,2024-09-19,Austin,TX,26-35,Female,Regular,Mobile App
CUS01553,2026-02-09,Houston,TX,46-55,Female,Regular,Mobile App
CUS01554,2025-10-03,Los Angeles,CA,26-35,Male,Regular,Mobile App
CUS01555,2024-08-11,Phoenix,AZ,26-35,Male,Premium,Web
CUS01556,2024-03-14,Seattle,WA,26-35,Female,Premium,Mobile App
CUS01557,2025-10-13,Chicago,IL,18-25,Male,Regular,Mobile App
CUS01558,2025-07-10,Austin,TX,18-25,Male,Regular,Mobile App
CUS01559,2026-02-13,Philadelphia,PA,26-35,Female,Regular,Web
CUS01560,2024-06-07,San Jose,CA,56+,Female,Premium,Mobile App
CUS01561,2025-01-11,New York,NY,26-35,Female,New,Mobile App
CUS01562,2024-11-02,Chicago,IL,26-35,Female,Regular,Mobile App
CUS01563,2025-07-22,Phoenix,AZ,26-35,Male,Regular,Mobile App
CUS01564,2024-04-04,Chicago,IL,56+,Male,New,Mobile App
CUS01565,2025-02-23,New York,NY,26-35,Female,Regular,Mobile App
CUS01566,2024-02-17,Boston,MA,26-35,Female,Regular,Mobile App
CUS01567,2025-04-05,New York,NY,46-55,Male,Regular,Mobile App
CUS01568,2026-02-12,Dallas,TX,18-25,Male,Regular,Mobile App
CUS01569,2024-03-22,Dallas,TX,56+,Female,Regular,Mobile App
CUS01570,2025-10-20,Seattle,WA,26-35,Female,New,Mobile App
CUS01571,2024-12-19,New York,NY,46-55,Female,New,Mobile App
CUS01572,2025-06-14,Chicago,IL,46-55,Male,New,Web
CUS01573,2024-02-03,Dallas,TX,46-55,Male,New,Mobile App
CUS01574,2025-12-15,Philadelphia,PA,26-35,Male,Regular,Web
CUS01575,2025-01-02,Los Angeles,CA,46-55,Male,Premium,Mobile App
CUS01576,2024-05-26,New York,NY,46-55,Male,Premium,Mobile App
CUS01577,2024-06-03,Philadelphia,PA,26-35,Female,Premium,Mobile App
CUS01578,2025-10-13,Philadelphia,PA,26-35,Female,Regular,Mobile App
CUS01579,2025-10-13,Philadelphia,PA,18-25,Male,Regular,Mobile App
CUS01580,2025-06-16,New York,NY,36-45,Female,New,Mobile App
CUS01581,2024-04-13,Phoenix,AZ,26-35,Female,Regular,Mobile App
CUS01582,2025-11-21,Los Angeles,CA,56+,Male,Regular,Mobile App
CUS01583,2025-02-05,Boston,MA,36-45,Female,Regular,Mobile App
CUS01584,2024-10-25,Phoenix,AZ,56+,Female,New,Web
CUS01585,2026-03-05,San Jose,CA,26-35,Male,Regular,Mobile App
CUS01586,2024-01-29,Dallas,TX,36-45,Female,New,Mobile App
CUS01587,2024-12-17,Phoenix,AZ,26-35,Male,Regular,Mobile App
CUS01588,2026-01-02,Boston,MA,26-35,Male,Regular,Web
CUS01589,2024-12-29,Dallas,TX,36-45,Male,New,Web
CUS01590,2024-02-09,New York,NY,36-45,Female,Regular,Mobile App
CUS01591,2024-04-10,San Jose,CA,26-35,Female,Premium,Mobile App
CUS01592,2024-11-25,Houston,TX,36-45,Male,Regular,Web
CUS01593,2024-12-10,Austin,TX,46-55,Male,Regular,Mobile App
CUS01594,2025-10-21,Los Angeles,CA,36-45,Female,Regular,Mobile App
CUS01595,2026-03-10,Boston,MA,36-45,Female,Premium,Web
CUS01596,2024-06-21,San Diego,CA,26-35,Male,Regular,Web
CUS01597,2025-08-13,Chicago,IL,36-45,Female,Regular,Web
CUS01598,2025-02-09,Los Angeles,CA,26-35,Female,Regular,Web
CUS01599,2025-07-01,New York,NY,26-35,Male,New,Web
CUS01600,2024-11-02,Philadelphia,PA,26-35,Female,Premium,Web
CUS01601,2024-02-06,Houston,TX,46-55,Other,Regular,Mobile App
CUS01602,2024-12-01,Austin,TX,18-25,Female,Premium,Mobile App
CUS01603,2025-04-19,Boston,MA,26-35,Female,Premium,Web
CUS01604,2025-09-13,Houston,TX,26-35,Male,Premium,Web
CUS01605,2024-02-22,Philadelphia,PA,56+,Female,Regular,Web
CUS01606,2024-04-08,New York,NY,46-55,Male,Regular,Mobile App
CUS01607,2025-07-19,Chicago,IL,26-35,Male,Regular,Mobile App
CUS01608,2024-09-30,Seattle,WA,36-45,Male,New,Mobile App
CUS01609,2024-01-06,Austin,TX,46-55,Male,Regular,Mobile App
CUS01610,2024-09-10,Houston,TX,46-55,Male,Regular,Mobile App
CUS01611,2024-10-15,Houston,TX,18-25,Male,Premium,Mobile App
CUS01612,2024-01-17,San Jose,CA,26-35,Female,Regular,Mobile App
CUS01613,2025-06-18,Boston,MA,26-35,Male,Regular,Mobile App
CUS01614,2025-09-09,Austin,TX,36-45,Female,Regular,Web
CUS01615,2024-10-06,Los Angeles,CA,46-55,Female,Regular,Mobile App
CUS01616,2026-01-27,Los Angeles,CA,56+,Female,Premium,Web
CUS01617,2024-07-20,Boston,MA,46-55,Male,Regular,Mobile App
CUS01618,2024-07-11,Chicago,IL,26-35,Male,Premium,Mobile App
CUS01619,2024-09-23,Los Angeles,CA,36-45,Male,Regular,Mobile App
CUS01620,2024-08-30,New York,NY,56+,Male,New,Mobile App
CUS01621,2024-04-20,Boston,MA,36-45,Male,New,Mobile App
CUS01622,2025-05-19,New York,NY,36-45,Female,New,Mobile App
CUS01623,2025-01-07,Houston,TX,36-45,Male,New,Mobile App
CUS01624,2024-09-23,Phoenix,AZ,26-35,Female,Premium,Mobile App
CUS01625,2024-08-19,Chicago,IL,36-45,Male,Premium,Mobile App
CUS01626,2024-01-09,Austin,TX,26-35,Male,New,Mobile App
CUS01627,2024-04-26,Boston,MA,26-35,Male,Regular,Mobile App
CUS01628,2025-12-24,Phoenix,AZ,56+,Female,Premium,Mobile App
CUS01629,2024-07-19,Boston,MA,26-35,Male,Regular,Mobile App
CUS01630,2024-07-07,San Diego,CA,36-45,Male,Premium,Mobile App
CUS01631,2024-12-30,Seattle,WA,36-45,Female,Premium,Mobile App
CUS01632,2025-02-10,Los Angeles,CA,18-25,Female,Regular,Mobile App
CUS01633,2024-03-19,New York,NY,26-35,Male,Premium,Web
CUS01634,2025-01-07,San Jose,CA,26-35,Female,Premium,Mobile App
CUS01635,2025-05-05,Houston,TX,36-45,Female,Premium,Mobile App
CUS01636,2025-04-03,Seattle,WA,36-45,Female,Regular,Mobile App
CUS01637,2025-12-02,Philadelphia,PA,36-45,Female,Regular,Mobile App
CUS01638,2025-03-23,Austin,TX,56+,Male,Regular,Web
CUS01639,2026-03-25,New York,NY,26-35,Female,Regular,Web
CUS01640,2025-01-08,Los Angeles,CA,26-35,Male,Regular,Mobile App
CUS01641,2025-04-28,Houston,TX,26-35,Female,Regular,Mobile App
CUS01642,2025-09-24,Dallas,TX,26-35,Male,Regular,Web
CUS01643,2025-07-31,Los Angeles,CA,18-25,Male,Premium,Mobile App
CUS01644,2024-09-26,Chicago,IL,46-55,Male,Regular,Mobile App
CUS01645,2024-01-24,Austin,TX,46-55,Female,Regular,Mobile App
CUS01646,2025-08-19,Phoenix,AZ,36-45,Other,Regular,Mobile App
CUS01647,2026-03-23,Dallas,TX,18-25,Female,Regular,Web
CUS01648,2025-06-09,Dallas,TX,26-35,Male,Premium,Mobile App
CUS01649,2024-11-11,Los Angeles,CA,46-55,Female,New,Mobile App
CUS01650,2024-07-11,Houston,TX,26-35,Male,Premium,Mobile App
CUS01651,2025-04-30,Chicago,IL,56+,Male,New,Mobile App
CUS01652,2026-01-01,Philadelphia,PA,36-45,Female,Premium,Mobile App
CUS01653,2024-10-31,San Jose,CA,36-45,Male,Regular,Mobile App
CUS01654,2024-01-24,Houston,TX,26-35,Female,Premium,Web
CUS01655,2024-12-05,Houston,TX,56+,Male,Premium,Mobile App
CUS01656,2026-01-08,Seattle,WA,18-25,Female,New,Mobile App
CUS01657,2025-11-04,Phoenix,AZ,18-25,Female,New,Mobile App
CUS01658,2025-11-21,Boston,MA,46-55,Female,Regular,Mobile App
CUS01659,2024-09-03,Houston,TX,46-55,Female,Regular,Mobile App
CUS01660,2026-03-25,New York,NY,18-25,Female,Premium,Web
CUS01661,2025-06-16,Phoenix,AZ,26-35,Female,Regular,Web
CUS01662,2024-05-15,Chicago,IL,36-45,Male,Premium,Mobile App
CUS01663,2024-07-08,San Jose,CA,36-45,Male,Regular,Mobile App
CUS01664,2025-06-15,Philadelphia,PA,26-35,Female,Premium,Mobile App
CUS01665,2024-08-07,Austin,TX,46-55,Female,Regular,Mobile App
CUS01666,2025-09-29,Dallas,TX,26-35,Male,Regular,Mobile App
CUS01667,2024-06-19,Austin,TX,46-55,Male,Regular,Mobile App
CUS01668,2025-02-18,Houston,TX,46-55,Male,New,Mobile App
CUS01669,2024-01-25,Phoenix,AZ,36-45,Female,Regular,Mobile App
CUS01670,2024-05-26,Houston,TX,26-35,Male,Premium,Web
CUS01671,2024-08-27,Chicago,IL,56+,Male,Regular,Mobile App
CUS01672,2025-03-08,Austin,TX,36-45,Male,New,Mobile App
CUS01673,2024-01-23,New York,NY,18-25,Male,Regular,Web
CUS01674,2024-09-24,New York,NY,26-35,Male,Regular,Web
CUS01675,2024-11-26,Phoenix,AZ,26-35,Male,Regular,Web
CUS01676,2024-05-21,New York,NY,26-35,Male,Regular,Web
CUS01677,2025-01-26,Seattle,WA,18-25,Male,New,Web
CUS01678,2026-01-23,Phoenix,AZ,36-45,Male,Regular,Mobile App
CUS01679,2025-10-21,New York,NY,18-25,Male,Premium,Mobile App
CUS01680,2024-02-15,Austin,TX,36-45,Female,Regular,Mobile App
CUS01681,2025-02-08,New York,NY,26-35,Female,New,Mobile App
CUS01682,2024-10-31,New York,NY,36-45,Male,Regular,Mobile App
CUS01683,2024-08-09,New York,NY,26-35,Female,New,Web
CUS01684,2024-04-17,Boston,MA,46-55,Male,Regular,Web
CUS01685,2026-03-26,Seattle,WA,26-35,Other,Regular,Web
CUS01686,2025-02-24,Austin,TX,18-25,Female,Regular,Mobile App
CUS01687,2024-03-05,Houston,TX,18-25,Male,Regular,Mobile App
CUS01688,2024-11-14,Houston,TX,46-55,Male,Regular,Web
CUS01689,2024-08-11,Chicago,IL,36-45,Male,Regular,Mobile App
CUS01690,2024-07-08,Houston,TX,18-25,Male,Regular,Mobile App
CUS01691,2026-02-06,Houston,TX,46-55,Female,Regular,Mobile App
CUS01692,2024-06-01,Houston,TX,18-25,Male,Premium,Web
CUS01693,2024-09-10,Philadelphia,PA,46-55,Male,Regular,Mobile App
CUS01694,2025-06-18,San Diego,CA,36-45,Male,Premium,Web
CUS01695,2024-02-26,Phoenix,AZ,18-25,Female,Regular,Mobile App
CUS01696,2024-11-09,San Jose,CA,56+,Other,Regular,Web
CUS01697,2026-01-14,New York,NY,36-45,Male,Regular,Mobile App
CUS01698,2025-10-10,Chicago,IL,56+,Female,Regular,Mobile App
CUS01699,2024-12-09,Boston,MA,46-55,Female,Regular,Mobile App
CUS01700,2024-10-06,Phoenix,AZ,36-45,Female,New,Web
CUS01701,2025-03-28,New York,NY,26-35,Male,Premium,Web
CUS01702,2025-09-12,Austin,TX,26-35,Male,New,Mobile App
CUS01703,2025-12-23,Boston,MA,26-35,Female,Regular,Web
CUS01704,2024-06-03,Phoenix,AZ,36-45,Male,Regular,Web
CUS01705,2024-12-06,Houston,TX,26-35,Male,New,Mobile App
CUS01706,2026-03-31,Austin,TX,26-35,Male,Premium,Mobile App
CUS01707,2025-01-18,Houston,TX,56+,Male,New,Web
CUS01708,2024-05-04,Seattle,WA,56+,Female,Premium,Mobile App
CUS01709,2024-04-24,Boston,MA,26-35,Female,Regular,Mobile App
CUS01710,2025-06-24,San Jose,CA,46-55,Female,Regular,Web
CUS01711,2024-01-15,Los Angeles,CA,26-35,Male,Regular,Mobile App
CUS01712,2024-08-01,Seattle,WA,26-35,Female,Premium,Web
CUS01713,2024-07-16,Houston,TX,18-25,Female,Regular,Mobile App
CUS01714,2025-09-18,New York,NY,26-35,Female,Regular,Mobile App
CUS01715,2024-01-07,San Diego,CA,56+,Male,Premium,Mobile App
CUS01716,2025-08-16,San Diego,CA,18-25,Female,Regular,Mobile App
CUS01717,2024-07-14,Boston,MA,36-45,Female,Regular,Mobile App
CUS01718,2024-04-22,Philadelphia,PA,46-55,Female,Regular,Mobile App
CUS01719,2026-01-23,Seattle,WA,26-35,Female,Regular,Mobile App
CUS01720,2025-09-18,Houston,TX,26-35,Male,New,Mobile App
CUS01721,2024-10-13,Dallas,TX,26-35,Female,Premium,Web
CUS01722,2024-10-27,Philadelphia,PA,26-35,Female,Regular,Web
CUS01723,2024-12-04,San Jose,CA,36-45,Female,Premium,Web
CUS01724,2026-03-06,San Diego,CA,46-55,Male,New,Web
CUS01725,2025-10-15,Los Angeles,CA,26-35,Female,Regular,Mobile App
CUS01726,2024-02-15,Austin,TX,36-45,Female,New,Mobile App
CUS01727,2024-08-01,Los Angeles,CA,18-25,Male,Regular,Mobile App
CUS01728,2025-03-23,Austin,TX,36-45,Male,Regular,Mobile App
CUS01729,2025-07-26,Los Angeles,CA,18-25,Male,Regular,Mobile App
CUS01730,2025-06-23,New York,NY,46-55,Male,Premium,Mobile App
CUS01731,2025-06-25,Houston,TX,56+,Male,Regular,Mobile App
CUS01732,2024-12-21,Seattle,WA,36-45,Male,New,Web
CUS01733,2025-04-07,Phoenix,AZ,56+,Female,New,Mobile App
CUS01734,2024-10-09,Austin,TX,46-55,Male,New,Mobile App
CUS01735,2024-03-28,Austin,TX,26-35,Male,New,Mobile App
CUS01736,2024-10-17,Phoenix,AZ,26-35,Female,Premium,Mobile App
CUS01737,2025-04-20,San Diego,CA,26-35,Male,Premium,Web
CUS01738,2024-09-18,Chicago,IL,26-35,Male,Premium,Web
CUS01739,2024-10-23,Boston,MA,36-45,Female,Regular,Mobile App
CUS01740,2024-10-08,Austin,TX,36-45,Female,New,Mobile App
CUS01741,2025-12-24,Seattle,WA,56+,Female,Regular,Mobile App
CUS01742,2025-06-13,Houston,TX,36-45,Male,Regular,Mobile App
CUS01743,2024-07-13,Los Angeles,CA,36-45,Male,New,Mobile App
CUS01744,2026-01-04,New York,NY,26-35,Female,Premium,Mobile App
CUS01745,2025-08-16,Phoenix,AZ,18-25,Male,Regular,Web
CUS01746,2024-12-17,San Diego,CA,26-35,Female,Regular,Mobile App
CUS01747,2025-08-12,Chicago,IL,26-35,Female,Regular,Mobile App
CUS01748,2024-01-11,Houston,TX,18-25,Female,Regular,Mobile App
CUS01749,2026-01-24,Boston,MA,36-45,Female,Regular,Web
CUS01750,2024-10-09,Los Angeles,CA,46-55,Female,New,Web
CUS01751,2025-12-21,Phoenix,AZ,36-45,Male,Regular,Web
CUS01752,2025-10-04,Los Angeles,CA,26-35,Male,Premium,Mobile App
CUS01753,2025-01-13,Los Angeles,CA,26-35,Female,Premium,Web
CUS01754,2025-06-17,New York,NY,36-45,Female,Regular,Mobile App
CUS01755,2025-10-01,Boston,MA,46-55,Male,Premium,Mobile App
CUS01756,2025-07-18,Dallas,TX,26-35,Female,New,Mobile App
CUS01757,2024-04-13,Houston,TX,46-55,Female,New,Web
CUS01758,2024-01-11,Seattle,WA,26-35,Male,Premium,Mobile App
CUS01759,2025-11-21,Austin,TX,26-35,Male,Regular,Mobile App
CUS01760,2026-02-03,San Diego,CA,18-25,Male,Premium,Web
CUS01761,2024-10-07,Philadelphia,PA,56+,Male,Premium,Mobile App
CUS01762,2025-11-23,Los Angeles,CA,36-45,Female,New,Mobile App
CUS01763,2025-06-06,New York,NY,46-55,Male,Regular,Mobile App
CUS01764,2025-11-01,Dallas,TX,26-35,Female,Regular,Mobile App
CUS01765,2025-10-13,San Diego,CA,18-25,Female,Regular,Web
CUS01766,2024-05-30,Austin,TX,36-45,Female,Regular,Web
CUS01767,2024-04-29,San Jose,CA,26-35,Female,Regular,Mobile App
CUS01768,2025-01-17,Austin,TX,18-25,Female,Regular,Web
CUS01769,2025-04-14,Seattle,WA,36-45,Female,Regular,Mobile App
CUS01770,2025-05-03,San Diego,CA,26-35,Male,Regular,Web
CUS01771,2025-10-26,Dallas,TX,36-45,Female,Premium,Mobile App
CUS01772,2024-09-22,San Diego,CA,18-25,Female,Regular,Mobile App
CUS01773,2024-01-20,Dallas,TX,36-45,Female,Premium,Mobile App
CUS01774,2025-08-19,Los Angeles,CA,26-35,Male,Regular,Mobile App
CUS01775,2025-08-14,Austin,TX,46-55,Female,Regular,Mobile App
CUS01776,2024-04-24,San Jose,CA,26-35,Male,Regular,Mobile App
CUS01777,2024-07-30,Chicago,IL,36-45,Female,Regular,Web
CUS01778,2025-07-28,Phoenix,AZ,36-45,Male,Regular,Mobile App
CUS01779,2024-04-25,San Jose,CA,26-35,Female,Regular,Mobile App
CUS01780,2024-05-22,Houston,TX,18-25,Female,Premium,Mobile App
CUS01781,2024-12-01,Phoenix,AZ,46-55,Female,Regular,Mobile App
CUS01782,2025-04-06,Los Angeles,CA,56+,Male,Regular,Web
CUS01783,2025-02-11,Phoenix,AZ,46-55,Male,New,Web
CUS01784,2024-03-16,Seattle,WA,36-45,Female,Regular,Mobile App
CUS01785,2025-03-30,Phoenix,AZ,18-25,Male,Regular,Mobile App
CUS01786,2025-07-09,Seattle,WA,18-25,Female,New,Web
CUS01787,2024-07-10,Dallas,TX,56+,Female,Regular,Mobile App
CUS01788,2025-05-05,Phoenix,AZ,46-55,Female,Regular,Mobile App
CUS01789,2024-02-18,New York,NY,26-35,Female,Regular,Web
CUS01790,2024-10-05,Philadelphia,PA,46-55,Male,New,Mobile App
CUS01791,2025-05-15,Austin,TX,36-45,Female,Regular,Web
CUS01792,2024-09-11,Phoenix,AZ,56+,Male,Regular,Mobile App
CUS01793,2024-10-22,Austin,TX,18-25,Female,Premium,Mobile App
CUS01794,2025-08-30,Austin,TX,36-45,Male,Regular,Web
CUS01795,2025-10-31,Chicago,IL,36-45,Female,Regular,Mobile App
CUS01796,2024-08-19,Houston,TX,46-55,Female,New,Mobile App
CUS01797,2024-03-30,Dallas,TX,26-35,Female,Regular,Mobile App
CUS01798,2024-09-26,Phoenix,AZ,46-55,Male,Premium,Mobile App
CUS01799,2025-03-01,Seattle,WA,56+,Male,Regular,Mobile App
CUS01800,2025-08-15,Phoenix,AZ,18-25,Male,Regular,Mobile App
CUS01801,2024-10-13,Los Angeles,CA,46-55,Female,Premium,Web
CUS01802,2025-10-08,Philadelphia,PA,26-35,Male,Regular,Mobile App
CUS01803,2024-01-26,Seattle,WA,26-35,Male,Regular,Web
CUS01804,2024-09-24,Los Angeles,CA,18-25,Female,New,Mobile App
CUS01805,2025-11-25,Austin,TX,26-35,Male,New,Mobile App
CUS01806,2024-06-03,Chicago,IL,36-45,Male,Regular,Mobile App
CUS01807,2025-05-05,Phoenix,AZ,46-55,Male,Premium,Mobile App
CUS01808,2025-04-15,Houston,TX,56+,Male,Regular,Mobile App
CUS01809,2026-02-07,New York,NY,46-55,Male,Regular,Web
CUS01810,2024-08-28,Dallas,TX,26-35,Male,New,Web
CUS01811,2026-01-24,Boston,MA,46-55,Female,Premium,Mobile App
CUS01812,2024-01-30,Chicago,IL,18-25,Female,Regular,Mobile App
CUS01813,2025-09-28,San Jose,CA,56+,Female,Regular,Web
CUS01814,2024-05-13,Phoenix,AZ,56+,Female,Regular,Mobile App
CUS01815,2024-02-21,Austin,TX,56+,Female,Regular,Mobile App
CUS01816,2025-06-23,Chicago,IL,26-35,Female,New,Mobile App
CUS01817,2024-10-03,New York,NY,26-35,Male,Regular,Mobile App
CUS01818,2024-07-16,San Diego,CA,18-25,Female,Premium,Web
CUS01819,2024-12-01,Austin,TX,18-25,Female,New,Mobile App
CUS01820,2024-08-01,Austin,TX,26-35,Female,New,Mobile App
CUS01821,2026-01-07,Chicago,IL,46-55,Female,Regular,Mobile App
CUS01822,2025-08-29,Chicago,IL,46-55,Female,Premium,Web
CUS01823,2025-07-25,Phoenix,AZ,26-35,Male,New,Mobile App
CUS01824,2025-11-19,San Diego,CA,26-35,Female,Regular,Mobile App
CUS01825,2025-06-26,San Jose,CA,46-55,Male,Regular,Mobile App
CUS01826,2026-02-18,Chicago,IL,46-55,Female,Regular,Mobile App
CUS01827,2025-05-14,Philadelphia,PA,36-45,Female,Premium,Mobile App
CUS01828,2025-11-16,Dallas,TX,26-35,Female,Premium,Mobile App
CUS01829,2025-02-27,Los Angeles,CA,26-35,Male,Regular,Mobile App
CUS01830,2024-02-21,New York,NY,36-45,Male,Regular,Mobile App
CUS01831,2024-08-02,San Jose,CA,46-55,Male,Regular,Mobile App
CUS01832,2026-01-06,Seattle,WA,18-25,Female,Regular,Mobile App
CUS01833,2025-08-07,San Jose,CA,46-55,Female,New,Mobile App
CUS01834,2024-06-01,Dallas,TX,26-35,Female,Premium,Web
CUS01835,2025-10-12,Austin,TX,56+,Female,Regular,Mobile App
CUS01836,2024-04-10,Philadelphia,PA,26-35,Female,Regular,Web
CUS01837,2024-08-04,Philadelphia,PA,18-25,Female,New,Web
CUS01838,2025-04-21,Phoenix,AZ,56+,Male,Regular,Mobile App
CUS01839,2025-06-06,Dallas,TX,26-35,Female,New,Web
CUS01840,2024-05-26,San Jose,CA,46-55,Female,Regular,Mobile App
CUS01841,2024-07-24,Austin,TX,26-35,Female,Regular,Mobile App
CUS01842,2025-05-28,Los Angeles,CA,26-35,Male,Regular,Mobile App
CUS01843,2024-09-06,New York,NY,26-35,Male,Regular,Mobile App
CUS01844,2024-07-16,Boston,MA,46-55,Male,New,Mobile App
CUS01845,2024-04-25,San Diego,CA,36-45,Female,Premium,Mobile App
CUS01846,2024-02-06,Seattle,WA,18-25,Female,Premium,Mobile App
CUS01847,2025-09-30,New York,NY,18-25,Other,Regular,Mobile App
CUS01848,2025-02-23,Dallas,TX,18-25,Male,Premium,Web
CUS01849,2025-10-20,Dallas,TX,26-35,Female,Regular,Mobile App
CUS01850,2024-06-11,Chicago,IL,46-55,Male,Regular,Mobile App
CUS01851,2025-05-07,Houston,TX,26-35,Female,Regular,Mobile App
CUS01852,2025-09-12,Chicago,IL,18-25,Male,New,Mobile App
CUS01853,2025-04-23,Los Angeles,CA,26-35,Male,Regular,Web
CUS01854,2025-03-05,Houston,TX,56+,Other,Premium,Mobile App
CUS01855,2025-06-28,Phoenix,AZ,36-45,Female,New,Mobile App
CUS01856,2024-12-12,Chicago,IL,26-35,Other,Regular,Mobile App
CUS01857,2024-05-14,San Jose,CA,18-25,Male,Regular,Mobile App
CUS01858,2025-11-13,Chicago,IL,18-25,Other,Regular,Web
CUS01859,2024-10-12,Dallas,TX,26-35,Female,Premium,Mobile App
CUS01860,2024-07-26,Houston,TX,26-35,Female,New,Mobile App
CUS01861,2025-09-23,Boston,MA,36-45,Male,Premium,Mobile App
CUS01862,2025-12-31,Phoenix,AZ,18-25,Female,Premium,Web
CUS01863,2026-01-18,New York,NY,26-35,Female,New,Mobile App
CUS01864,2025-05-11,New York,NY,26-35,Male,Regular,Web
CUS01865,2026-03-18,Austin,TX,36-45,Male,Regular,Web
CUS01866,2024-04-02,New York,NY,46-55,Female,Regular,Mobile App
CUS01867,2025-08-03,Phoenix,AZ,18-25,Male,New,Mobile App
CUS01868,2024-08-15,Chicago,IL,46-55,Female,Regular,Mobile App
CUS01869,2026-03-24,Dallas,TX,46-55,Male,Regular,Mobile App
CUS01870,2024-03-24,Houston,TX,36-45,Male,New,Mobile App
CUS01871,2025-10-26,San Jose,CA,26-35,Male,Regular,Mobile App
CUS01872,2025-01-12,Dallas,TX,18-25,Male,Regular,Mobile App
CUS01873,2024-02-13,Boston,MA,18-25,Other,Regular,Mobile App
CUS01874,2024-04-04,San Diego,CA,18-25,Female,Regular,Web
CUS01875,2024-12-23,Boston,MA,18-25,Female,Premium,Mobile App
CUS01876,2024-06-23,Chicago,IL,18-25,Female,Regular,Mobile App
CUS01877,2024-02-29,Austin,TX,36-45,Male,Regular,Web
CUS01878,2025-08-18,Houston,TX,26-35,Male,Regular,Mobile App
CUS01879,2025-01-13,Austin,TX,26-35,Female,Regular,Mobile App
CUS01880,2024-02-25,Philadelphia,PA,46-55,Female,New,Mobile App
CUS01881,2025-10-28,Chicago,IL,46-55,Female,Regular,Mobile App
CUS01882,2025-01-19,Philadelphia,PA,26-35,Female,Premium,Mobile App
CUS01883,2025-10-22,Philadelphia,PA,36-45,Male,Premium,Mobile App
CUS01884,2024-09-04,Austin,TX,46-55,Female,Regular,Mobile App
CUS01885,2024-08-19,San Jose,CA,26-35,Male,Premium,Mobile App
CUS01886,2024-03-13,New York,NY,26-35,Female,New,Mobile App
CUS01887,2025-12-09,New York,NY,26-35,Female,Regular,Mobile App
CUS01888,2025-07-29,San Diego,CA,46-55,Female,Regular,Mobile App
CUS01889,2024-11-11,Chicago,IL,36-45,Female,Regular,Mobile App
CUS01890,2024-06-07,Boston,MA,56+,Male,Premium,Mobile App
CUS01891,2025-04-08,Boston,MA,26-35,Female,Premium,Mobile App
CUS01892,2024-02-07,Phoenix,AZ,46-55,Female,New,Mobile App
CUS01893,2024-04-19,San Diego,CA,36-45,Male,Regular,Mobile App
CUS01894,2025-06-16,Boston,MA,36-45,Male,Premium,Mobile App
CUS01895,2024-05-31,Boston,MA,46-55,Female,Regular,Web
CUS01896,2024-10-08,San Jose,CA,56+,Female,Premium,Mobile App
CUS01897,2025-01-23,San Diego,CA,26-35,Male,Regular,Mobile App
CUS01898,2024-09-01,Los Angeles,CA,26-35,Female,Premium,Mobile App
CUS01899,2024-01-16,Los Angeles,CA,26-35,Female,New,Mobile App
CUS01900,2025-11-19,New York,NY,46-55,Male,Regular,Mobile App
CUS01901,2024-07-27,Austin,TX,56+,Male,Premium,Mobile App
CUS01902,2024-10-06,Houston,TX,18-25,Female,Regular,Mobile App
CUS01903,2025-02-19,San Diego,CA,46-55,Male,New,Mobile App
CUS01904,2024-10-22,Phoenix,AZ,46-55,Female,Regular,Mobile App
CUS01905,2024-02-03,Seattle,WA,46-55,Male,Regular,Mobile App
CUS01906,2025-02-17,San Jose,CA,26-35,Male,Premium,Mobile App
CUS01907,2025-12-24,Dallas,TX,18-25,Male,Regular,Mobile App
CUS01908,2025-04-15,Seattle,WA,26-35,Male,Regular,Mobile App
CUS01909,2025-08-02,Houston,TX,18-25,Male,Regular,Mobile App
CUS01910,2026-01-10,Chicago,IL,18-25,Other,Premium,Mobile App
CUS01911,2024-10-15,Chicago,IL,26-35,Female,New,Mobile App
CUS01912,2024-06-15,San Jose,CA,18-25,Male,New,Web
CUS01913,2024-03-13,Los Angeles,CA,26-35,Male,Regular,Web
CUS01914,2024-04-29,Houston,TX,46-55,Female,Regular,Mobile App
CUS01915,2024-04-13,San Jose,CA,36-45,Female,Regular,Mobile App
CUS01916,2025-08-17,New York,NY,36-45,Other,Regular,Mobile App
CUS01917,2026-01-02,Austin,TX,26-35,Male,Premium,Web
CUS01918,2024-07-14,Boston,MA,26-35,Female,Premium,Mobile App
CUS01919,2025-02-01,Boston,MA,26-35,Female,New,Mobile App
CUS01920,2025-09-12,Seattle,WA,36-45,Female,Premium,Mobile App
CUS01921,2024-12-04,Seattle,WA,26-35,Male,Regular,Mobile App
CUS01922,2024-05-07,Dallas,TX,36-45,Female,Regular,Web
CUS01923,2025-01-06,Phoenix,AZ,26-35,Female,Premium,Mobile App
CUS01924,2026-02-17,Seattle,WA,46-55,Male,Regular,Mobile App
CUS01925,2024-04-28,Austin,TX,26-35,Female,Regular,Mobile App
CUS01926,2025-05-21,Austin,TX,36-45,Male,Regular,Mobile App
CUS01927,2024-03-24,Chicago,IL,26-35,Male,Premium,Mobile App
CUS01928,2025-03-05,San Diego,CA,26-35,Female,Regular,Mobile App
CUS01929,2025-02-02,San Jose,CA,36-45,Female,New,Mobile App
CUS01930,2026-03-12,San Diego,CA,26-35,Female,Regular,Mobile App
CUS01931,2025-01-29,Philadelphia,PA,26-35,Male,Regular,Mobile App
CUS01932,2024-04-22,Phoenix,AZ,46-55,Male,New,Mobile App
CUS01933,2024-10-28,Phoenix,AZ,26-35,Female,Regular,Mobile App
CUS01934,2024-01-12,Phoenix,AZ,36-45,Male,Regular,Web
CUS01935,2024-12-20,Houston,TX,46-55,Male,Regular,Mobile App
CUS01936,2025-11-04,Los Angeles,CA,36-45,Male,Regular,Mobile App
CUS01937,2024-03-31,San Diego,CA,18-25,Female,Regular,Mobile App
CUS01938,2025-03-04,Boston,MA,36-45,Female,New,Mobile App
CUS01939,2024-12-21,Seattle,WA,36-45,Male,Regular,Mobile App
CUS01940,2024-07-15,New York,NY,18-25,Male,Premium,Mobile App
CUS01941,2025-05-19,Philadelphia,PA,26-35,Female,Premium,Mobile App
CUS01942,2025-06-08,San Jose,CA,46-55,Female,Regular,Mobile App
CUS01943,2024-07-01,Los Angeles,CA,56+,Female,Regular,Mobile App
CUS01944,2024-09-13,Seattle,WA,56+,Male,Premium,Mobile App
CUS01945,2025-12-19,Chicago,IL,26-35,Female,Regular,Mobile App
CUS01946,2024-06-28,Chicago,IL,36-45,Female,New,Mobile App
CUS01947,2025-12-21,San Diego,CA,26-35,Female,Premium,Mobile App
CUS01948,2024-07-09,San Diego,CA,26-35,Female,Regular,Mobile App
CUS01949,2025-11-09,Philadelphia,PA,36-45,Female,Regular,Web
CUS01950,2024-03-12,Dallas,TX,18-25,Male,Regular,Mobile App
CUS01951,2025-01-23,Dallas,TX,26-35,Female,Regular,Mobile App
CUS01952,2024-02-01,Philadelphia,PA,36-45,Female,Regular,Mobile App
CUS01953,2024-03-03,Houston,TX,46-55,Other,New,Mobile App
CUS01954,2025-08-27,Austin,TX,26-35,Female,Regular,Web
CUS01955,2024-11-01,Boston,MA,56+,Female,Premium,Mobile App
CUS01956,2024-07-18,Seattle,WA,56+,Male,New,Mobile App
CUS01957,2024-08-28,San Jose,CA,26-35,Female,Regular,Mobile App
CUS01958,2025-10-15,Austin,TX,36-45,Female,Regular,Web
CUS01959,2024-01-03,Seattle,WA,26-35,Male,New,Mobile App
CUS01960,2024-11-17,San Diego,CA,26-35,Female,Premium,Mobile App
CUS01961,2025-07-04,Boston,MA,18-25,Female,Regular,Mobile App
CUS01962,2026-03-11,Dallas,TX,36-45,Male,New,Web
CUS01963,2024-06-26,Dallas,TX,56+,Female,Regular,Mobile App
CUS01964,2024-02-15,Boston,MA,46-55,Female,Premium,Web
CUS01965,2026-01-31,Boston,MA,36-45,Female,Regular,Mobile App
CUS01966,2026-01-19,Boston,MA,26-35,Other,Regular,Mobile App
CUS01967,2025-05-11,Phoenix,AZ,36-45,Female,New,Mobile App
CUS01968,2025-11-15,Austin,TX,26-35,Other,New,Mobile App
CUS01969,2024-10-15,Seattle,WA,46-55,Male,Regular,Mobile App
CUS01970,2025-04-08,Philadelphia,PA,18-25,Female,Regular,Mobile App
CUS01971,2024-09-03,Boston,MA,36-45,Male,Premium,Mobile App
CUS01972,2025-05-23,Boston,MA,26-35,Female,New,Web
CUS01973,2025-12-01,Philadelphia,PA,26-35,Male,Regular,Mobile App
CUS01974,2024-07-09,San Jose,CA,26-35,Female,New,Mobile App
CUS01975,2025-11-29,Dallas,TX,26-35,Female,Premium,Web
CUS01976,2024-01-26,Austin,TX,56+,Female,Regular,Mobile App
CUS01977,2025-11-21,Chicago,IL,46-55,Female,Regular,Mobile App
CUS01978,2025-08-12,Seattle,WA,26-35,Female,Regular,Mobile App
CUS01979,2024-09-25,San Jose,CA,46-55,Male,New,Mobile App
CUS01980,2025-10-03,Boston,MA,36-45,Male,Regular,Mobile App
CUS01981,2025-11-03,Seattle,WA,26-35,Male,Premium,Web
CUS01982,2024-09-06,Los Angeles,CA,26-35,Male,Regular,Mobile App
CUS01983,2025-06-20,Dallas,TX,26-35,Male,New,Mobile App
CUS01984,2025-02-05,Los Angeles,CA,46-55,Female,Regular,Mobile App
CUS01985,2025-05-13,Boston,MA,18-25,Female,Regular,Mobile App
CUS01986,2025-07-25,Boston,MA,36-45,Female,Premium,Mobile App
CUS01987,2025-07-28,Philadelphia,PA,26-35,Female,Regular,Mobile App
CUS01988,2025-08-17,Philadelphia,PA,26-35,Female,Premium,Mobile App
CUS01989,2024-04-23,Phoenix,AZ,56+,Female,Premium,Mobile App
CUS01990,2025-08-01,Dallas,TX,26-35,Male,New,Web
CUS01991,2024-06-09,New York,NY,46-55,Male,Premium,Web
CUS01992,2025-05-09,Dallas,TX,46-55,Female,New,Mobile App
CUS01993,2024-10-01,Dallas,TX,18-25,Male,Regular,Mobile App
CUS01994,2025-12-11,Seattle,WA,26-35,Female,Regular,Mobile App
CUS01995,2025-06-02,Houston,TX,36-45,Female,Regular,Mobile App
CUS01996,2024-02-07,New York,NY,46-55,Male,New,Mobile App
CUS01997,2025-04-24,New York,NY,26-35,Male,Premium,Mobile App
CUS01998,2025-08-21,Seattle,WA,56+,Male,Regular,Mobile App
CUS01999,2026-03-23,Seattle,WA,36-45,Female,Regular,Mobile App
CUS02000,2024-06-13,New York,NY,56+,Male,New,Web
CUS02001,2025-05-17,Los Angeles,CA,36-45,Male,New,Web
CUS02002,2025-10-20,Austin,TX,36-45,Female,Regular,Mobile App
CUS02003,2026-01-14,San Diego,CA,26-35,Female,Regular,Web
CUS02004,2024-07-06,San Diego,CA,36-45,Female,Regular,Mobile App
CUS02005,2025-09-11,Austin,TX,18-25,Male,Regular,Mobile App
CUS02006,2026-01-09,Houston,TX,36-45,Male,New,Web
CUS02007,2024-06-02,Los Angeles,CA,56+,Male,Premium,Mobile App
CUS02008,2025-05-09,Austin,TX,36-45,Female,Regular,Web
CUS02009,2024-05-08,Chicago,IL,26-35,Female,Regular,Web
CUS02010,2026-01-07,New York,NY,36-45,Female,New,Mobile App
CUS02011,2025-09-21,Dallas,TX,26-35,Male,Regular,Mobile App
CUS02012,2025-06-26,Dallas,TX,26-35,Male,New,Web
CUS02013,2025-10-14,Houston,TX,56+,Female,Premium,Mobile App
CUS02014,2024-08-08,Austin,TX,18-25,Female,Regular,Web
CUS02015,2026-01-06,Houston,TX,36-45,Male,New,Web
CUS02016,2024-11-05,Los Angeles,CA,18-25,Female,Regular,Mobile App
CUS02017,2024-10-30,Dallas,TX,36-45,Female,Regular,Mobile App
CUS02018,2025-03-30,Chicago,IL,56+,Female,Regular,Mobile App
CUS02019,2024-03-15,Phoenix,AZ,46-55,Male,Regular,Web
CUS02020,2025-11-22,Boston,MA,26-35,Female,Regular,Mobile App
CUS02021,2025-03-07,San Diego,CA,26-35,Male,Premium,Mobile App
CUS02022,2025-01-22,Austin,TX,18-25,Female,Premium,Mobile App
CUS02023,2024-06-14,San Diego,CA,36-45,Male,Regular,Mobile App
CUS02024,2025-01-03,Los Angeles,CA,46-55,Female,New,Mobile App
CUS02025,2024-11-25,Houston,TX,36-45,Male,Premium,Mobile App
CUS02026,2025-11-14,Dallas,TX,26-35,Male,Premium,Mobile App
CUS02027,2024-04-13,Boston,MA,36-45,Female,Premium,Web
CUS02028,2024-09-04,San Jose,CA,18-25,Female,Premium,Mobile App
CUS02029,2026-03-12,San Diego,CA,26-35,Male,Regular,Web
CUS02030,2024-07-14,Dallas,TX,36-45,Female,Regular,Web
CUS02031,2025-05-14,Philadelphia,PA,36-45,Female,Regular,Mobile App
CUS02032,2024-04-02,Houston,TX,36-45,Female,Regular,Mobile App
CUS02033,2024-01-06,Houston,TX,36-45,Male,Regular,Mobile App
CUS02034,2025-05-26,Dallas,TX,46-55,Male,New,Web
CUS02035,2024-08-03,Los Angeles,CA,26-35,Male,New,Mobile App
CUS02036,2025-07-09,Seattle,WA,26-35,Male,Regular,Mobile App
CUS02037,2024-11-26,New York,NY,26-35,Female,Premium,Web
CUS02038,2024-02-06,San Jose,CA,36-45,Male,Regular,Mobile App
CUS02039,2026-03-23,New York,NY,18-25,Male,Regular,Mobile App
CUS02040,2025-08-08,Boston,MA,18-25,Male,New,Mobile App
CUS02041,2025-08-09,Phoenix,AZ,36-45,Male,Premium,Web
CUS02042,2024-06-06,Phoenix,AZ,56+,Male,New,Mobile App
CUS02043,2024-03-23,San Jose,CA,18-25,Male,Regular,Mobile App
CUS02044,2025-04-27,Boston,MA,26-35,Male,Regular,Mobile App
CUS02045,2026-02-21,Phoenix,AZ,26-35,Female,New,Mobile App
CUS02046,2025-10-23,Chicago,IL,26-35,Other,Regular,Mobile App
CUS02047,2024-03-18,Los Angeles,CA,46-55,Male,Regular,Web
CUS02048,2024-04-18,San Jose,CA,56+,Female,Premium,Web
CUS02049,2025-07-05,New York,NY,26-35,Female,Regular,Mobile App
CUS02050,2025-06-12,Austin,TX,56+,Female,Regular,Mobile App
CUS02051,2024-03-13,Austin,TX,46-55,Female,Regular,Mobile App
CUS02052,2024-05-18,Chicago,IL,26-35,Male,Regular,Mobile App
CUS02053,2024-09-04,San Jose,CA,26-35,Female,Regular,Mobile App
CUS02054,2025-01-21,Houston,TX,46-55,Male,New,Web
CUS02055,2024-06-08,Phoenix,AZ,46-55,Female,Regular,Mobile App
CUS02056,2024-10-18,Chicago,IL,46-55,Female,Regular,Mobile App
CUS02057,2025-06-08,Dallas,TX,36-45,Male,Regular,Mobile App
CUS02058,2026-03-09,Phoenix,AZ,56+,Female,Regular,Mobile App
CUS02059,2024-11-23,San Jose,CA,36-45,Male,Premium,Mobile App
CUS02060,2024-11-11,Phoenix,AZ,46-55,Male,Regular,Mobile App
CUS02061,2024-10-22,Los Angeles,CA,18-25,Male,New,Mobile App
CUS02062,2024-09-03,Boston,MA,26-35,Male,Regular,Mobile App
CUS02063,2025-05-16,Boston,MA,56+,Male,Regular,Mobile App
CUS02064,2024-03-03,Boston,MA,36-45,Female,Regular,Mobile App
CUS02065,2025-08-27,Seattle,WA,18-25,Male,Regular,Mobile App
CUS02066,2026-02-02,Dallas,TX,26-35,Male,Regular,Web
CUS02067,2025-09-13,San Jose,CA,56+,Male,Regular,Mobile App
CUS02068,2024-04-19,Houston,TX,56+,Male,Regular,Mobile App
CUS02069,2026-03-01,Seattle,WA,26-35,Female,Regular,Mobile App
CUS02070,2024-09-04,Boston,MA,26-35,Female,Regular,Mobile App
CUS02071,2026-03-22,Los Angeles,CA,46-55,Male,Premium,Web
CUS02072,2025-04-02,Boston,MA,18-25,Female,Premium,Mobile App
CUS02073,2024-02-04,San Jose,CA,56+,Male,Regular,Mobile App
CUS02074,2025-04-03,Los Angeles,CA,46-55,Male,Premium,Mobile App
CUS02075,2025-01-15,Chicago,IL,26-35,Female,Regular,Mobile App
CUS02076,2024-03-19,Chicago,IL,36-45,Male,Regular,Web
CUS02077,2026-02-26,San Jose,CA,36-45,Male,Regular,Mobile App
CUS02078,2024-03-19,Austin,TX,18-25,Male,New,Mobile App
CUS02079,2025-05-20,Philadelphia,PA,36-45,Male,New,Mobile App
CUS02080,2025-07-09,New York,NY,46-55,Male,Premium,Web
CUS02081,2025-04-23,New York,NY,36-45,Male,Regular,Web
CUS02082,2025-04-04,Seattle,WA,18-25,Male,Regular,Mobile App
CUS02083,2024-08-18,Chicago,IL,46-55,Female,Regular,Mobile App
CUS02084,2025-07-06,San Jose,CA,18-25,Female,New,Mobile App
CUS02085,2026-01-08,Chicago,IL,36-45,Female,Regular,Web
CUS02086,2026-01-31,Austin,TX,36-45,Female,Regular,Mobile App
CUS02087,2026-03-19,Philadelphia,PA,18-25,Male,Premium,Mobile App
CUS02088,2025-11-28,New York,NY,18-25,Male,Regular,Mobile App
CUS02089,2024-01-22,Los Angeles,CA,36-45,Male,Premium,Mobile App
CUS02090,2025-09-27,Austin,TX,26-35,Male,Regular,Mobile App
CUS02091,2024-05-07,Seattle,WA,26-35,Male,Premium,Mobile App
CUS02092,2025-05-19,Los Angeles,CA,46-55,Male,Regular,Web
CUS02093,2026-01-06,Phoenix,AZ,36-45,Male,New,Mobile App
CUS02094,2025-04-15,Dallas,TX,36-45,Female,New,Mobile App
CUS02095,2024-12-07,Seattle,WA,26-35,Male,New,Mobile App
CUS02096,2024-09-24,Boston,MA,26-35,Female,Regular,Mobile App
CUS02097,2024-07-12,Chicago,IL,18-25,Female,New,Mobile App
CUS02098,2026-03-08,Austin,TX,36-45,Male,Premium,Mobile App
CUS02099,2024-12-14,Chicago,IL,36-45,Female,Premium,Mobile App
CUS02100,2024-03-04,San Jose,CA,26-35,Male,Premium,Mobile App
CUS02101,2025-11-02,Phoenix,AZ,46-55,Male,Regular,Mobile App
CUS02102,2024-12-31,Houston,TX,26-35,Male,Regular,Mobile App
CUS02103,2025-09-16,Houston,TX,36-45,Female,Premium,Mobile App
CUS02104,2024-03-11,Philadelphia,PA,26-35,Female,Regular,Web
CUS02105,2024-06-28,Boston,MA,26-35,Male,New,Web
CUS02106,2024-02-01,New York,NY,26-35,Male,Premium,Mobile App
CUS02107,2024-03-04,Chicago,IL,46-55,Female,Premium,Mobile App
CUS02108,2025-07-10,Chicago,IL,26-35,Male,New,Mobile App
CUS02109,2024-01-08,Dallas,TX,36-45,Male,Premium,Mobile App
CUS02110,2025-06-29,San Diego,CA,36-45,Other,Premium,Web
CUS02111,2024-06-29,Austin,TX,36-45,Male,Regular,Mobile App
CUS02112,2024-11-14,Seattle,WA,26-35,Female,New,Mobile App
CUS02113,2025-01-30,Chicago,IL,26-35,Female,Regular,Mobile App
CUS02114,2025-06-13,New York,NY,36-45,Female,Regular,Mobile App
CUS02115,2026-02-14,New York,NY,46-55,Male,Premium,Mobile App
CUS02116,2024-08-20,Seattle,WA,26-35,Female,Regular,Mobile App
CUS02117,2025-11-15,Houston,TX,26-35,Female,Regular,Mobile App
CUS02118,2024-02-01,San Diego,CA,18-25,Male,New,Mobile App
CUS02119,2024-03-19,San Jose,CA,46-55,Male,Regular,Mobile App
CUS02120,2024-09-26,Los Angeles,CA,46-55,Male,Regular,Mobile App
CUS02121,2025-06-10,Philadelphia,PA,18-25,Female,Regular,Mobile App
CUS02122,2024-09-29,Boston,MA,18-25,Male,Regular,Mobile App
CUS02123,2025-12-06,Seattle,WA,46-55,Female,Regular,Mobile App
CUS02124,2025-06-17,Austin,TX,18-25,Male,Regular,Web
CUS02125,2024-03-23,New York,NY,46-55,Female,Regular,Mobile App
CUS02126,2025-05-25,New York,NY,36-45,Female,Regular,Mobile App
CUS02127,2025-09-03,Seattle,WA,26-35,Male,Regular,Mobile App
CUS02128,2024-07-26,Austin,TX,26-35,Male,Premium,Mobile App
CUS02129,2025-05-17,Houston,TX,26-35,Female,New,Mobile App
CUS02130,2025-10-29,San Jose,CA,36-45,Male,New,Mobile App
CUS02131,2024-02-16,Dallas,TX,56+,Male,Premium,Mobile App
CUS02132,2024-07-06,Seattle,WA,56+,Female,Regular,Mobile App
CUS02133,2026-03-26,Boston,MA,26-35,Male,Regular,Web
CUS02134,2025-09-29,Los Angeles,CA,36-45,Male,Regular,Mobile App
CUS02135,2026-01-14,Austin,TX,56+,Female,Regular,Web
CUS02136,2024-10-30,New York,NY,26-35,Female,Regular,Web
CUS02137,2024-01-11,Philadelphia,PA,46-55,Male,Premium,Mobile App
CUS02138,2026-03-30,Boston,MA,26-35,Female,Regular,Mobile App
CUS02139,2025-07-03,Los Angeles,CA,26-35,Male,New,Mobile App
CUS02140,2025-06-17,Boston,MA,36-45,Male,Regular,Web
CUS02141,2025-06-13,New York,NY,18-25,Male,Regular,Mobile App
CUS02142,2025-12-08,Houston,TX,56+,Male,Regular,Web
CUS02143,2024-04-08,Boston,MA,18-25,Male,Regular,Mobile App
CUS02144,2024-03-08,Los Angeles,CA,26-35,Male,Regular,Mobile App
CUS02145,2024-07-23,Chicago,IL,46-55,Female,Regular,Mobile App
CUS02146,2026-01-08,San Diego,CA,26-35,Male,Regular,Mobile App
CUS02147,2024-07-30,Houston,TX,18-25,Male,Regular,Web
CUS02148,2026-03-13,San Diego,CA,26-35,Female,Regular,Web
CUS02149,2024-11-05,Austin,TX,26-35,Male,New,Web
CUS02150,2024-08-09,Seattle,WA,18-25,Male,Regular,Mobile App
CUS02151,2024-11-05,San Jose,CA,46-55,Other,Premium,Web
CUS02152,2024-11-27,San Diego,CA,36-45,Male,Regular,Mobile App
CUS02153,2024-08-21,Los Angeles,CA,18-25,Female,Regular,Mobile App
CUS02154,2025-05-25,Chicago,IL,26-35,Male,New,Web
CUS02155,2025-09-05,San Jose,CA,56+,Male,Regular,Mobile App
CUS02156,2025-09-12,Seattle,WA,36-45,Male,New,Mobile App
CUS02157,2024-10-17,New York,NY,26-35,Male,New,Mobile App
CUS02158,2024-11-12,Phoenix,AZ,36-45,Male,Regular,Mobile App
CUS02159,2026-03-13,San Diego,CA,26-35,Male,Regular,Mobile App
CUS02160,2024-09-18,Austin,TX,26-35,Male,Regular,Web
CUS02161,2026-03-18,Philadelphia,PA,36-45,Male,Regular,Web
CUS02162,2024-02-09,Phoenix,AZ,26-35,Male,Regular,Mobile App
CUS02163,2024-12-13,Dallas,TX,18-25,Male,Regular,Mobile App
CUS02164,2025-06-12,San Jose,CA,46-55,Male,Regular,Mobile App
CUS02165,2024-09-23,Austin,TX,18-25,Female,Regular,Web
CUS02166,2025-08-25,Seattle,WA,26-35,Male,Premium,Mobile App
CUS02167,2024-07-27,Chicago,IL,26-35,Female,Regular,Mobile App
CUS02168,2024-01-17,Boston,MA,36-45,Female,Regular,Web
CUS02169,2024-05-03,Boston,MA,46-55,Male,New,Mobile App
CUS02170,2024-10-21,Los Angeles,CA,36-45,Male,Regular,Mobile App
CUS02171,2024-06-15,Philadelphia,PA,26-35,Male,Regular,Mobile App
CUS02172,2025-03-24,Philadelphia,PA,36-45,Female,Premium,Mobile App
CUS02173,2025-04-15,Philadelphia,PA,36-45,Male,Premium,Mobile App
CUS02174,2024-03-22,Austin,TX,36-45,Male,New,Mobile App
CUS02175,2026-02-24,Chicago,IL,46-55,Male,New,Mobile App
CUS02176,2024-12-18,Dallas,TX,36-45,Male,Regular,Web
CUS02177,2026-02-16,Boston,MA,26-35,Male,Regular,Mobile App
CUS02178,2024-03-07,Los Angeles,CA,56+,Male,Regular,Mobile App
CUS02179,2025-02-08,Boston,MA,36-45,Male,Regular,Mobile App
CUS02180,2025-10-02,Seattle,WA,36-45,Other,Premium,Mobile App
CUS02181,2026-03-29,Dallas,TX,26-35,Male,Regular,Mobile App
CUS02182,2024-02-01,Philadelphia,PA,46-55,Female,Regular,Mobile App
CUS02183,2024-09-26,Chicago,IL,46-55,Female,Premium,Web
CUS02184,2024-04-19,Houston,TX,46-55,Male,Regular,Web
CUS02185,2025-10-27,Los Angeles,CA,18-25,Male,Regular,Mobile App
CUS02186,2024-11-24,Chicago,IL,56+,Female,Regular,Web
CUS02187,2025-05-13,Seattle,WA,56+,Female,New,Mobile App
CUS02188,2025-07-23,San Diego,CA,26-35,Female,Regular,Mobile App
CUS02189,2024-01-27,Dallas,TX,36-45,Male,Regular,Web
CUS02190,2026-03-26,Houston,TX,26-35,Female,Premium,Web
CUS02191,2024-03-27,San Jose,CA,26-35,Female,Regular,Mobile App
CUS02192,2024-05-26,Phoenix,AZ,26-35,Other,Premium,Mobile App
CUS02193,2024-02-25,San Diego,CA,46-55,Male,Premium,Mobile App
CUS02194,2024-04-07,San Jose,CA,36-45,Female,Regular,Mobile App
CUS02195,2025-02-12,Los Angeles,CA,46-55,Male,Regular,Mobile App
CUS02196,2026-02-19,Los Angeles,CA,56+,Male,Regular,Mobile App
CUS02197,2025-06-22,Seattle,WA,56+,Female,Regular,Web
CUS02198,2025-05-08,Chicago,IL,26-35,Male,New,Web
CUS02199,2025-11-26,Seattle,WA,26-35,Male,Regular,Mobile App
CUS02200,2025-12-02,Austin,TX,46-55,Female,Regular,Web
CUS02201,2025-04-01,Boston,MA,18-25,Female,Regular,Web
CUS02202,2025-02-16,Boston,MA,26-35,Male,Regular,Web
CUS02203,2024-06-29,Seattle,WA,56+,Female,Premium,Mobile App
CUS02204,2025-07-17,New York,NY,18-25,Male,Regular,Web
CUS02205,2025-09-17,Seattle,WA,26-35,Female,New,Mobile App
CUS02206,2025-12-02,Los Angeles,CA,18-25,Male,Premium,Mobile App
CUS02207,2024-10-15,Houston,TX,46-55,Female,Regular,Mobile App
CUS02208,2025-04-25,Chicago,IL,46-55,Female,New,Mobile App
CUS02209,2024-06-10,Philadelphia,PA,56+,Male,New,Mobile App
CUS02210,2024-06-11,Houston,TX,26-35,Female,Regular,Mobile App
CUS02211,2025-07-04,San Jose,CA,56+,Male,Regular,Web
CUS02212,2025-12-05,Los Angeles,CA,36-45,Male,Regular,Mobile App
CUS02213,2026-03-05,San Jose,CA,18-25,Male,Premium,Mobile App
CUS02214,2024-07-14,Houston,TX,18-25,Female,Regular,Mobile App
CUS02215,2025-11-28,San Jose,CA,18-25,Female,Regular,Mobile App
CUS02216,2024-07-24,San Jose,CA,26-35,Male,Regular,Mobile App
CUS02217,2026-01-29,Phoenix,AZ,26-35,Male,Regular,Mobile App
CUS02218,2024-11-02,San Jose,CA,56+,Male,Regular,Mobile App
CUS02219,2025-02-25,Los Angeles,CA,36-45,Male,New,Mobile App
CUS02220,2024-10-10,Chicago,IL,26-35,Male,New,Mobile App
CUS02221,2025-12-08,Chicago,IL,26-35,Male,Regular,Mobile App
CUS02222,2025-02-21,Austin,TX,18-25,Other,Regular,Mobile App
CUS02223,2024-10-04,San Diego,CA,46-55,Female,Regular,Mobile App
CUS02224,2025-03-29,Seattle,WA,26-35,Male,Regular,Mobile App
CUS02225,2024-01-25,Dallas,TX,36-45,Male,Premium,Mobile App
CUS02226,2024-07-27,Phoenix,AZ,56+,Female,Premium,Mobile App
CUS02227,2025-11-28,Phoenix,AZ,26-35,Male,Premium,Mobile App
CUS02228,2024-07-08,Dallas,TX,36-45,Male,New,Mobile App
CUS02229,2024-07-10,Los Angeles,CA,26-35,Male,Regular,Web
CUS02230,2025-02-09,Los Angeles,CA,26-35,Male,New,Mobile App
CUS02231,2025-06-21,Chicago,IL,26-35,Female,Regular,Web
CUS02232,2026-01-26,Philadelphia,PA,26-35,Female,Regular,Mobile App
CUS02233,2025-02-11,Houston,TX,46-55,Male,Premium,Mobile App
CUS02234,2024-09-30,Austin,TX,26-35,Female,Regular,Mobile App
CUS02235,2025-09-15,Los Angeles,CA,26-35,Female,Regular,Mobile App
CUS02236,2024-11-12,Los Angeles,CA,26-35,Male,Regular,Mobile App
CUS02237,2025-09-11,Chicago,IL,46-55,Male,Premium,Mobile App
CUS02238,2025-12-03,San Jose,CA,26-35,Male,Regular,Mobile App
CUS02239,2026-02-06,San Jose,CA,26-35,Female,Premium,Mobile App
CUS02240,2024-12-25,Seattle,WA,26-35,Other,Regular,Mobile App
CUS02241,2025-12-13,New York,NY,56+,Male,New,Mobile App
CUS02242,2024-12-09,Dallas,TX,26-35,Female,Regular,Web
CUS02243,2025-12-19,Los Angeles,CA,18-25,Female,Regular,Mobile App
CUS02244,2024-03-25,San Jose,CA,36-45,Male,Regular,Web
CUS02245,2026-02-12,Austin,TX,26-35,Male,New,Mobile App
CUS02246,2025-01-05,Houston,TX,36-45,Female,New,Mobile App
CUS02247,2025-05-19,New York,NY,36-45,Male,New,Mobile App
CUS02248,2026-03-07,Boston,MA,26-35,Female,Regular,Mobile App
CUS02249,2024-01-19,Los Angeles,CA,18-25,Female,Premium,Mobile App
CUS02250,2025-11-27,Los Angeles,CA,26-35,Male,New,Mobile App
CUS02251,2024-02-23,New York,NY,26-35,Female,Regular,Mobile App
CUS02252,2025-08-21,San Jose,CA,26-35,Male,Premium,Mobile App
CUS02253,2024-01-21,Austin,TX,46-55,Female,Premium,Mobile App
CUS02254,2025-08-25,Chicago,IL,36-45,Female,New,Web
CUS02255,2024-09-26,Philadelphia,PA,26-35,Male,Regular,Mobile App
CUS02256,2026-02-02,Los Angeles,CA,18-25,Female,Regular,Web
CUS02257,2025-02-13,Houston,TX,56+,Male,Regular,Mobile App
CUS02258,2025-02-23,Austin,TX,36-45,Male,Regular,Mobile App
CUS02259,2024-07-10,Los Angeles,CA,26-35,Other,Regular,Mobile App
CUS02260,2025-02-12,Dallas,TX,26-35,Female,Regular,Mobile App
CUS02261,2025-06-01,San Diego,CA,18-25,Female,Premium,Mobile App
CUS02262,2025-05-29,Dallas,TX,18-25,Male,Premium,Mobile App
CUS02263,2024-04-26,Philadelphia,PA,46-55,Female,Regular,Mobile App
CUS02264,2025-11-03,Houston,TX,26-35,Female,New,Web
CUS02265,2024-10-12,Dallas,TX,18-25,Female,New,Mobile App
CUS02266,2025-10-11,Los Angeles,CA,26-35,Male,Regular,Mobile App
CUS02267,2026-02-27,Boston,MA,46-55,Male,New,Mobile App
CUS02268,2024-02-09,San Jose,CA,36-45,Male,Premium,Web
CUS02269,2024-08-07,Phoenix,AZ,36-45,Male,Premium,Web
CUS02270,2024-11-22,Chicago,IL,36-45,Male,Regular,Mobile App
CUS02271,2024-01-28,Chicago,IL,46-55,Female,Regular,Mobile App
CUS02272,2025-10-17,Boston,MA,36-45,Male,Premium,Web
CUS02273,2025-11-13,Philadelphia,PA,26-35,Female,Premium,Mobile App
CUS02274,2024-01-07,New York,NY,26-35,Female,New,Mobile App
CUS02275,2025-04-18,San Jose,CA,36-45,Female,Regular,Web
CUS02276,2025-05-11,Boston,MA,46-55,Female,Premium,Mobile App
CUS02277,2026-03-14,San Jose,CA,46-55,Male,Regular,Web
CUS02278,2025-12-08,Boston,MA,36-45,Female,New,Mobile App
CUS02279,2025-11-02,Los Angeles,CA,26-35,Female,Premium,Mobile App
CUS02280,2025-03-10,Chicago,IL,46-55,Female,Regular,Mobile App
CUS02281,2025-07-17,Boston,MA,18-25,Male,Regular,Mobile App
CUS02282,2024-03-05,Seattle,WA,36-45,Male,New,Mobile App
CUS02283,2024-03-12,Boston,MA,26-35,Male,Regular,Mobile App
CUS02284,2026-02-24,Philadelphia,PA,56+,Male,Regular,Mobile App
CUS02285,2024-12-23,Austin,TX,26-35,Male,Regular,Mobile App
CUS02286,2025-09-18,Seattle,WA,36-45,Female,Regular,Mobile App
CUS02287,2025-06-19,Chicago,IL,26-35,Male,Premium,Mobile App
CUS02288,2024-03-15,Boston,MA,36-45,Female,Regular,Mobile App
CUS02289,2025-02-17,Phoenix,AZ,18-25,Female,Regular,Web
CUS02290,2025-06-05,Phoenix,AZ,26-35,Male,New,Mobile App
CUS02291,2024-08-09,Boston,MA,18-25,Female,Regular,Web
CUS02292,2024-01-07,Dallas,TX,26-35,Female,Premium,Mobile App
CUS02293,2026-01-31,Boston,MA,18-25,Female,Regular,Mobile App
CUS02294,2025-08-06,Dallas,TX,26-35,Female,Regular,Mobile App
CUS02295,2024-12-20,Chicago,IL,36-45,Male,New,Mobile App
CUS02296,2025-09-06,Phoenix,AZ,26-35,Male,Premium,Web
CUS02297,2025-06-06,Boston,MA,46-55,Male,New,Web
CUS02298,2025-06-04,Seattle,WA,18-25,Female,Regular,Mobile App
CUS02299,2024-04-17,Dallas,TX,46-55,Male,Premium,Mobile App
CUS02300,2024-11-30,Philadelphia,PA,26-35,Male,Regular,Mobile App
CUS02301,2025-06-21,Los Angeles,CA,18-25,Female,Regular,Mobile App
CUS02302,2024-08-03,Austin,TX,26-35,Female,Regular,Mobile App
CUS02303,2025-12-12,Philadelphia,PA,36-45,Male,Regular,Mobile App
CUS02304,2024-01-25,Philadelphia,PA,36-45,Male,New,Mobile App
CUS02305,2026-01-25,Los Angeles,CA,46-55,Female,Regular,Mobile App
CUS02306,2024-05-07,Los Angeles,CA,36-45,Female,Regular,Mobile App
CUS02307,2024-05-18,Dallas,TX,36-45,Female,Premium,Mobile App
CUS02308,2024-03-12,Austin,TX,26-35,Male,Premium,Mobile App
CUS02309,2026-03-01,New York,NY,36-45,Male,Premium,Web
CUS02310,2025-11-10,Houston,TX,18-25,Male,Regular,Web
CUS02311,2025-10-06,Boston,MA,46-55,Female,New,Mobile App
CUS02312,2024-10-19,Philadelphia,PA,36-45,Female,Regular,Mobile App
CUS02313,2024-10-09,Seattle,WA,56+,Female,Premium,Mobile App
CUS02314,2025-10-08,Austin,TX,26-35,Female,Regular,Mobile App
CUS02315,2025-01-28,Austin,TX,18-25,Male,Regular,Mobile App
CUS02316,2024-01-30,Los Angeles,CA,18-25,Other,Premium,Mobile App
CUS02317,2024-10-03,San Diego,CA,26-35,Female,Regular,Mobile App
CUS02318,2025-02-07,Houston,TX,36-45,Female,New,Mobile App
CUS02319,2025-12-06,San Jose,CA,26-35,Male,Regular,Mobile App
CUS02320,2024-12-05,Houston,TX,46-55,Male,Premium,Mobile App
CUS02321,2025-12-06,Dallas,TX,26-35,Male,New,Mobile App
CUS02322,2024-04-08,New York,NY,26-35,Female,Premium,Mobile App
CUS02323,2025-12-09,Boston,MA,18-25,Male,Regular,Mobile App
CUS02324,2025-12-20,Seattle,WA,18-25,Female,Regular,Mobile App
CUS02325,2024-10-10,Chicago,IL,26-35,Male,Regular,Mobile App
CUS02326,2024-04-04,San Jose,CA,56+,Male,New,Mobile App
CUS02327,2025-12-10,San Diego,CA,46-55,Male,Regular,Mobile App
CUS02328,2025-11-28,Austin,TX,36-45,Female,Regular,Web
CUS02329,2026-02-07,Boston,MA,18-25,Male,New,Mobile App
CUS02330,2024-04-21,San Diego,CA,36-45,Female,New,Mobile App
CUS02331,2024-05-20,Boston,MA,46-55,Female,Regular,Mobile App
CUS02332,2024-04-20,Chicago,IL,56+,Male,Regular,Mobile App
CUS02333,2025-12-06,Seattle,WA,36-45,Female,New,Mobile App
CUS02334,2024-09-20,Los Angeles,CA,26-35,Male,New,Mobile App
CUS02335,2024-10-08,Los Angeles,CA,18-25,Male,New,Mobile App
CUS02336,2025-11-30,Los Angeles,CA,36-45,Female,Regular,Mobile App
CUS02337,2024-04-03,San Jose,CA,26-35,Female,New,Mobile App
CUS02338,2024-03-05,San Jose,CA,26-35,Male,Regular,Web
CUS02339,2024-03-11,San Diego,CA,46-55,Male,New,Mobile App
CUS02340,2026-02-21,Los Angeles,CA,18-25,Male,Regular,Mobile App
CUS02341,2025-03-31,New York,NY,56+,Female,New,Web
CUS02342,2025-05-27,Seattle,WA,26-35,Female,New,Mobile App
CUS02343,2024-07-19,Austin,TX,26-35,Male,New,Web
CUS02344,2024-10-25,Chicago,IL,36-45,Male,New,Mobile App
CUS02345,2024-03-27,Dallas,TX,26-35,Female,Premium,Mobile App
CUS02346,2025-07-12,Los Angeles,CA,18-25,Male,New,Mobile App
CUS02347,2024-03-23,Seattle,WA,46-55,Female,Regular,Mobile App
CUS02348,2026-03-06,Austin,TX,26-35,Female,Premium,Mobile App
CUS02349,2024-05-15,Houston,TX,56+,Female,Regular,Mobile App
CUS02350,2024-09-04,San Diego,CA,36-45,Female,Premium,Mobile App
CUS02351,2025-08-24,Phoenix,AZ,36-45,Male,New,Mobile App
CUS02352,2025-08-23,San Diego,CA,18-25,Female,Regular,Mobile App
CUS02353,2025-05-15,Los Angeles,CA,18-25,Female,Regular,Mobile App
CUS02354,2025-04-05,Los Angeles,CA,26-35,Female,New,Web
CUS02355,2024-04-16,Los Angeles,CA,26-35,Female,Regular,Mobile App
CUS02356,2025-05-12,New York,NY,36-45,Male,Regular,Web
CUS02357,2025-12-15,Dallas,TX,26-35,Female,Regular,Web
CUS02358,2025-12-01,Philadelphia,PA,26-35,Female,Regular,Mobile App
CUS02359,2024-05-06,Los Angeles,CA,36-45,Male,Premium,Mobile App
CUS02360,2025-02-14,New York,NY,26-35,Female,Regular,Mobile App
CUS02361,2024-08-19,New York,NY,26-35,Female,Regular,Mobile App
CUS02362,2024-04-26,Chicago,IL,18-25,Male,New,Mobile App
CUS02363,2024-05-25,Chicago,IL,56+,Male,Regular,Mobile App
CUS02364,2025-10-05,Phoenix,AZ,26-35,Female,Regular,Web
CUS02365,2025-06-23,Austin,TX,26-35,Male,Regular,Mobile App
CUS02366,2025-08-25,Phoenix,AZ,36-45,Female,Regular,Web
CUS02367,2025-03-06,Phoenix,AZ,18-25,Male,New,Mobile App
CUS02368,2024-08-19,Dallas,TX,56+,Male,Regular,Web
CUS02369,2025-09-17,San Jose,CA,26-35,Female,Regular,Mobile App
CUS02370,2024-10-20,Boston,MA,26-35,Male,Premium,Mobile App
CUS02371,2024-05-14,Los Angeles,CA,26-35,Male,Regular,Mobile App
CUS02372,2024-09-29,San Diego,CA,18-25,Male,Premium,Web
CUS02373,2024-08-21,Seattle,WA,36-45,Female,New,Mobile App
CUS02374,2025-02-12,Phoenix,AZ,18-25,Male,Regular,Web
CUS02375,2025-09-07,Los Angeles,CA,56+,Male,Regular,Mobile App
CUS02376,2024-02-01,Boston,MA,18-25,Male,Premium,Mobile App
CUS02377,2025-03-24,San Jose,CA,36-45,Male,Regular,Mobile App
CUS02378,2024-05-20,Phoenix,AZ,36-45,Female,Regular,Web
CUS02379,2024-04-18,Phoenix,AZ,36-45,Male,Regular,Web
CUS02380,2025-01-20,Phoenix,AZ,36-45,Female,Regular,Web
CUS02381,2024-09-13,Phoenix,AZ,36-45,Female,Regular,Web
CUS02382,2025-03-17,Philadelphia,PA,26-35,Female,Premium,Web
CUS02383,2024-06-28,Dallas,TX,36-45,Female,Regular,Mobile App
CUS02384,2025-08-22,Austin,TX,46-55,Female,New,Mobile App
CUS02385,2026-03-17,Austin,TX,36-45,Female,Premium,Mobile App
CUS02386,2025-06-27,Dallas,TX,46-55,Female,Regular,Web
CUS02387,2024-06-29,San Jose,CA,26-35,Female,Regular,Mobile App
CUS02388,2024-03-05,Houston,TX,36-45,Male,Regular,Mobile App
CUS02389,2025-02-20,Dallas,TX,46-55,Male,Regular,Mobile App
CUS02390,2025-08-09,Phoenix,AZ,26-35,Male,Regular,Mobile App
CUS02391,2024-10-10,Philadelphia,PA,46-55,Female,Premium,Web
CUS02392,2025-08-30,San Diego,CA,26-35,Male,Regular,Mobile App
CUS02393,2024-01-24,Austin,TX,46-55,Male,New,Mobile App
CUS02394,2025-09-02,Chicago,IL,26-35,Male,Premium,Web
CUS02395,2025-03-27,San Diego,CA,18-25,Male,Regular,Web
CUS02396,2025-02-07,Los Angeles,CA,18-25,Female,Premium,Mobile App
CUS02397,2025-12-24,Austin,TX,46-55,Male,Regular,Mobile App
CUS02398,2024-03-22,Houston,TX,46-55,Female,Regular,Web
CUS02399,2024-05-02,San Jose,CA,26-35,Female,Premium,Mobile App
CUS02400,2025-06-23,Boston,MA,46-55,Male,New,Mobile App
CUS02401,2025-09-04,Los Angeles,CA,46-55,Male,Regular,Mobile App
CUS02402,2025-08-08,Seattle,WA,56+,Female,New,Mobile App
CUS02403,2024-07-22,San Diego,CA,18-25,Male,Regular,Web
CUS02404,2025-03-30,San Jose,CA,26-35,Male,Premium,Mobile App
CUS02405,2024-07-24,Dallas,TX,26-35,Male,New,Web
CUS02406,2025-08-01,Austin,TX,56+,Female,Regular,Mobile App
CUS02407,2024-04-05,Chicago,IL,26-35,Female,Premium,Mobile App
CUS02408,2026-02-08,Los Angeles,CA,18-25,Male,Regular,Mobile App
CUS02409,2025-01-28,Phoenix,AZ,56+,Male,Regular,Mobile App
CUS02410,2025-12-07,Dallas,TX,26-35,Male,Premium,Mobile App
CUS02411,2026-03-22,San Jose,CA,26-35,Male,Regular,Mobile App
CUS02412,2024-11-22,Dallas,TX,36-45,Male,Regular,Mobile App
CUS02413,2025-09-23,San Jose,CA,18-25,Male,Regular,Mobile App
CUS02414,2024-02-17,San Diego,CA,36-45,Female,Premium,Mobile App
CUS02415,2024-04-14,San Jose,CA,36-45,Male,New,Web
CUS02416,2025-10-18,Seattle,WA,36-45,Male,New,Mobile App
CUS02417,2025-01-16,Phoenix,AZ,36-45,Female,Regular,Web
CUS02418,2024-09-25,Philadelphia,PA,18-25,Female,Regular,Mobile App
CUS02419,2025-02-26,San Diego,CA,46-55,Male,New,Mobile App
CUS02420,2024-10-21,Dallas,TX,18-25,Male,Regular,Web
CUS02421,2024-07-11,Austin,TX,26-35,Female,New,Web
CUS02422,2025-02-25,Los Angeles,CA,26-35,Male,Regular,Mobile App
CUS02423,2026-01-17,Houston,TX,26-35,Male,Regular,Mobile App
CUS02424,2025-06-09,Seattle,WA,46-55,Female,Premium,Mobile App
CUS02425,2025-03-26,Phoenix,AZ,26-35,Female,Regular,Mobile App
CUS02426,2025-10-15,Phoenix,AZ,56+,Male,Regular,Mobile App
CUS02427,2024-10-06,Seattle,WA,26-35,Female,Regular,Mobile App
CUS02428,2025-08-16,San Jose,CA,46-55,Male,Regular,Web
CUS02429,2024-05-05,Boston,MA,26-35,Male,Regular,Mobile App
CUS02430,2025-11-05,Houston,TX,56+,Male,Regular,Mobile App
CUS02431,2024-05-16,Philadelphia,PA,26-35,Male,Regular,Mobile App
CUS02432,2025-07-19,Los Angeles,CA,26-35,Male,Regular,Mobile App
CUS02433,2026-03-01,San Diego,CA,18-25,Female,Regular,Mobile App
CUS02434,2026-02-12,Austin,TX,46-55,Female,Regular,Mobile App
CUS02435,2025-06-20,Dallas,TX,46-55,Male,Premium,Mobile App
CUS02436,2026-02-01,New York,NY,56+,Female,Regular,Mobile App
CUS02437,2024-10-21,Austin,TX,18-25,Female,Regular,Mobile App
CUS02438,2024-05-09,San Diego,CA,26-35,Male,Premium,Mobile App
CUS02439,2024-03-23,Houston,TX,36-45,Female,Regular,Mobile App
CUS02440,2024-03-08,Phoenix,AZ,26-35,Male,Regular,Mobile App
CUS02441,2025-01-08,Dallas,TX,46-55,Male,Regular,Web
CUS02442,2025-05-27,San Diego,CA,46-55,Male,Regular,Web
CUS02443,2024-10-24,Boston,MA,36-45,Female,Regular,Mobile App
CUS02444,2024-02-13,Seattle,WA,18-25,Male,Regular,Mobile App
CUS02445,2024-09-25,Philadelphia,PA,18-25,Female,New,Mobile App
CUS02446,2025-07-05,Houston,TX,18-25,Female,Regular,Mobile App
CUS02447,2024-10-04,Phoenix,AZ,26-35,Female,Regular,Mobile App
CUS02448,2025-03-30,Austin,TX,18-25,Male,Premium,Mobile App
CUS02449,2024-09-02,Seattle,WA,56+,Male,Regular,Mobile App
CUS02450,2026-01-31,Phoenix,AZ,18-25,Female,Regular,Web
CUS02451,2025-08-14,San Jose,CA,26-35,Female,Premium,Web
CUS02452,2026-01-14,San Diego,CA,26-35,Male,Regular,Mobile App
CUS02453,2025-01-16,Phoenix,AZ,36-45,Male,New,Web
CUS02454,2024-01-05,New York,NY,26-35,Male,New,Mobile App
CUS02455,2026-03-31,Seattle,WA,26-35,Female,Premium,Mobile App
CUS02456,2025-11-08,Houston,TX,26-35,Male,Regular,Mobile App
CUS02457,2025-06-22,Philadelphia,PA,36-45,Male,Regular,Web
CUS02458,2024-05-24,Los Angeles,CA,26-35,Female,Premium,Mobile App
CUS02459,2025-01-26,San Diego,CA,56+,Male,Regular,Mobile App
CUS02460,2024-04-22,Phoenix,AZ,26-35,Female,Premium,Mobile App
CUS02461,2024-07-13,New York,NY,26-35,Male,Regular,Mobile App
CUS02462,2025-08-09,Boston,MA,18-25,Male,Regular,Mobile App
CUS02463,2025-10-23,San Jose,CA,26-35,Female,New,Mobile App
CUS02464,2024-08-29,Austin,TX,26-35,Male,New,Mobile App
CUS02465,2024-08-20,Los Angeles,CA,18-25,Female,Regular,Mobile App
CUS02466,2026-03-13,San Diego,CA,26-35,Male,New,Mobile App
CUS02467,2024-08-06,Seattle,WA,56+,Male,Regular,Mobile App
CUS02468,2025-06-22,Houston,TX,18-25,Female,Regular,Mobile App
CUS02469,2024-12-06,San Jose,CA,26-35,Male,New,Web
CUS02470,2024-10-19,Boston,MA,26-35,Female,Regular,Web
CUS02471,2026-01-02,San Jose,CA,56+,Male,Regular,Mobile App
CUS02472,2024-05-06,San Diego,CA,36-45,Male,Regular,Mobile App
CUS02473,2025-02-23,Boston,MA,36-45,Female,Regular,Web
CUS02474,2025-09-15,Houston,TX,18-25,Male,Regular,Mobile App
CUS02475,2025-01-30,Phoenix,AZ,36-45,Female,Premium,Mobile App
CUS02476,2024-07-15,Austin,TX,26-35,Female,Premium,Mobile App
CUS02477,2025-11-23,Boston,MA,26-35,Male,New,Mobile App
CUS02478,2025-02-04,Dallas,TX,46-55,Female,Regular,Mobile App
CUS02479,2025-05-12,Boston,MA,56+,Female,New,Mobile App
CUS02480,2025-05-18,Philadelphia,PA,56+,Female,Regular,Mobile App
CUS02481,2024-02-27,San Jose,CA,46-55,Male,Regular,Web
CUS02482,2024-02-08,San Diego,CA,26-35,Female,Regular,Mobile App
CUS02483,2024-07-17,Seattle,WA,46-55,Male,Regular,Mobile App
CUS02484,2024-08-17,San Jose,CA,36-45,Female,Regular,Mobile App
CUS02485,2025-08-01,Philadelphia,PA,36-45,Female,Regular,Mobile App
CUS02486,2025-10-19,Los Angeles,CA,18-25,Male,New,Mobile App
CUS02487,2024-05-22,Chicago,IL,26-35,Male,Premium,Web
CUS02488,2025-02-13,Phoenix,AZ,56+,Male,Premium,Mobile App
CUS02489,2026-02-23,Phoenix,AZ,26-35,Male,Regular,Web
CUS02490,2024-12-08,Phoenix,AZ,36-45,Female,Premium,Mobile App
CUS02491,2026-02-20,Boston,MA,46-55,Male,New,Web
CUS02492,2024-08-08,Seattle,WA,26-35,Male,Regular,Web
CUS02493,2024-05-20,Austin,TX,18-25,Female,Regular,Mobile App
CUS02494,2025-10-11,Phoenix,AZ,56+,Female,Regular,Web
CUS02495,2024-11-27,San Diego,CA,26-35,Female,Regular,Web
CUS02496,2025-12-18,San Diego,CA,26-35,Female,Regular,Mobile App
CUS02497,2025-05-25,San Diego,CA,26-35,Female,Regular,Mobile App
CUS02498,2025-11-05,San Diego,CA,46-55,Male,Regular,Mobile App
CUS02499,2024-02-02,San Diego,CA,18-25,Female,Regular,Mobile App
CUS02500,2024-12-20,Houston,TX,46-55,Male,New,Mobile App
CUS02501,2025-09-19,Los Angeles,CA,18-25,Female,Premium,Mobile App
CUS02502,2025-11-21,Boston,MA,18-25,Female,New,Web
CUS02503,2024-06-26,Philadelphia,PA,36-45,Female,Premium,Mobile App
CUS02504,2024-06-06,Los Angeles,CA,36-45,Male,Regular,Mobile App
CUS02505,2025-02-10,Philadelphia,PA,46-55,Male,Regular,Mobile App
CUS02506,2024-03-26,New York,NY,18-25,Male,Premium,Web
CUS02507,2024-10-02,Philadelphia,PA,26-35,Male,Regular,Mobile App
CUS02508,2026-01-10,San Jose,CA,36-45,Male,Premium,Web
CUS02509,2026-02-04,Philadelphia,PA,36-45,Female,Regular,Web
CUS02510,2025-08-16,San Jose,CA,46-55,Male,New,Mobile App
CUS02511,2025-01-07,San Jose,CA,36-45,Female,Regular,Mobile App
CUS02512,2025-01-14,Dallas,TX,36-45,Male,New,Mobile App
CUS02513,2025-07-03,San Jose,CA,46-55,Male,Regular,Mobile App
CUS02514,2025-08-27,Houston,TX,56+,Male,Regular,Mobile App
CUS02515,2025-02-01,Chicago,IL,46-55,Female,Regular,Mobile App
CUS02516,2025-07-27,Houston,TX,26-35,Female,Regular,Mobile App
CUS02517,2024-06-10,Seattle,WA,18-25,Female,Regular,Mobile App
CUS02518,2026-03-17,New York,NY,46-55,Male,New,Web
CUS02519,2024-10-14,New York,NY,36-45,Female,Regular,Web
CUS02520,2025-04-13,Austin,TX,18-25,Male,Regular,Mobile App
CUS02521,2024-12-12,Chicago,IL,36-45,Female,Premium,Web
CUS02522,2024-09-19,Houston,TX,26-35,Female,Regular,Mobile App
CUS02523,2024-03-21,Philadelphia,PA,56+,Female,Regular,Mobile App
CUS02524,2025-09-10,San Jose,CA,26-35,Female,Regular,Web
CUS02525,2024-05-06,New York,NY,26-35,Male,Regular,Web
CUS02526,2026-01-15,San Jose,CA,36-45,Female,Regular,Mobile App
CUS02527,2025-02-16,San Jose,CA,56+,Female,Regular,Web
CUS02528,2025-05-22,Philadelphia,PA,18-25,Other,New,Mobile App
CUS02529,2024-08-06,Boston,MA,18-25,Male,Regular,Mobile App
CUS02530,2024-09-09,San Jose,CA,36-45,Female,Regular,Mobile App
CUS02531,2025-05-07,New York,NY,36-45,Male,Premium,Mobile App
CUS02532,2025-07-23,New York,NY,36-45,Male,Regular,Mobile App
CUS02533,2025-04-07,Dallas,TX,26-35,Female,Regular,Web
CUS02534,2025-12-19,New York,NY,36-45,Male,Regular,Web
CUS02535,2024-05-21,New York,NY,26-35,Male,Regular,Mobile App
CUS02536,2024-08-30,Houston,TX,46-55,Female,Regular,Mobile App
CUS02537,2024-12-05,Dallas,TX,26-35,Other,Premium,Web
CUS02538,2026-03-21,Austin,TX,46-55,Male,Premium,Mobile App
CUS02539,2025-07-20,Philadelphia,PA,26-35,Male,Regular,Web
CUS02540,2024-05-27,Philadelphia,PA,26-35,Other,Regular,Mobile App
CUS02541,2024-06-22,Dallas,TX,36-45,Male,Regular,Web
CUS02542,2024-04-24,Boston,MA,26-35,Male,Regular,Mobile App
CUS02543,2025-05-18,San Jose,CA,56+,Male,Regular,Mobile App
CUS02544,2024-10-10,Philadelphia,PA,26-35,Female,New,Mobile App
CUS02545,2024-05-12,Seattle,WA,26-35,Male,New,Mobile App
CUS02546,2026-01-31,Houston,TX,36-45,Female,Regular,Mobile App
CUS02547,2025-08-29,Houston,TX,46-55,Male,Regular,Mobile App
CUS02548,2025-03-04,Chicago,IL,46-55,Other,New,Mobile App
CUS02549,2026-03-20,Austin,TX,36-45,Female,Regular,Mobile App
CUS02550,2024-10-06,Los Angeles,CA,18-25,Male,Premium,Mobile App
CUS02551,2024-04-21,Chicago,IL,36-45,Male,Regular,Mobile App
CUS02552,2024-08-25,Phoenix,AZ,26-35,Male,Regular,Mobile App
CUS02553,2024-06-25,Dallas,TX,18-25,Male,Regular,Mobile App
CUS02554,2026-03-31,Houston,TX,26-35,Male,New,Web
CUS02555,2024-09-18,Houston,TX,36-45,Female,Regular,Web
CUS02556,2024-02-01,San Diego,CA,26-35,Male,Regular,Mobile App
CUS02557,2024-03-22,Austin,TX,36-45,Female,Regular,Mobile App
CUS02558,2024-01-07,Austin,TX,26-35,Male,Premium,Web
CUS02559,2024-08-16,Austin,TX,36-45,Male,New,Mobile App
CUS02560,2025-07-31,Phoenix,AZ,36-45,Female,Premium,Mobile App
CUS02561,2025-08-05,Austin,TX,36-45,Male,Regular,Mobile App
CUS02562,2024-09-07,Phoenix,AZ,36-45,Male,Regular,Web
CUS02563,2024-08-19,Houston,TX,26-35,Male,Regular,Mobile App
CUS02564,2025-06-30,Philadelphia,PA,46-55,Female,Premium,Mobile App
CUS02565,2025-07-25,Los Angeles,CA,26-35,Male,Regular,Mobile App
CUS02566,2024-10-17,Austin,TX,26-35,Male,New,Web
CUS02567,2024-02-10,Dallas,TX,18-25,Male,Regular,Mobile App
CUS02568,2025-02-14,Houston,TX,36-45,Female,Regular,Mobile App
CUS02569,2025-01-26,Boston,MA,18-25,Female,New,Mobile App
CUS02570,2025-06-19,San Jose,CA,26-35,Male,New,Web
CUS02571,2025-11-09,Chicago,IL,26-35,Female,Regular,Mobile App
CUS02572,2025-07-31,New York,NY,46-55,Female,New,Mobile App
CUS02573,2025-02-05,Chicago,IL,36-45,Male,Premium,Mobile App
CUS02574,2024-08-09,Austin,TX,46-55,Male,Regular,Mobile App
CUS02575,2025-10-28,Dallas,TX,26-35,Male,New,Web
CUS02576,2025-09-13,Los Angeles,CA,26-35,Female,Premium,Mobile App
CUS02577,2026-01-01,Los Angeles,CA,46-55,Female,Regular,Mobile App
CUS02578,2024-08-13,Phoenix,AZ,18-25,Male,Regular,Web
CUS02579,2024-01-08,Phoenix,AZ,56+,Male,Premium,Mobile App
CUS02580,2025-05-04,Houston,TX,46-55,Male,Regular,Mobile App
CUS02581,2025-03-10,Chicago,IL,26-35,Male,New,Web
CUS02582,2026-01-28,Phoenix,AZ,26-35,Female,New,Mobile App
CUS02583,2025-05-19,Boston,MA,26-35,Female,Premium,Mobile App
CUS02584,2024-01-10,Boston,MA,36-45,Male,Regular,Mobile App
CUS02585,2024-01-30,Chicago,IL,46-55,Female,Regular,Mobile App
CUS02586,2026-03-25,Boston,MA,26-35,Male,New,Mobile App
CUS02587,2024-03-31,Houston,TX,36-45,Male,Regular,Mobile App
CUS02588,2024-11-17,Los Angeles,CA,36-45,Male,New,Mobile App
CUS02589,2025-01-01,Seattle,WA,46-55,Female,Regular,Mobile App
CUS02590,2024-04-23,Los Angeles,CA,46-55,Male,Premium,Mobile App
CUS02591,2025-06-05,New York,NY,46-55,Female,Regular,Mobile App
CUS02592,2024-10-25,New York,NY,26-35,Male,Regular,Mobile App
CUS02593,2024-08-14,San Jose,CA,56+,Male,Premium,Mobile App
CUS02594,2024-02-28,Austin,TX,56+,Male,Regular,Mobile App
CUS02595,2024-08-18,Houston,TX,26-35,Male,Premium,Mobile App
CUS02596,2026-01-20,Dallas,TX,36-45,Female,Regular,Mobile App
CUS02597,2024-07-02,Chicago,IL,46-55,Female,New,Web
CUS02598,2024-03-09,Dallas,TX,26-35,Male,Regular,Mobile App
CUS02599,2024-01-29,Boston,MA,26-35,Male,Regular,Web
CUS02600,2025-04-23,Boston,MA,26-35,Male,Regular,Mobile App
CUS02601,2025-05-03,Phoenix,AZ,26-35,Male,Regular,Mobile App
CUS02602,2025-07-07,Houston,TX,26-35,Male,Regular,Mobile App
CUS02603,2025-06-13,San Diego,CA,26-35,Female,Regular,Mobile App
CUS02604,2025-06-22,Philadelphia,PA,46-55,Female,Premium,Mobile App
CUS02605,2025-04-14,Philadelphia,PA,26-35,Male,Regular,Web
CUS02606,2025-02-09,San Diego,CA,26-35,Other,Regular,Mobile App
CUS02607,2025-05-08,San Jose,CA,18-25,Female,New,Web
CUS02608,2024-04-06,Phoenix,AZ,26-35,Female,Premium,Mobile App
CUS02609,2025-12-05,Boston,MA,36-45,Female,New,Mobile App
CUS02610,2025-06-10,Chicago,IL,18-25,Female,New,Mobile App
CUS02611,2025-03-07,Austin,TX,26-35,Female,Premium,Mobile App
CUS02612,2024-03-25,Austin,TX,46-55,Female,New,Mobile App
CUS02613,2024-05-13,Philadelphia,PA,36-45,Female,New,Mobile App
CUS02614,2026-01-25,Philadelphia,PA,18-25,Female,Regular,Mobile App
CUS02615,2024-06-19,New York,NY,56+,Female,Premium,Mobile App
CUS02616,2025-11-20,San Jose,CA,26-35,Male,Regular,Mobile App
CUS02617,2024-05-15,San Jose,CA,36-45,Female,Regular,Mobile App
CUS02618,2025-11-05,Seattle,WA,18-25,Male,Premium,Web
CUS02619,2025-09-12,Chicago,IL,36-45,Male,New,Web
CUS02620,2025-01-10,Houston,TX,26-35,Male,New,Mobile App
CUS02621,2024-07-22,Boston,MA,36-45,Male,New,Web
CUS02622,2025-08-08,Seattle,WA,18-25,Female,Regular,Web
CUS02623,2024-06-02,Dallas,TX,26-35,Male,New,Mobile App
CUS02624,2025-11-15,Boston,MA,18-25,Male,Regular,Mobile App
CUS02625,2024-05-20,Boston,MA,56+,Male,Regular,Mobile App
CUS02626,2025-12-16,San Diego,CA,36-45,Female,Regular,Mobile App
CUS02627,2026-01-01,San Jose,CA,36-45,Male,Regular,Mobile App
CUS02628,2024-07-16,New York,NY,36-45,Female,Regular,Mobile App
CUS02629,2024-02-08,New York,NY,46-55,Female,Regular,Mobile App
CUS02630,2024-04-24,Seattle,WA,26-35,Male,New,Mobile App
CUS02631,2024-10-05,New York,NY,26-35,Female,New,Web
CUS02632,2025-01-08,Seattle,WA,46-55,Female,New,Mobile App
CUS02633,2024-09-16,Boston,MA,46-55,Female,Premium,Mobile App
CUS02634,2024-07-05,Boston,MA,26-35,Female,Premium,Mobile App
CUS02635,2026-02-03,Phoenix,AZ,18-25,Female,Regular,Web
CUS02636,2026-03-23,Phoenix,AZ,36-45,Male,Premium,Mobile App
CUS02637,2026-03-08,Houston,TX,46-55,Male,Regular,Mobile App
CUS02638,2026-03-10,Seattle,WA,46-55,Male,Premium,Mobile App
CUS02639,2026-03-20,New York,NY,46-55,Female,Premium,Web
CUS02640,2024-09-17,Phoenix,AZ,46-55,Male,New,Web
CUS02641,2025-08-23,Philadelphia,PA,36-45,Female,New,Web
CUS02642,2026-02-23,Seattle,WA,46-55,Female,Regular,Mobile App
CUS02643,2024-10-08,Seattle,WA,36-45,Male,Regular,Mobile App
CUS02644,2025-11-15,New York,NY,18-25,Female,Regular,Web
CUS02645,2024-04-18,Phoenix,AZ,46-55,Male,New,Mobile App
CUS02646,2024-09-13,Phoenix,AZ,26-35,Male,Regular,Mobile App
CUS02647,2025-04-24,Boston,MA,26-35,Female,Premium,Mobile App
CUS02648,2024-04-14,Philadelphia,PA,36-45,Female,Premium,Mobile App
CUS02649,2025-09-27,Austin,TX,36-45,Female,New,Web
CUS02650,2026-03-08,Boston,MA,26-35,Male,Regular,Mobile App
CUS02651,2025-08-09,San Diego,CA,18-25,Male,Regular,Web
CUS02652,2024-11-12,San Diego,CA,18-25,Male,Regular,Mobile App
CUS02653,2025-07-14,San Jose,CA,18-25,Male,Regular,Web
CUS02654,2025-10-25,Boston,MA,26-35,Male,New,Mobile App
CUS02655,2025-01-26,New York,NY,26-35,Female,Premium,Mobile App
CUS02656,2024-09-04,San Diego,CA,56+,Female,Premium,Mobile App
CUS02657,2026-02-10,Philadelphia,PA,56+,Male,Regular,Mobile App
CUS02658,2024-08-10,Boston,MA,46-55,Female,New,Mobile App
CUS02659,2026-02-21,Phoenix,AZ,46-55,Female,New,Mobile App
CUS02660,2024-03-02,Los Angeles,CA,26-35,Male,Premium,Mobile App
CUS02661,2024-06-01,Austin,TX,26-35,Male,Regular,Mobile App
CUS02662,2025-03-25,San Diego,CA,36-45,Female,Premium,Mobile App
CUS02663,2025-09-23,Chicago,IL,26-35,Female,Premium,Mobile App
CUS02664,2025-04-01,Dallas,TX,26-35,Male,Premium,Mobile App
CUS02665,2025-09-03,San Diego,CA,26-35,Female,New,Mobile App
CUS02666,2025-04-09,Los Angeles,CA,26-35,Male,Premium,Mobile App
CUS02667,2025-10-21,New York,NY,26-35,Female,Regular,Web
CUS02668,2025-01-13,Los Angeles,CA,36-45,Male,Premium,Mobile App
CUS02669,2025-08-27,Austin,TX,36-45,Male,New,Mobile App
CUS02670,2026-02-02,Philadelphia,PA,36-45,Female,Regular,Mobile App
CUS02671,2025-07-20,Seattle,WA,36-45,Female,Regular,Mobile App
CUS02672,2025-09-26,Austin,TX,36-45,Female,New,Mobile App
CUS02673,2026-03-30,New York,NY,46-55,Female,New,Mobile App
CUS02674,2025-03-11,Dallas,TX,56+,Female,Regular,Mobile App
CUS02675,2025-10-24,Los Angeles,CA,36-45,Female,New,Mobile App
CUS02676,2024-02-15,Phoenix,AZ,26-35,Female,Premium,Mobile App
CUS02677,2025-07-20,Dallas,TX,36-45,Female,Regular,Mobile App
CUS02678,2024-07-02,Dallas,TX,26-35,Female,New,Mobile App
CUS02679,2024-04-11,Seattle,WA,26-35,Male,Regular,Mobile App
CUS02680,2025-04-28,Dallas,TX,26-35,Female,Regular,Mobile App
CUS02681,2025-03-10,Boston,MA,46-55,Male,Regular,Mobile App
CUS02682,2024-01-12,Houston,TX,26-35,Male,Regular,Web
CUS02683,2025-09-12,Dallas,TX,26-35,Other,Regular,Mobile App
CUS02684,2024-03-24,Los Angeles,CA,18-25,Female,New,Web
CUS02685,2024-10-03,Houston,TX,26-35,Male,Regular,Mobile App
CUS02686,2026-03-17,San Jose,CA,36-45,Female,Regular,Mobile App
CUS02687,2025-03-25,Los Angeles,CA,36-45,Male,Regular,Mobile App
CUS02688,2025-08-11,Dallas,TX,36-45,Male,Regular,Web
CUS02689,2025-03-29,Austin,TX,36-45,Male,Regular,Mobile App
CUS02690,2026-03-27,Seattle,WA,36-45,Male,New,Mobile App
CUS02691,2025-11-16,Dallas,TX,56+,Female,Regular,Mobile App
CUS02692,2026-01-20,Houston,TX,36-45,Female,New,Mobile App
CUS02693,2026-02-21,San Diego,CA,26-35,Female,Regular,Mobile App
CUS02694,2025-10-01,Phoenix,AZ,36-45,Female,Premium,Mobile App
CUS02695,2025-04-02,Boston,MA,18-25,Female,Regular,Mobile App
CUS02696,2025-07-14,Austin,TX,18-25,Female,Regular,Mobile App
CUS02697,2025-04-30,Philadelphia,PA,26-35,Female,Regular,Mobile App
CUS02698,2025-03-28,Seattle,WA,36-45,Male,Regular,Mobile App
CUS02699,2025-02-26,Seattle,WA,26-35,Male,Premium,Mobile App
CUS02700,2024-07-03,Philadelphia,PA,26-35,Male,Regular,Mobile App
CUS02701,2025-01-24,Boston,MA,36-45,Male,New,Web
CUS02702,2026-03-30,Austin,TX,46-55,Female,Regular,Mobile App
CUS02703,2025-10-09,San Diego,CA,56+,Male,Regular,Mobile App
CUS02704,2025-10-08,San Jose,CA,26-35,Female,Premium,Web
CUS02705,2025-03-23,Chicago,IL,26-35,Female,Premium,Web
CUS02706,2025-08-13,Phoenix,AZ,56+,Female,Regular,Mobile App
CUS02707,2025-04-29,Los Angeles,CA,26-35,Female,Regular,Mobile App
CUS02708,2025-05-03,Houston,TX,26-35,Female,Regular,Mobile App
CUS02709,2024-09-30,Los Angeles,CA,26-35,Male,Regular,Web
CUS02710,2024-03-19,San Jose,CA,26-35,Male,Premium,Mobile App
CUS02711,2025-05-20,Houston,TX,26-35,Male,Regular,Mobile App
CUS02712,2024-05-15,Houston,TX,36-45,Female,New,Mobile App
CUS02713,2025-09-02,Seattle,WA,18-25,Male,Regular,Mobile App
CUS02714,2024-10-17,Seattle,WA,18-25,Male,Premium,Mobile App
CUS02715,2024-11-03,Philadelphia,PA,36-45,Female,Regular,Web
CUS02716,2024-11-27,Phoenix,AZ,46-55,Male,Regular,Mobile App
CUS02717,2026-01-24,Boston,MA,26-35,Male,Regular,Mobile App
CUS02718,2025-07-06,San Diego,CA,18-25,Male,Premium,Mobile App
CUS02719,2024-02-09,Dallas,TX,46-55,Male,Regular,Mobile App
CUS02720,2025-12-02,San Jose,CA,26-35,Male,New,Mobile App
CUS02721,2024-03-10,Chicago,IL,56+,Female,Regular,Mobile App
CUS02722,2024-07-04,Boston,MA,18-25,Female,Regular,Mobile App
CUS02723,2025-05-09,New York,NY,18-25,Male,New,Web
CUS02724,2024-04-13,Philadelphia,PA,18-25,Male,Regular,Mobile App
CUS02725,2024-03-28,New York,NY,46-55,Female,Premium,Web
CUS02726,2024-05-04,Houston,TX,18-25,Female,Premium,Mobile App
CUS02727,2024-01-23,Austin,TX,26-35,Male,Regular,Web
CUS02728,2025-08-09,Philadelphia,PA,46-55,Female,Regular,Web
CUS02729,2026-03-25,Boston,MA,26-35,Male,New,Mobile App
CUS02730,2024-12-14,Seattle,WA,46-55,Female,Regular,Web
CUS02731,2024-08-09,Seattle,WA,26-35,Male,New,Mobile App
CUS02732,2025-02-04,Boston,MA,36-45,Female,Regular,Web
CUS02733,2025-06-11,Austin,TX,36-45,Male,New,Mobile App
CUS02734,2025-09-29,Chicago,IL,36-45,Female,Regular,Web
CUS02735,2025-01-22,Houston,TX,26-35,Female,Regular,Mobile App
CUS02736,2024-01-27,Dallas,TX,26-35,Male,Regular,Web
CUS02737,2025-05-21,Phoenix,AZ,18-25,Male,New,Mobile App
CUS02738,2024-12-22,Phoenix,AZ,56+,Male,New,Mobile App
CUS02739,2025-04-21,San Diego,CA,26-35,Male,Regular,Mobile App
CUS02740,2024-03-29,New York,NY,26-35,Male,Regular,Mobile App
CUS02741,2024-07-31,Philadelphia,PA,18-25,Male,Premium,Mobile App
CUS02742,2024-07-06,San Jose,CA,18-25,Male,Regular,Web
CUS02743,2025-08-21,Los Angeles,CA,46-55,Male,Regular,Mobile App
CUS02744,2025-02-11,Boston,MA,36-45,Male,New,Mobile App
CUS02745,2024-12-01,Houston,TX,18-25,Male,Premium,Mobile App
CUS02746,2026-03-01,Los Angeles,CA,56+,Female,Regular,Web
CUS02747,2025-11-24,Philadelphia,PA,18-25,Female,Regular,Mobile App
CUS02748,2025-02-13,Boston,MA,36-45,Female,New,Mobile App
CUS02749,2024-12-31,Seattle,WA,36-45,Male,Regular,Mobile App
CUS02750,2025-11-22,San Diego,CA,26-35,Male,Regular,Web
CUS02751,2024-11-30,Austin,TX,18-25,Female,Regular,Mobile App
CUS02752,2024-12-15,New York,NY,26-35,Male,New,Mobile App
CUS02753,2026-02-01,San Diego,CA,26-35,Female,Premium,Mobile App
CUS02754,2024-11-11,Los Angeles,CA,46-55,Female,Premium,Mobile App
CUS02755,2026-01-12,San Jose,CA,18-25,Male,Premium,Web
CUS02756,2024-01-08,Seattle,WA,18-25,Female,Regular,Mobile App
CUS02757,2026-01-11,Dallas,TX,18-25,Female,Regular,Mobile App
CUS02758,2026-01-17,San Jose,CA,46-55,Female,Premium,Mobile App
CUS02759,2024-10-17,Los Angeles,CA,26-35,Male,Regular,Mobile App
CUS02760,2026-02-14,Los Angeles,CA,26-35,Female,Regular,Mobile App
CUS02761,2026-02-21,Philadelphia,PA,26-35,Male,Regular,Mobile App
CUS02762,2025-06-15,Seattle,WA,56+,Male,Regular,Mobile App
CUS02763,2024-02-08,Philadelphia,PA,26-35,Female,Premium,Mobile App
CUS02764,2025-11-20,San Diego,CA,26-35,Male,Regular,Mobile App
CUS02765,2024-07-15,San Jose,CA,36-45,Female,Regular,Mobile App
CUS02766,2025-08-05,Boston,MA,26-35,Female,Regular,Mobile App
CUS02767,2024-02-28,Dallas,TX,36-45,Male,Regular,Mobile App
CUS02768,2024-03-29,Houston,TX,36-45,Female,Regular,Mobile App
CUS02769,2025-08-31,Dallas,TX,56+,Other,Regular,Mobile App
CUS02770,2024-07-07,Chicago,IL,26-35,Male,Regular,Mobile App
CUS02771,2025-05-28,Seattle,WA,18-25,Male,New,Mobile App
CUS02772,2024-10-01,Chicago,IL,36-45,Male,Regular,Web
CUS02773,2026-02-21,Philadelphia,PA,36-45,Male,Regular,Mobile App
CUS02774,2026-01-12,Los Angeles,CA,18-25,Female,Regular,Mobile App
CUS02775,2024-05-05,Dallas,TX,36-45,Male,Regular,Mobile App
CUS02776,2024-02-08,San Diego,CA,18-25,Female,Regular,Mobile App
CUS02777,2024-04-01,Los Angeles,CA,26-35,Male,Regular,Mobile App
CUS02778,2024-07-14,Houston,TX,36-45,Female,Regular,Mobile App
CUS02779,2025-10-29,Dallas,TX,36-45,Male,Regular,Mobile App
CUS02780,2024-09-08,Los Angeles,CA,36-45,Male,New,Web
CUS02781,2025-02-21,San Diego,CA,46-55,Male,Premium,Mobile App
CUS02782,2025-03-19,Los Angeles,CA,26-35,Female,New,Mobile App
CUS02783,2024-06-09,Chicago,IL,18-25,Male,Regular,Mobile App
CUS02784,2025-02-24,Phoenix,AZ,36-45,Female,Regular,Mobile App
CUS02785,2025-11-29,Chicago,IL,26-35,Female,Premium,Mobile App
CUS02786,2024-04-02,Boston,MA,18-25,Female,New,Mobile App
CUS02787,2026-03-03,Philadelphia,PA,26-35,Female,Regular,Web
CUS02788,2025-09-01,Los Angeles,CA,36-45,Male,New,Mobile App
CUS02789,2024-02-03,San Jose,CA,26-35,Female,Regular,Web
CUS02790,2025-02-17,Boston,MA,36-45,Male,Regular,Mobile App
CUS02791,2025-09-28,Austin,TX,26-35,Female,Regular,Mobile App
CUS02792,2025-08-02,Boston,MA,46-55,Female,Regular,Mobile App
CUS02793,2024-11-26,San Diego,CA,56+,Other,Regular,Web
CUS02794,2025-07-11,Seattle,WA,36-45,Male,New,Web
CUS02795,2024-06-18,Phoenix,AZ,26-35,Male,Regular,Mobile App
CUS02796,2025-07-04,Austin,TX,26-35,Male,Regular,Web
CUS02797,2024-10-17,Dallas,TX,36-45,Male,Premium,Mobile App
CUS02798,2025-11-28,Dallas,TX,18-25,Male,Regular,Mobile App
CUS02799,2025-01-16,Phoenix,AZ,56+,Female,Regular,Web
CUS02800,2024-02-07,Boston,MA,46-55,Female,Regular,Mobile App
CUS02801,2025-08-31,San Jose,CA,36-45,Female,Regular,Mobile App
CUS02802,2024-01-09,Houston,TX,18-25,Male,Regular,Mobile App
CUS02803,2025-07-08,Seattle,WA,36-45,Female,Regular,Mobile App
CUS02804,2025-04-12,Phoenix,AZ,26-35,Other,Premium,Web
CUS02805,2025-02-10,Houston,TX,46-55,Male,Regular,Mobile App
CUS02806,2024-07-21,Dallas,TX,26-35,Male,Regular,Mobile App
CUS02807,2025-05-02,Houston,TX,18-25,Male,Premium,Mobile App
CUS02808,2024-12-14,New York,NY,26-35,Male,Premium,Mobile App
CUS02809,2024-09-27,Phoenix,AZ,18-25,Male,Regular,Mobile App
CUS02810,2024-10-15,Phoenix,AZ,36-45,Female,Regular,Web
CUS02811,2025-11-29,Boston,MA,36-45,Male,New,Mobile App
CUS02812,2025-07-07,Los Angeles,CA,26-35,Other,Regular,Web
CUS02813,2025-09-30,Chicago,IL,56+,Female,Premium,Mobile App
CUS02814,2024-05-31,Philadelphia,PA,36-45,Female,New,Mobile App
CUS02815,2024-08-15,Austin,TX,46-55,Female,New,Mobile App
CUS02816,2026-02-01,Chicago,IL,26-35,Male,New,Mobile App
CUS02817,2024-01-01,Los Angeles,CA,36-45,Male,New,Mobile App
CUS02818,2025-07-29,Austin,TX,56+,Male,Regular,Web
CUS02819,2024-07-17,New York,NY,26-35,Male,Regular,Mobile App
CUS02820,2025-11-06,Chicago,IL,26-35,Female,Regular,Mobile App
CUS02821,2025-02-15,Dallas,TX,18-25,Male,New,Web
CUS02822,2024-02-01,Dallas,TX,26-35,Male,Regular,Mobile App
CUS02823,2024-05-27,San Jose,CA,36-45,Male,New,Mobile App
CUS02824,2024-05-31,Austin,TX,36-45,Male,Regular,Mobile App
CUS02825,2025-07-02,Dallas,TX,56+,Female,New,Mobile App
CUS02826,2025-12-17,Houston,TX,26-35,Female,Regular,Mobile App
CUS02827,2025-01-10,Philadelphia,PA,26-35,Female,Regular,Mobile App
CUS02828,2024-10-08,Chicago,IL,18-25,Male,Regular,Web
CUS02829,2025-10-26,San Jose,CA,36-45,Male,New,Mobile App
CUS02830,2025-12-31,Houston,TX,18-25,Female,Premium,Mobile App
CUS02831,2026-03-25,New York,NY,36-45,Male,Regular,Web
CUS02832,2025-05-18,Phoenix,AZ,36-45,Male,New,Mobile App
CUS02833,2025-04-27,Los Angeles,CA,26-35,Male,Regular,Web
CUS02834,2025-10-15,Phoenix,AZ,26-35,Female,Regular,Web
CUS02835,2025-08-17,Philadelphia,PA,18-25,Female,Regular,Mobile App
CUS02836,2025-03-06,Phoenix,AZ,46-55,Female,Regular,Mobile App
CUS02837,2026-01-26,Houston,TX,36-45,Female,New,Mobile App
CUS02838,2025-06-20,Boston,MA,36-45,Male,Premium,Mobile App
CUS02839,2025-05-24,Boston,MA,26-35,Male,Regular,Web
CUS02840,2024-12-23,Dallas,TX,26-35,Male,Regular,Mobile App
CUS02841,2024-02-18,Seattle,WA,36-45,Female,Regular,Mobile App
CUS02842,2024-11-10,New York,NY,56+,Male,Regular,Mobile App
CUS02843,2026-02-05,Austin,TX,26-35,Female,Regular,Web
CUS02844,2025-11-07,New York,NY,56+,Male,Regular,Web
CUS02845,2024-11-16,Los Angeles,CA,26-35,Male,New,Web
CUS02846,2025-04-23,New York,NY,36-45,Male,New,Web
CUS02847,2025-09-28,Seattle,WA,56+,Female,Regular,Mobile App
CUS02848,2024-01-18,San Diego,CA,56+,Male,New,Web
CUS02849,2024-05-24,Austin,TX,26-35,Male,Premium,Web
CUS02850,2025-08-14,Seattle,WA,26-35,Female,Regular,Mobile App
CUS02851,2024-07-24,Phoenix,AZ,46-55,Male,New,Mobile App
CUS02852,2025-03-29,New York,NY,26-35,Female,New,Web
CUS02853,2024-03-03,New York,NY,26-35,Female,Regular,Mobile App
CUS02854,2024-05-19,San Diego,CA,36-45,Male,Regular,Web
CUS02855,2024-10-28,Austin,TX,46-55,Male,Regular,Mobile App
CUS02856,2024-02-24,Dallas,TX,26-35,Male,Regular,Mobile App
CUS02857,2024-09-15,Boston,MA,26-35,Female,Premium,Web
CUS02858,2024-08-18,San Jose,CA,26-35,Female,Regular,Mobile App
CUS02859,2024-12-09,Philadelphia,PA,26-35,Male,Regular,Web
CUS02860,2025-12-27,Austin,TX,46-55,Male,Premium,Mobile App
CUS02861,2024-05-11,New York,NY,46-55,Male,New,Mobile App
CUS02862,2024-07-15,Philadelphia,PA,26-35,Female,Regular,Mobile App
CUS02863,2026-02-17,Houston,TX,46-55,Male,Premium,Mobile App
CUS02864,2025-08-01,Phoenix,AZ,26-35,Female,Premium,Mobile App
CUS02865,2024-09-29,New York,NY,18-25,Male,Premium,Mobile App
CUS02866,2024-10-27,Los Angeles,CA,26-35,Female,Regular,Mobile App
CUS02867,2025-05-18,Seattle,WA,18-25,Male,Regular,Mobile App
CUS02868,2024-05-14,Dallas,TX,46-55,Female,New,Mobile App
CUS02869,2024-06-22,San Diego,CA,36-45,Male,Regular,Mobile App
CUS02870,2026-02-19,Seattle,WA,18-25,Other,Regular,Mobile App
CUS02871,2024-03-30,Los Angeles,CA,18-25,Male,Premium,Mobile App
CUS02872,2024-03-11,Boston,MA,26-35,Male,Regular,Mobile App
CUS02873,2024-06-09,Boston,MA,18-25,Male,Regular,Mobile App
CUS02874,2024-04-26,Boston,MA,26-35,Female,Regular,Mobile App
CUS02875,2025-05-18,Boston,MA,46-55,Female,Premium,Mobile App
CUS02876,2024-07-30,Philadelphia,PA,26-35,Male,Regular,Mobile App
CUS02877,2025-05-23,Austin,TX,36-45,Male,Regular,Web
CUS02878,2024-08-06,Dallas,TX,46-55,Male,Regular,Mobile App
CUS02879,2026-02-14,Boston,MA,26-35,Female,Regular,Mobile App
CUS02880,2025-01-14,Boston,MA,56+,Male,Premium,Mobile App
CUS02881,2024-07-02,Houston,TX,26-35,Female,Regular,Mobile App
CUS02882,2025-10-25,Chicago,IL,36-45,Female,Regular,Mobile App
CUS02883,2026-01-11,San Jose,CA,56+,Other,New,Mobile App
CUS02884,2024-08-03,Houston,TX,46-55,Female,Regular,Mobile App
CUS02885,2025-08-07,Phoenix,AZ,56+,Male,Regular,Web
CUS02886,2025-04-28,Austin,TX,18-25,Female,Regular,Web
CUS02887,2025-09-10,New York,NY,56+,Male,Regular,Mobile App
CUS02888,2025-06-15,San Jose,CA,36-45,Female,Regular,Mobile App
CUS02889,2024-09-09,Seattle,WA,26-35,Female,Regular,Mobile App
CUS02890,2025-05-31,New York,NY,26-35,Female,New,Mobile App
CUS02891,2025-11-10,New York,NY,46-55,Female,Regular,Web
CUS02892,2025-02-13,Philadelphia,PA,18-25,Male,New,Mobile App
CUS02893,2024-02-20,Los Angeles,CA,26-35,Female,Regular,Mobile App
CUS02894,2026-03-02,New York,NY,46-55,Female,Premium,Mobile App
CUS02895,2024-07-06,San Jose,CA,46-55,Female,Premium,Mobile App
CUS02896,2025-06-17,Philadelphia,PA,46-55,Female,Regular,Mobile App
CUS02897,2024-11-16,Houston,TX,36-45,Female,Premium,Mobile App
CUS02898,2025-03-27,San Jose,CA,26-35,Female,Regular,Mobile App
CUS02899,2024-07-23,Houston,TX,36-45,Female,New,Mobile App
CUS02900,2025-10-05,Chicago,IL,56+,Male,Premium,Mobile App
CUS02901,2024-08-20,Houston,TX,36-45,Male,Regular,Mobile App
CUS02902,2025-01-11,Seattle,WA,18-25,Female,Regular,Web
CUS02903,2024-11-01,San Jose,CA,36-45,Other,Premium,Web
CUS02904,2025-10-05,Houston,TX,26-35,Other,Premium,Mobile App
CUS02905,2026-01-24,Philadelphia,PA,26-35,Female,Premium,Web
CUS02906,2024-08-08,Seattle,WA,36-45,Female,Regular,Mobile App
CUS02907,2024-10-15,Chicago,IL,18-25,Female,Regular,Mobile App
CUS02908,2026-01-09,Chicago,IL,36-45,Female,Regular,Mobile App
CUS02909,2024-01-04,Houston,TX,36-45,Male,New,Mobile App
CUS02910,2025-03-27,Chicago,IL,46-55,Male,New,Mobile App
CUS02911,2025-12-13,Los Angeles,CA,46-55,Female,Regular,Mobile App
CUS02912,2024-08-05,Houston,TX,26-35,Male,Regular,Web
CUS02913,2024-02-22,Boston,MA,36-45,Female,Regular,Mobile App
CUS02914,2025-01-17,San Diego,CA,46-55,Male,Regular,Mobile App
CUS02915,2025-02-25,San Jose,CA,46-55,Female,Regular,Web
CUS02916,2025-05-11,Seattle,WA,26-35,Female,Premium,Mobile App
CUS02917,2024-09-11,Chicago,IL,56+,Male,Regular,Web
CUS02918,2024-05-06,Houston,TX,18-25,Male,Regular,Mobile App
CUS02919,2024-05-21,Dallas,TX,36-45,Female,Regular,Mobile App
CUS02920,2025-05-15,Houston,TX,46-55,Female,Regular,Mobile App
CUS02921,2024-09-26,Austin,TX,26-35,Female,Regular,Mobile App
CUS02922,2024-10-06,Boston,MA,56+,Male,Regular,Mobile App
CUS02923,2024-09-06,Chicago,IL,26-35,Male,Regular,Mobile App
CUS02924,2024-08-09,Chicago,IL,26-35,Male,New,Mobile App
CUS02925,2024-07-06,Dallas,TX,36-45,Female,Premium,Web
CUS02926,2024-07-22,New York,NY,36-45,Female,Regular,Mobile App
CUS02927,2026-03-10,San Jose,CA,26-35,Female,Regular,Web
CUS02928,2024-11-06,Boston,MA,26-35,Male,Premium,Mobile App
CUS02929,2025-06-07,San Jose,CA,26-35,Female,New,Mobile App
CUS02930,2025-09-15,San Jose,CA,18-25,Male,New,Web
CUS02931,2025-01-16,Chicago,IL,36-45,Female,Premium,Mobile App
CUS02932,2024-04-08,Houston,TX,26-35,Male,Premium,Web
CUS02933,2025-08-28,Boston,MA,36-45,Female,Regular,Mobile App
CUS02934,2024-03-27,Seattle,WA,36-45,Male,Premium,Mobile App
CUS02935,2024-11-23,Seattle,WA,56+,Male,Regular,Mobile App
CUS02936,2024-01-11,Chicago,IL,46-55,Female,Premium,Mobile App
CUS02937,2024-09-27,Austin,TX,18-25,Female,New,Mobile App
CUS02938,2024-09-17,Dallas,TX,26-35,Male,Regular,Mobile App
CUS02939,2026-02-06,Dallas,TX,46-55,Male,Regular,Mobile App
CUS02940,2025-07-04,Dallas,TX,56+,Other,Regular,Mobile App
CUS02941,2024-04-19,Phoenix,AZ,18-25,Male,Regular,Mobile App
CUS02942,2025-12-21,Seattle,WA,36-45,Other,Premium,Web
CUS02943,2024-10-11,Los Angeles,CA,36-45,Female,Regular,Mobile App
CUS02944,2025-05-29,New York,NY,56+,Male,Regular,Mobile App
CUS02945,2024-05-17,New York,NY,18-25,Female,Regular,Mobile App
CUS02946,2024-08-05,Chicago,IL,56+,Female,Regular,Mobile App
CUS02947,2025-08-13,San Jose,CA,56+,Male,Regular,Mobile App
CUS02948,2025-03-08,Phoenix,AZ,18-25,Female,Regular,Mobile App
CUS02949,2025-01-31,Chicago,IL,18-25,Male,New,Mobile App
CUS02950,2026-03-31,Austin,TX,18-25,Female,Premium,Mobile App
CUS02951,2025-08-23,Boston,MA,26-35,Male,Regular,Web
CUS02952,2025-06-14,Chicago,IL,56+,Male,Regular,Mobile App
CUS02953,2025-10-18,Los Angeles,CA,36-45,Male,Regular,Web
CUS02954,2024-11-25,Houston,TX,46-55,Male,Regular,Mobile App
CUS02955,2024-08-17,New York,NY,26-35,Female,Premium,Mobile App
CUS02956,2024-11-29,New York,NY,26-35,Male,Regular,Mobile App
CUS02957,2024-02-21,Chicago,IL,56+,Female,Premium,Mobile App
CUS02958,2024-07-19,Chicago,IL,56+,Male,Regular,Web
CUS02959,2024-07-15,Los Angeles,CA,26-35,Female,Regular,Web
CUS02960,2024-06-20,Houston,TX,26-35,Female,New,Mobile App
CUS02961,2024-11-27,New York,NY,36-45,Other,Premium,Mobile App
CUS02962,2025-09-15,Houston,TX,46-55,Male,Regular,Mobile App
CUS02963,2025-06-19,Austin,TX,26-35,Female,Regular,Web
CUS02964,2024-02-22,Philadelphia,PA,26-35,Female,Regular,Web
CUS02965,2024-08-08,Seattle,WA,46-55,Male,New,Web
CUS02966,2024-04-28,Philadelphia,PA,26-35,Male,Premium,Mobile App
CUS02967,2024-12-30,Seattle,WA,26-35,Female,Regular,Mobile App
CUS02968,2024-09-16,Chicago,IL,36-45,Male,Regular,Web
CUS02969,2024-11-19,Seattle,WA,26-35,Female,Regular,Web
CUS02970,2024-12-14,Los Angeles,CA,26-35,Male,Regular,Mobile App
CUS02971,2024-01-08,Phoenix,AZ,36-45,Male,Regular,Web
CUS02972,2024-03-12,Los Angeles,CA,36-45,Female,Premium,Mobile App
CUS02973,2025-07-05,Houston,TX,36-45,Male,Regular,Mobile App
CUS02974,2024-03-06,Dallas,TX,46-55,Female,Regular,Mobile App
CUS02975,2024-08-07,Austin,TX,26-35,Male,Premium,Mobile App
CUS02976,2025-07-30,San Diego,CA,26-35,Male,Regular,Mobile App
CUS02977,2024-07-10,Los Angeles,CA,26-35,Male,New,Mobile App
CUS02978,2025-01-02,Los Angeles,CA,26-35,Female,Regular,Mobile App
CUS02979,2024-12-31,San Diego,CA,36-45,Male,Regular,Mobile App
CUS02980,2025-09-23,San Diego,CA,36-45,Male,Regular,Mobile App
CUS02981,2025-05-18,Philadelphia,PA,18-25,Male,Regular,Web
CUS02982,2025-12-15,San Diego,CA,36-45,Female,Regular,Mobile App
CUS02983,2024-12-22,Austin,TX,46-55,Male,Premium,Web
CUS02984,2024-12-25,Philadelphia,PA,18-25,Female,Regular,Mobile App
CUS02985,2025-06-15,Philadelphia,PA,26-35,Female,New,Mobile App
CUS02986,2026-01-22,Austin,TX,18-25,Male,Regular,Mobile App
CUS02987,2026-03-31,Los Angeles,CA,46-55,Male,Premium,Web
CUS02988,2025-11-24,Philadelphia,PA,36-45,Male,Regular,Mobile App
CUS02989,2024-04-19,Philadelphia,PA,26-35,Male,Regular,Mobile App
CUS02990,2025-11-30,Austin,TX,26-35,Male,Regular,Mobile App
CUS02991,2025-08-02,Austin,TX,18-25,Female,Regular,Mobile App
CUS02992,2025-10-01,San Jose,CA,26-35,Female,Regular,Web
CUS02993,2026-03-26,Los Angeles,CA,26-35,Female,Premium,Web
CUS02994,2025-11-16,Houston,TX,36-45,Female,Premium,Mobile App
CUS02995,2025-04-14,Dallas,TX,26-35,Male,Regular,Mobile App
CUS02996,2024-06-12,San Diego,CA,26-35,Male,Regular,Mobile App
CUS02997,2025-03-31,Dallas,TX,26-35,Male,Premium,Mobile App
CUS02998,2025-01-18,Boston,MA,46-55,Female,Regular,Mobile App
CUS02999,2026-01-18,Phoenix,AZ,26-35,Male,Regular,Mobile App
CUS03000,2025-04-06,Houston,TX,56+,Male,Regular,Mobile App
CUS03001,2024-11-12,New York,NY,26-35,Female,Regular,Mobile App
CUS03002,2025-01-13,San Jose,CA,26-35,Male,Regular,Web
CUS03003,2026-02-14,Phoenix,AZ,18-25,Male,Premium,Mobile App
CUS03004,2024-10-24,Chicago,IL,18-25,Female,Regular,Mobile App
CUS03005,2026-02-15,Dallas,TX,18-25,Female,Regular,Web
CUS03006,2024-10-12,Los Angeles,CA,56+,Female,Regular,Web
CUS03007,2025-02-12,Houston,TX,36-45,Female,Premium,Web
CUS03008,2024-11-13,San Jose,CA,18-25,Male,New,Web
CUS03009,2025-09-30,Los Angeles,CA,26-35,Female,Regular,Mobile App
CUS03010,2026-03-16,Philadelphia,PA,18-25,Female,New,Mobile App
CUS03011,2024-01-23,San Jose,CA,26-35,Female,Premium,Mobile App
CUS03012,2024-12-28,Seattle,WA,26-35,Male,Regular,Mobile App
CUS03013,2024-05-02,Boston,MA,36-45,Female,Regular,Mobile App
CUS03014,2024-11-22,Austin,TX,36-45,Female,Regular,Mobile App
CUS03015,2026-02-08,New York,NY,26-35,Female,Regular,Mobile App
CUS03016,2025-01-23,Seattle,WA,46-55,Male,New,Mobile App
CUS03017,2024-11-01,San Jose,CA,36-45,Female,New,Web
CUS03018,2025-09-05,Dallas,TX,26-35,Male,Regular,Mobile App
CUS03019,2025-09-16,Seattle,WA,18-25,Female,New,Web
CUS03020,2026-02-01,Dallas,TX,18-25,Male,New,Mobile App
CUS03021,2025-07-06,San Jose,CA,26-35,Female,Premium,Mobile App
CUS03022,2026-03-31,San Jose,CA,36-45,Male,Regular,Mobile App
CUS03023,2025-06-26,Los Angeles,CA,26-35,Female,Regular,Mobile App
CUS03024,2024-06-13,Seattle,WA,18-25,Female,Regular,Mobile App
CUS03025,2025-05-07,Seattle,WA,26-35,Male,Regular,Web
CUS03026,2024-01-26,Chicago,IL,18-25,Female,Regular,Mobile App
CUS03027,2024-10-19,Phoenix,AZ,46-55,Male,Regular,Mobile App
CUS03028,2026-01-01,New York,NY,36-45,Female,Premium,Mobile App
CUS03029,2025-06-06,Philadelphia,PA,18-25,Male,Regular,Mobile App
CUS03030,2026-03-15,Houston,TX,26-35,Female,Regular,Web
CUS03031,2025-08-23,Austin,TX,36-45,Male,Regular,Mobile App
CUS03032,2024-11-26,Los Angeles,CA,26-35,Male,New,Mobile App
CUS03033,2025-04-17,San Jose,CA,26-35,Male,Regular,Mobile App
CUS03034,2024-11-26,Seattle,WA,56+,Male,New,Mobile App
CUS03035,2024-05-21,San Jose,CA,26-35,Female,Regular,Mobile App
CUS03036,2025-02-12,Boston,MA,36-45,Male,Regular,Mobile App
CUS03037,2025-11-09,San Diego,CA,18-25,Female,New,Mobile App
CUS03038,2024-02-10,Austin,TX,26-35,Female,Premium,Mobile App
CUS03039,2024-03-13,San Diego,CA,46-55,Female,Regular,Mobile App
CUS03040,2025-06-22,Seattle,WA,26-35,Female,Regular,Mobile App
CUS03041,2024-04-16,Seattle,WA,18-25,Male,Regular,Mobile App
CUS03042,2025-04-01,Chicago,IL,18-25,Male,New,Mobile App
CUS03043,2024-03-30,Austin,TX,26-35,Male,Regular,Mobile App
CUS03044,2024-06-15,Boston,MA,26-35,Female,Regular,Mobile App
CUS03045,2024-02-25,San Jose,CA,26-35,Male,New,Mobile App
CUS03046,2024-08-04,Houston,TX,36-45,Female,Regular,Mobile App
CUS03047,2025-01-23,San Jose,CA,46-55,Male,Regular,Mobile App
CUS03048,2024-04-14,San Diego,CA,26-35,Male,Regular,Mobile App
CUS03049,2025-08-06,Austin,TX,26-35,Male,Regular,Mobile App
CUS03050,2024-05-19,San Jose,CA,36-45,Female,Regular,Mobile App
CUS03051,2024-05-05,Los Angeles,CA,56+,Female,New,Mobile App
CUS03052,2025-07-04,Phoenix,AZ,36-45,Female,Regular,Mobile App
CUS03053,2024-05-07,Dallas,TX,46-55,Female,Premium,Mobile App
CUS03054,2026-01-17,Los Angeles,CA,26-35,Female,Regular,Mobile App
CUS03055,2026-02-03,San Jose,CA,46-55,Female,Regular,Mobile App
CUS03056,2026-03-13,Philadelphia,PA,36-45,Female,Regular,Mobile App
CUS03057,2024-10-16,Los Angeles,CA,36-45,Male,Regular,Mobile App
CUS03058,2024-06-05,Dallas,TX,18-25,Female,Regular,Mobile App
CUS03059,2024-05-03,San Jose,CA,18-25,Female,Regular,Mobile App
CUS03060,2024-01-06,Phoenix,AZ,26-35,Male,Regular,Mobile App
CUS03061,2024-07-15,Philadelphia,PA,26-35,Female,Regular,Web
CUS03062,2025-05-08,Boston,MA,26-35,Female,Regular,Mobile App
CUS03063,2026-02-07,Houston,TX,26-35,Female,Regular,Mobile App
CUS03064,2024-04-24,San Jose,CA,18-25,Male,New,Mobile App
CUS03065,2026-03-08,Seattle,WA,36-45,Male,New,Mobile App
CUS03066,2025-08-14,Seattle,WA,46-55,Male,New,Mobile App
CUS03067,2025-03-04,Dallas,TX,18-25,Male,Regular,Mobile App
CUS03068,2024-08-01,Philadelphia,PA,26-35,Male,Regular,Web
CUS03069,2026-01-25,Phoenix,AZ,18-25,Male,Premium,Mobile App
CUS03070,2024-09-09,New York,NY,56+,Male,Regular,Mobile App
CUS03071,2024-06-29,Los Angeles,CA,26-35,Male,Regular,Mobile App
CUS03072,2024-09-15,Chicago,IL,36-45,Other,Regular,Mobile App
CUS03073,2024-06-16,New York,NY,36-45,Male,Regular,Mobile App
CUS03074,2024-12-14,San Diego,CA,56+,Female,New,Mobile App
CUS03075,2024-01-01,Philadelphia,PA,46-55,Female,Regular,Mobile App
CUS03076,2024-09-03,Boston,MA,36-45,Male,Premium,Mobile App
CUS03077,2025-02-09,Los Angeles,CA,26-35,Male,New,Mobile App
CUS03078,2024-08-21,Phoenix,AZ,26-35,Male,Regular,Mobile App
CUS03079,2025-08-04,San Diego,CA,46-55,Male,Regular,Mobile App
CUS03080,2025-01-11,Los Angeles,CA,56+,Male,New,Web
CUS03081,2024-11-07,Houston,TX,26-35,Female,Regular,Mobile App
CUS03082,2025-05-08,Dallas,TX,46-55,Male,New,Mobile App
CUS03083,2024-07-13,Austin,TX,46-55,Female,Regular,Mobile App
CUS03084,2025-09-24,Chicago,IL,56+,Female,Regular,Mobile App
CUS03085,2025-09-08,New York,NY,26-35,Female,Premium,Mobile App
CUS03086,2026-02-07,Austin,TX,26-35,Male,Premium,Web
CUS03087,2024-01-25,Seattle,WA,46-55,Female,Regular,Mobile App
CUS03088,2025-01-15,San Diego,CA,26-35,Male,New,Mobile App
CUS03089,2025-01-17,Phoenix,AZ,26-35,Male,Premium,Web
CUS03090,2026-01-05,Chicago,IL,18-25,Female,New,Mobile App
CUS03091,2025-03-17,Phoenix,AZ,26-35,Female,Regular,Mobile App
CUS03092,2025-01-12,Boston,MA,46-55,Female,Regular,Mobile App
CUS03093,2024-08-22,Los Angeles,CA,46-55,Male,Regular,Web
CUS03094,2025-12-09,Houston,TX,36-45,Female,Regular,Mobile App
CUS03095,2024-03-10,Chicago,IL,26-35,Male,New,Mobile App
CUS03096,2025-08-26,Houston,TX,18-25,Female,Regular,Mobile App
CUS03097,2024-05-25,Philadelphia,PA,26-35,Female,New,Mobile App
CUS03098,2025-02-24,Boston,MA,18-25,Female,Regular,Mobile App
CUS03099,2026-02-17,Los Angeles,CA,46-55,Male,Premium,Mobile App
CUS03100,2025-02-17,San Jose,CA,26-35,Male,New,Mobile App
CUS03101,2025-03-06,San Diego,CA,26-35,Female,New,Mobile App
CUS03102,2024-12-13,Houston,TX,36-45,Female,Regular,Mobile App
CUS03103,2025-12-29,Austin,TX,36-45,Male,Premium,Mobile App
CUS03104,2025-09-30,Phoenix,AZ,36-45,Female,New,Mobile App
CUS03105,2024-07-16,Phoenix,AZ,18-25,Male,Regular,Web
CUS03106,2025-12-17,Austin,TX,46-55,Female,Regular,Mobile App
CUS03107,2024-01-30,Houston,TX,18-25,Male,Regular,Mobile App
CUS03108,2025-03-22,Philadelphia,PA,36-45,Female,Regular,Mobile App
CUS03109,2025-08-30,Austin,TX,56+,Male,New,Mobile App
CUS03110,2025-12-01,Phoenix,AZ,26-35,Male,Regular,Mobile App
CUS03111,2025-12-10,Chicago,IL,26-35,Male,New,Mobile App
CUS03112,2024-06-29,Houston,TX,46-55,Female,Regular,Mobile App
CUS03113,2025-09-23,San Jose,CA,36-45,Female,Premium,Mobile App
CUS03114,2025-11-15,Dallas,TX,36-45,Male,New,Mobile App
CUS03115,2024-12-01,Austin,TX,56+,Male,Regular,Web
CUS03116,2026-02-07,Boston,MA,18-25,Male,New,Mobile App
CUS03117,2025-07-15,Dallas,TX,56+,Female,Regular,Mobile App
CUS03118,2025-06-11,Austin,TX,26-35,Female,Premium,Mobile App
CUS03119,2026-03-23,Phoenix,AZ,18-25,Male,Premium,Mobile App
CUS03120,2025-03-24,Chicago,IL,26-35,Female,Regular,Mobile App
CUS03121,2025-06-22,Austin,TX,18-25,Female,New,Mobile App
CUS03122,2024-02-20,San Diego,CA,26-35,Male,Regular,Mobile App
CUS03123,2025-03-07,San Jose,CA,36-45,Female,Premium,Web
CUS03124,2026-01-05,San Jose,CA,26-35,Male,Regular,Mobile App
CUS03125,2025-01-06,Houston,TX,36-45,Male,Regular,Mobile App
CUS03126,2024-02-15,Austin,TX,36-45,Female,Regular,Mobile App
CUS03127,2025-03-08,Austin,TX,36-45,Male,Regular,Mobile App
CUS03128,2024-09-21,Phoenix,AZ,56+,Female,New,Mobile App
CUS03129,2025-02-13,Los Angeles,CA,26-35,Male,Premium,Mobile App
CUS03130,2025-04-02,Philadelphia,PA,26-35,Female,Regular,Mobile App
CUS03131,2024-05-13,Boston,MA,36-45,Male,New,Mobile App
CUS03132,2025-07-17,Philadelphia,PA,26-35,Female,Premium,Mobile App
CUS03133,2025-12-09,Houston,TX,18-25,Male,Regular,Web
CUS03134,2025-01-21,Seattle,WA,36-45,Male,Regular,Web
CUS03135,2024-03-11,Los Angeles,CA,18-25,Female,Regular,Web
CUS03136,2024-03-31,Austin,TX,18-25,Male,Premium,Mobile App
CUS03137,2024-01-10,Boston,MA,26-35,Female,Regular,Web
CUS03138,2025-05-11,Philadelphia,PA,26-35,Male,Premium,Mobile App
CUS03139,2024-03-02,Chicago,IL,18-25,Male,Regular,Mobile App
CUS03140,2025-09-16,Seattle,WA,26-35,Male,Regular,Mobile App
CUS03141,2025-01-26,Philadelphia,PA,26-35,Other,New,Mobile App
CUS03142,2025-12-02,Chicago,IL,36-45,Male,Regular,Web
CUS03143,2024-08-07,San Diego,CA,46-55,Female,Regular,Mobile App
CUS03144,2026-01-23,Houston,TX,26-35,Male,Regular,Mobile App
CUS03145,2025-08-14,New York,NY,46-55,Female,New,Mobile App
CUS03146,2026-03-28,Phoenix,AZ,26-35,Female,Regular,Web
CUS03147,2024-07-27,Philadelphia,PA,26-35,Male,Premium,Mobile App
CUS03148,2026-03-26,San Diego,CA,56+,Male,New,Web
CUS03149,2024-06-23,Boston,MA,36-45,Male,Premium,Mobile App
CUS03150,2025-09-11,Philadelphia,PA,46-55,Female,Regular,Mobile App
CUS03151,2025-10-30,Dallas,TX,36-45,Male,Regular,Mobile App
CUS03152,2025-09-10,Austin,TX,18-25,Female,Regular,Mobile App
CUS03153,2024-03-21,Seattle,WA,46-55,Female,Regular,Mobile App
CUS03154,2024-09-16,San Jose,CA,26-35,Male,Regular,Mobile App
CUS03155,2025-10-20,Houston,TX,36-45,Female,Regular,Mobile App
CUS03156,2025-10-01,Houston,TX,56+,Female,Regular,Mobile App
CUS03157,2024-05-19,San Jose,CA,26-35,Male,Regular,Web
CUS03158,2024-03-27,New York,NY,56+,Female,Regular,Web
CUS03159,2024-10-05,Chicago,IL,18-25,Male,Premium,Mobile App
CUS03160,2025-01-25,Houston,TX,26-35,Female,Regular,Mobile App
CUS03161,2025-08-24,Seattle,WA,36-45,Female,New,Mobile App
CUS03162,2026-03-09,Dallas,TX,18-25,Male,New,Web
CUS03163,2024-03-25,San Diego,CA,36-45,Female,Regular,Web
CUS03164,2024-12-25,Houston,TX,46-55,Female,Premium,Mobile App
CUS03165,2026-03-25,Houston,TX,26-35,Female,Regular,Web
CUS03166,2024-07-05,Boston,MA,46-55,Male,Premium,Mobile App
CUS03167,2025-10-22,Los Angeles,CA,26-35,Female,New,Web
CUS03168,2026-03-04,Philadelphia,PA,26-35,Male,New,Mobile App
CUS03169,2025-06-27,Houston,TX,26-35,Female,New,Mobile App
CUS03170,2025-09-23,San Diego,CA,36-45,Female,Regular,Mobile App
CUS03171,2025-08-29,Houston,TX,18-25,Male,Regular,Mobile App
CUS03172,2025-06-26,Phoenix,AZ,46-55,Female,Regular,Mobile App
CUS03173,2025-10-01,Philadelphia,PA,26-35,Male,Regular,Mobile App
CUS03174,2026-02-10,New York,NY,26-35,Female,New,Mobile App
CUS03175,2024-10-31,Houston,TX,46-55,Male,New,Mobile App
CUS03176,2026-01-08,Boston,MA,18-25,Female,Regular,Web
CUS03177,2024-09-09,Houston,TX,36-45,Male,Regular,Web
CUS03178,2025-10-09,Austin,TX,36-45,Female,Regular,Mobile App
CUS03179,2026-02-09,Chicago,IL,26-35,Female,New,Web
CUS03180,2024-10-30,San Diego,CA,46-55,Male,New,Mobile App
CUS03181,2025-10-18,Phoenix,AZ,26-35,Male,Regular,Mobile App
CUS03182,2025-12-17,Chicago,IL,26-35,Male,Regular,Mobile App
CUS03183,2024-10-28,Seattle,WA,46-55,Female,Premium,Web
CUS03184,2025-01-07,Philadelphia,PA,46-55,Male,Regular,Mobile App
CUS03185,2025-10-02,Seattle,WA,26-35,Male,Premium,Web
CUS03186,2025-02-15,San Diego,CA,26-35,Female,Regular,Mobile App
CUS03187,2024-08-23,Los Angeles,CA,36-45,Female,Regular,Mobile App
CUS03188,2024-03-22,Seattle,WA,18-25,Female,Regular,Mobile App
CUS03189,2026-02-24,Phoenix,AZ,26-35,Female,New,Mobile App
CUS03190,2024-05-25,Chicago,IL,26-35,Male,New,Mobile App
CUS03191,2025-01-02,New York,NY,36-45,Male,Regular,Web
CUS03192,2025-12-27,Dallas,TX,36-45,Female,Premium,Mobile App
CUS03193,2024-01-05,New York,NY,26-35,Female,Regular,Web
CUS03194,2024-01-12,Austin,TX,36-45,Male,Regular,Mobile App
CUS03195,2024-11-25,Philadelphia,PA,56+,Female,Regular,Mobile App
CUS03196,2025-09-16,Phoenix,AZ,26-35,Male,Regular,Mobile App
CUS03197,2025-03-07,New York,NY,26-35,Female,Regular,Web
CUS03198,2024-11-13,New York,NY,26-35,Male,Regular,Mobile App
CUS03199,2024-01-28,Austin,TX,46-55,Female,New,Mobile App
CUS03200,2025-09-14,Los Angeles,CA,56+,Male,Regular,Web
CUS03201,2025-03-12,San Diego,CA,36-45,Female,Regular,Mobile App
CUS03202,2026-02-04,Houston,TX,26-35,Female,Regular,Mobile App
CUS03203,2026-01-30,San Diego,CA,56+,Female,Regular,Mobile App
CUS03204,2024-08-29,New York,NY,18-25,Male,Regular,Mobile App
CUS03205,2024-06-28,Houston,TX,26-35,Female,Regular,Mobile App
CUS03206,2025-05-19,Los Angeles,CA,56+,Female,Premium,Mobile App
CUS03207,2025-10-27,Seattle,WA,36-45,Female,Regular,Mobile App
CUS03208,2025-09-07,New York,NY,26-35,Male,Regular,Web
CUS03209,2024-04-03,Seattle,WA,18-25,Female,Premium,Web
CUS03210,2025-01-30,San Diego,CA,26-35,Male,New,Mobile App
CUS03211,2024-03-16,Houston,TX,36-45,Male,Premium,Mobile App
CUS03212,2024-11-29,Chicago,IL,26-35,Male,Premium,Mobile App
CUS03213,2024-07-19,Los Angeles,CA,36-45,Male,Regular,Mobile App
CUS03214,2025-04-05,San Diego,CA,26-35,Female,Premium,Mobile App
CUS03215,2025-07-10,New York,NY,46-55,Male,Regular,Mobile App
CUS03216,2026-02-26,Seattle,WA,56+,Female,Regular,Mobile App
CUS03217,2024-06-01,Chicago,IL,18-25,Male,New,Mobile App
CUS03218,2024-09-02,Philadelphia,PA,46-55,Male,Regular,Mobile App
CUS03219,2024-12-13,New York,NY,46-55,Male,Regular,Mobile App
CUS03220,2025-08-03,Houston,TX,26-35,Male,Regular,Web
CUS03221,2025-12-22,Boston,MA,46-55,Male,Regular,Web
CUS03222,2024-11-27,Boston,MA,56+,Male,Premium,Mobile App
CUS03223,2024-06-03,Los Angeles,CA,46-55,Male,Regular,Mobile App
CUS03224,2025-04-14,Chicago,IL,26-35,Male,Regular,Web
CUS03225,2024-09-29,Chicago,IL,18-25,Male,Regular,Mobile App
CUS03226,2025-09-05,San Jose,CA,18-25,Male,Regular,Web
CUS03227,2024-07-13,Boston,MA,56+,Male,Regular,Web
CUS03228,2024-04-15,Chicago,IL,26-35,Female,Regular,Mobile App
CUS03229,2024-12-06,Los Angeles,CA,36-45,Male,Regular,Mobile App
CUS03230,2026-02-15,Philadelphia,PA,26-35,Female,Regular,Mobile App
CUS03231,2025-07-31,Chicago,IL,18-25,Female,Regular,Mobile App
CUS03232,2024-05-14,Dallas,TX,36-45,Male,Premium,Mobile App
CUS03233,2026-01-23,San Diego,CA,26-35,Female,New,Mobile App
CUS03234,2025-04-01,Austin,TX,26-35,Female,Regular,Mobile App
CUS03235,2025-06-23,Dallas,TX,18-25,Female,Regular,Mobile App
CUS03236,2024-06-04,San Jose,CA,36-45,Female,Regular,Web
CUS03237,2025-06-27,Los Angeles,CA,36-45,Male,Regular,Mobile App
CUS03238,2026-02-10,Dallas,TX,26-35,Male,Regular,Mobile App
CUS03239,2025-03-29,Austin,TX,36-45,Male,Regular,Mobile App
CUS03240,2025-04-17,Philadelphia,PA,18-25,Male,Premium,Mobile App
CUS03241,2024-04-23,Chicago,IL,18-25,Male,New,Web
CUS03242,2025-10-07,Seattle,WA,56+,Male,Regular,Mobile App
CUS03243,2025-04-11,Dallas,TX,36-45,Male,Regular,Mobile App
CUS03244,2024-10-02,Boston,MA,46-55,Female,Premium,Mobile App
CUS03245,2025-11-12,Phoenix,AZ,56+,Male,Regular,Mobile App
CUS03246,2024-02-03,New York,NY,26-35,Male,Regular,Mobile App
CUS03247,2026-03-17,Houston,TX,18-25,Female,New,Mobile App
CUS03248,2025-07-28,Houston,TX,36-45,Male,Regular,Mobile App
CUS03249,2024-02-04,Boston,MA,46-55,Female,Premium,Mobile App
CUS03250,2025-08-22,Los Angeles,CA,46-55,Female,Regular,Mobile App
CUS03251,2024-07-31,Dallas,TX,26-35,Female,New,Mobile App
CUS03252,2025-03-04,Austin,TX,36-45,Male,Regular,Mobile App
CUS03253,2024-05-03,Los Angeles,CA,36-45,Female,Regular,Mobile App
CUS03254,2025-08-22,New York,NY,46-55,Female,Regular,Mobile App
CUS03255,2024-05-24,Houston,TX,26-35,Female,Premium,Mobile App
CUS03256,2024-11-15,Phoenix,AZ,26-35,Female,New,Web
CUS03257,2025-07-11,Phoenix,AZ,46-55,Male,New,Mobile App
CUS03258,2024-09-19,Houston,TX,26-35,Female,Regular,Mobile App
CUS03259,2024-01-01,Dallas,TX,26-35,Female,New,Mobile App
CUS03260,2024-10-08,Philadelphia,PA,26-35,Male,New,Mobile App
CUS03261,2025-08-01,Seattle,WA,26-35,Female,Regular,Web
CUS03262,2025-11-21,San Diego,CA,36-45,Female,Premium,Web
CUS03263,2024-07-08,San Jose,CA,36-45,Female,New,Mobile App
CUS03264,2025-10-06,San Jose,CA,56+,Male,Regular,Web
CUS03265,2025-05-08,New York,NY,26-35,Male,Regular,Mobile App
CUS03266,2025-11-03,New York,NY,46-55,Male,New,Mobile App
CUS03267,2025-05-08,Houston,TX,56+,Female,Regular,Mobile App
CUS03268,2025-06-01,Los Angeles,CA,26-35,Female,Premium,Mobile App
CUS03269,2024-03-11,Philadelphia,PA,26-35,Female,Regular,Mobile App
CUS03270,2024-03-04,San Jose,CA,26-35,Male,Regular,Mobile App
CUS03271,2024-05-03,San Jose,CA,56+,Male,Premium,Web
CUS03272,2024-05-02,Chicago,IL,26-35,Male,Regular,Mobile App
CUS03273,2024-03-02,New York,NY,18-25,Male,Premium,Web
CUS03274,2024-06-08,Chicago,IL,26-35,Male,New,Mobile App
CUS03275,2025-02-17,Dallas,TX,46-55,Female,New,Mobile App
CUS03276,2024-10-29,Los Angeles,CA,46-55,Male,Regular,Mobile App
CUS03277,2024-06-14,San Diego,CA,36-45,Female,Regular,Mobile App
CUS03278,2025-04-14,San Jose,CA,18-25,Female,Regular,Mobile App
CUS03279,2024-05-15,Dallas,TX,26-35,Female,New,Mobile App
CUS03280,2025-11-10,Phoenix,AZ,26-35,Female,Premium,Mobile App
CUS03281,2024-08-17,San Jose,CA,36-45,Male,Regular,Mobile App
CUS03282,2025-01-10,Seattle,WA,36-45,Male,Regular,Mobile App
CUS03283,2024-07-23,Chicago,IL,26-35,Female,Regular,Mobile App
CUS03284,2024-07-31,Phoenix,AZ,46-55,Female,Regular,Mobile App
CUS03285,2024-10-27,Phoenix,AZ,18-25,Other,Premium,Mobile App
CUS03286,2024-06-19,Los Angeles,CA,46-55,Female,Regular,Mobile App
CUS03287,2025-11-07,Houston,TX,46-55,Female,Regular,Web
CUS03288,2025-04-09,Seattle,WA,46-55,Male,Regular,Mobile App
CUS03289,2024-07-07,Houston,TX,46-55,Female,Regular,Mobile App
CUS03290,2025-02-15,Los Angeles,CA,56+,Female,Regular,Mobile App
CUS03291,2025-08-31,Houston,TX,26-35,Female,Premium,Mobile App
CUS03292,2024-04-05,Philadelphia,PA,26-35,Female,Regular,Web
CUS03293,2024-12-21,Houston,TX,56+,Female,New,Mobile App
CUS03294,2025-05-13,Philadelphia,PA,36-45,Female,New,Mobile App
CUS03295,2024-06-04,Dallas,TX,26-35,Male,Premium,Web
CUS03296,2024-03-01,San Jose,CA,46-55,Male,New,Mobile App
CUS03297,2024-12-18,San Jose,CA,36-45,Female,New,Mobile App
CUS03298,2025-09-18,Austin,TX,56+,Female,Premium,Web
CUS03299,2025-06-17,San Diego,CA,26-35,Female,Regular,Mobile App
CUS03300,2024-12-01,San Diego,CA,56+,Female,Regular,Mobile App
CUS03301,2026-03-25,Los Angeles,CA,26-35,Male,Regular,Mobile App
CUS03302,2026-01-15,New York,NY,46-55,Male,Regular,Mobile App
CUS03303,2025-12-13,Chicago,IL,18-25,Female,Regular,Mobile App
CUS03304,2025-04-06,Chicago,IL,46-55,Male,Regular,Mobile App
CUS03305,2026-02-13,Houston,TX,36-45,Female,New,Web
CUS03306,2024-08-01,San Jose,CA,46-55,Male,Regular,Mobile App
CUS03307,2025-06-24,Boston,MA,26-35,Female,Regular,Mobile App
CUS03308,2025-03-11,Chicago,IL,46-55,Other,Regular,Mobile App
CUS03309,2025-12-30,Seattle,WA,46-55,Female,Regular,Mobile App
CUS03310,2026-02-20,Philadelphia,PA,36-45,Female,Regular,Mobile App
CUS03311,2025-08-06,Austin,TX,56+,Female,Premium,Mobile App
CUS03312,2024-06-15,Seattle,WA,36-45,Female,Regular,Web
CUS03313,2026-03-17,Phoenix,AZ,26-35,Male,Premium,Mobile App
CUS03314,2025-06-27,Los Angeles,CA,36-45,Female,Regular,Web
CUS03315,2025-12-11,Philadelphia,PA,46-55,Male,Regular,Mobile App
CUS03316,2024-07-08,Austin,TX,18-25,Female,Premium,Web
CUS03317,2025-12-20,San Jose,CA,26-35,Female,Regular,Mobile App
CUS03318,2025-06-10,Houston,TX,36-45,Male,New,Web
CUS03319,2024-02-06,Chicago,IL,46-55,Male,New,Mobile App
CUS03320,2024-01-19,Dallas,TX,26-35,Female,Regular,Mobile App
CUS03321,2026-03-24,Seattle,WA,26-35,Male,New,Web
CUS03322,2025-10-08,Chicago,IL,36-45,Female,New,Web
CUS03323,2025-01-28,Los Angeles,CA,18-25,Male,Regular,Mobile App
CUS03324,2025-01-27,New York,NY,46-55,Male,New,Mobile App
CUS03325,2025-01-11,San Diego,CA,46-55,Female,Regular,Mobile App
CUS03326,2026-03-12,Philadelphia,PA,26-35,Male,New,Mobile App
CUS03327,2025-04-29,San Jose,CA,36-45,Female,Regular,Web
CUS03328,2024-08-07,Boston,MA,46-55,Female,Premium,Mobile App
CUS03329,2025-03-19,San Diego,CA,18-25,Male,Regular,Mobile App
CUS03330,2024-06-21,Houston,TX,18-25,Female,Regular,Mobile App
CUS03331,2026-01-13,Los Angeles,CA,18-25,Female,Regular,Web
CUS03332,2024-06-11,San Jose,CA,46-55,Female,Regular,Mobile App
CUS03333,2025-03-07,Philadelphia,PA,26-35,Female,Regular,Mobile App
CUS03334,2025-01-29,Houston,TX,26-35,Female,New,Web
CUS03335,2024-02-05,Los Angeles,CA,18-25,Male,Regular,Mobile App
CUS03336,2025-07-19,Houston,TX,36-45,Male,New,Mobile App
CUS03337,2024-09-09,Philadelphia,PA,26-35,Female,New,Mobile App
CUS03338,2025-08-22,Boston,MA,36-45,Male,Regular,Mobile App
CUS03339,2026-01-13,New York,NY,46-55,Female,Regular,Web
CUS03340,2024-07-18,Dallas,TX,26-35,Female,Regular,Web
CUS03341,2024-08-19,San Diego,CA,36-45,Female,Regular,Mobile App
CUS03342,2026-01-27,Phoenix,AZ,46-55,Female,Regular,Mobile App
CUS03343,2024-01-24,Boston,MA,56+,Female,Regular,Mobile App
CUS03344,2024-06-17,San Jose,CA,18-25,Male,Regular,Mobile App
CUS03345,2025-01-03,Chicago,IL,18-25,Male,Regular,Mobile App
CUS03346,2024-08-14,Phoenix,AZ,26-35,Male,Regular,Web
CUS03347,2025-11-14,Boston,MA,18-25,Female,Regular,Mobile App
CUS03348,2025-06-11,Phoenix,AZ,36-45,Female,Regular,Mobile App
CUS03349,2025-06-12,New York,NY,56+,Female,Regular,Mobile App
CUS03350,2026-01-20,San Jose,CA,46-55,Female,Regular,Mobile App
CUS03351,2026-03-23,Houston,TX,18-25,Male,New,Mobile App
CUS03352,2025-08-26,San Jose,CA,46-55,Male,Regular,Mobile App
CUS03353,2025-08-01,Houston,TX,26-35,Male,Regular,Web
CUS03354,2025-08-30,Boston,MA,36-45,Male,New,Mobile App
CUS03355,2025-10-03,Austin,TX,18-25,Male,Regular,Web
CUS03356,2025-11-22,Chicago,IL,18-25,Male,Regular,Mobile App
CUS03357,2024-12-20,Seattle,WA,26-35,Female,Regular,Mobile App
CUS03358,2025-04-30,Houston,TX,56+,Male,New,Mobile App
CUS03359,2025-04-24,San Diego,CA,26-35,Female,New,Web
CUS03360,2025-01-15,Seattle,WA,46-55,Male,Regular,Mobile App
CUS03361,2025-08-16,Phoenix,AZ,26-35,Male,Regular,Mobile App
CUS03362,2025-11-05,Boston,MA,56+,Male,Regular,Mobile App
CUS03363,2026-02-11,New York,NY,56+,Male,New,Mobile App
CUS03364,2024-07-13,Seattle,WA,36-45,Female,Regular,Mobile App
CUS03365,2024-08-31,Houston,TX,18-25,Male,Regular,Mobile App
CUS03366,2025-04-15,Chicago,IL,56+,Female,New,Mobile App
CUS03367,2024-07-24,San Jose,CA,36-45,Male,Premium,Web
CUS03368,2025-11-06,Dallas,TX,56+,Female,Regular,Mobile App
CUS03369,2025-11-04,Austin,TX,46-55,Male,Regular,Mobile App
CUS03370,2025-07-11,Austin,TX,18-25,Male,Regular,Mobile App
CUS03371,2025-08-19,Boston,MA,18-25,Other,Regular,Mobile App
CUS03372,2024-07-07,San Jose,CA,26-35,Male,Regular,Web
CUS03373,2025-10-15,Houston,TX,56+,Female,New,Mobile App
CUS03374,2025-03-25,Chicago,IL,56+,Male,Regular,Mobile App
CUS03375,2024-02-06,Boston,MA,36-45,Male,New,Mobile App
CUS03376,2025-08-01,Houston,TX,36-45,Male,Regular,Mobile App
CUS03377,2025-02-12,Phoenix,AZ,18-25,Male,Regular,Mobile App
CUS03378,2024-03-03,Dallas,TX,36-45,Female,New,Mobile App
CUS03379,2024-04-05,Los Angeles,CA,26-35,Male,Regular,Web
CUS03380,2025-02-08,Philadelphia,PA,26-35,Female,New,Web
CUS03381,2025-02-02,Dallas,TX,18-25,Female,Regular,Web
CUS03382,2024-07-25,Austin,TX,36-45,Other,Regular,Mobile App
CUS03383,2024-02-09,Philadelphia,PA,56+,Male,Regular,Mobile App
CUS03384,2025-12-02,Phoenix,AZ,26-35,Female,Regular,Mobile App
CUS03385,2025-12-28,Phoenix,AZ,18-25,Female,Regular,Mobile App
CUS03386,2025-12-17,Phoenix,AZ,26-35,Male,New,Mobile App
CUS03387,2024-08-08,Phoenix,AZ,26-35,Male,Premium,Mobile App
CUS03388,2026-01-11,Los Angeles,CA,18-25,Male,Regular,Mobile App
CUS03389,2024-08-22,Dallas,TX,26-35,Female,Regular,Mobile App
CUS03390,2025-08-14,Seattle,WA,36-45,Female,Premium,Web
CUS03391,2025-01-31,Dallas,TX,36-45,Male,Regular,Mobile App
CUS03392,2025-08-21,Boston,MA,26-35,Male,Premium,Mobile App
CUS03393,2025-11-07,Houston,TX,36-45,Female,Regular,Mobile App
CUS03394,2024-08-19,San Jose,CA,56+,Female,Regular,Mobile App
CUS03395,2025-01-19,Philadelphia,PA,36-45,Male,Regular,Web
CUS03396,2024-04-09,Los Angeles,CA,26-35,Female,Regular,Mobile App
CUS03397,2026-03-16,San Jose,CA,26-35,Male,New,Mobile App
CUS03398,2024-01-28,Dallas,TX,36-45,Female,Regular,Mobile App
CUS03399,2024-06-06,Phoenix,AZ,46-55,Male,Regular,Mobile App
CUS03400,2026-01-26,Seattle,WA,26-35,Female,Regular,Mobile App
CUS03401,2024-05-26,Chicago,IL,36-45,Female,New,Mobile App
CUS03402,2024-03-20,Houston,TX,18-25,Male,Regular,Mobile App
CUS03403,2025-10-19,Boston,MA,36-45,Male,New,Mobile App
CUS03404,2024-02-11,Boston,MA,36-45,Female,Regular,Mobile App
CUS03405,2025-03-24,Houston,TX,18-25,Female,Regular,Mobile App
CUS03406,2024-02-24,San Diego,CA,18-25,Male,Regular,Mobile App
CUS03407,2026-03-23,Los Angeles,CA,26-35,Female,Regular,Mobile App
CUS03408,2024-01-01,New York,NY,36-45,Female,Regular,Mobile App
CUS03409,2026-02-28,Austin,TX,26-35,Other,Regular,Mobile App
CUS03410,2024-02-10,Houston,TX,18-25,Male,Regular,Mobile App
CUS03411,2024-11-27,Boston,MA,26-35,Male,Regular,Mobile App
CUS03412,2024-02-04,Philadelphia,PA,26-35,Female,Regular,Mobile App
CUS03413,2024-04-03,Los Angeles,CA,26-35,Female,New,Mobile App
CUS03414,2025-09-18,San Jose,CA,26-35,Female,New,Web
CUS03415,2024-12-07,Seattle,WA,26-35,Male,Regular,Mobile App
CUS03416,2024-06-03,Dallas,TX,26-35,Female,Regular,Web
CUS03417,2025-01-26,Phoenix,AZ,36-45,Female,Regular,Mobile App
CUS03418,2024-09-25,San Diego,CA,56+,Female,Regular,Mobile App
CUS03419,2024-02-26,Philadelphia,PA,46-55,Female,Regular,Mobile App
CUS03420,2026-03-20,San Jose,CA,26-35,Female,Regular,Mobile App
CUS03421,2025-11-06,San Diego,CA,36-45,Male,New,Mobile App
CUS03422,2025-09-26,Chicago,IL,46-55,Female,New,Mobile App
CUS03423,2026-01-10,Houston,TX,18-25,Male,Premium,Web
CUS03424,2025-12-31,Austin,TX,46-55,Male,Regular,Web
CUS03425,2025-01-29,San Jose,CA,18-25,Female,Regular,Web
CUS03426,2024-11-06,Austin,TX,26-35,Female,New,Mobile App
CUS03427,2024-03-17,Phoenix,AZ,46-55,Female,Premium,Web
CUS03428,2025-09-29,New York,NY,26-35,Male,Regular,Mobile App
CUS03429,2024-11-15,Dallas,TX,46-55,Female,Premium,Mobile App
CUS03430,2024-07-03,San Jose,CA,36-45,Male,Regular,Mobile App
CUS03431,2025-11-01,Houston,TX,36-45,Male,Regular,Web
CUS03432,2024-06-20,Philadelphia,PA,46-55,Male,Regular,Mobile App
CUS03433,2025-01-02,Boston,MA,26-35,Male,Regular,Mobile App
CUS03434,2024-07-06,San Diego,CA,36-45,Male,Regular,Mobile App
CUS03435,2025-07-30,Boston,MA,56+,Female,Regular,Mobile App
CUS03436,2026-02-27,San Jose,CA,26-35,Female,New,Mobile App
CUS03437,2024-05-19,Houston,TX,26-35,Male,New,Web
CUS03438,2024-02-13,Philadelphia,PA,36-45,Female,Regular,Mobile App
CUS03439,2024-01-06,Philadelphia,PA,46-55,Male,Regular,Mobile App
CUS03440,2026-01-03,Los Angeles,CA,56+,Male,Regular,Mobile App
CUS03441,2024-11-22,Phoenix,AZ,26-35,Female,Premium,Web
CUS03442,2024-01-17,Dallas,TX,36-45,Male,Premium,Web
CUS03443,2025-06-02,Austin,TX,26-35,Female,Regular,Mobile App
CUS03444,2024-07-07,Dallas,TX,46-55,Female,Regular,Web
CUS03445,2025-11-08,Philadelphia,PA,18-25,Male,Regular,Mobile App
CUS03446,2024-04-14,Phoenix,AZ,26-35,Male,Regular,Mobile App
CUS03447,2025-06-16,Boston,MA,18-25,Male,New,Mobile App
CUS03448,2024-12-12,Austin,TX,46-55,Male,Regular,Mobile App
CUS03449,2025-05-06,Chicago,IL,36-45,Male,Regular,Mobile App
CUS03450,2025-10-04,Boston,MA,36-45,Female,Regular,Mobile App
CUS03451,2025-10-16,New York,NY,26-35,Female,New,Mobile App
CUS03452,2025-10-18,Los Angeles,CA,36-45,Female,New,Web
CUS03453,2024-01-03,Chicago,IL,56+,Female,New,Mobile App
CUS03454,2024-08-03,Phoenix,AZ,26-35,Female,Regular,Mobile App
CUS03455,2024-09-29,Philadelphia,PA,36-45,Female,Premium,Web
CUS03456,2025-09-05,New York,NY,26-35,Female,Regular,Mobile App
CUS03457,2025-03-31,San Diego,CA,36-45,Female,Regular,Mobile App
CUS03458,2025-03-07,Houston,TX,26-35,Male,New,Mobile App
CUS03459,2024-07-16,San Diego,CA,18-25,Female,Premium,Web
CUS03460,2026-03-23,Phoenix,AZ,36-45,Female,Premium,Mobile App
CUS03461,2024-05-26,Los Angeles,CA,26-35,Female,Regular,Web
CUS03462,2025-02-07,Dallas,TX,56+,Male,Premium,Mobile App
CUS03463,2025-03-31,Dallas,TX,26-35,Male,Premium,Mobile App
CUS03464,2025-07-10,Houston,TX,26-35,Female,New,Mobile App
CUS03465,2024-06-01,San Diego,CA,26-35,Female,Regular,Mobile App
CUS03466,2024-10-16,San Jose,CA,36-45,Female,Regular,Web
CUS03467,2025-12-04,New York,NY,36-45,Male,Regular,Mobile App
CUS03468,2026-01-13,Dallas,TX,26-35,Male,Premium,Mobile App
CUS03469,2024-11-15,Seattle,WA,18-25,Female,Premium,Mobile App
CUS03470,2024-10-29,Chicago,IL,46-55,Other,Regular,Mobile App
CUS03471,2026-03-20,Philadelphia,PA,36-45,Male,Regular,Web
CUS03472,2024-01-18,San Jose,CA,26-35,Female,Regular,Mobile App
CUS03473,2025-06-20,Austin,TX,18-25,Female,Premium,Mobile App
CUS03474,2025-12-10,San Diego,CA,18-25,Other,Regular,Mobile App
CUS03475,2026-01-05,Dallas,TX,26-35,Male,New,Web
CUS03476,2025-05-05,San Jose,CA,36-45,Male,Regular,Mobile App
CUS03477,2024-11-11,Seattle,WA,18-25,Female,Regular,Mobile App
CUS03478,2024-03-22,Austin,TX,18-25,Male,Regular,Mobile App
CUS03479,2025-11-20,San Diego,CA,36-45,Female,Regular,Mobile App
CUS03480,2026-03-14,Houston,TX,18-25,Male,New,Web
CUS03481,2025-09-02,San Jose,CA,36-45,Female,Regular,Mobile App
CUS03482,2024-06-05,San Jose,CA,18-25,Male,Regular,Web
CUS03483,2024-10-21,Philadelphia,PA,18-25,Male,Premium,Mobile App
CUS03484,2024-11-12,Los Angeles,CA,26-35,Male,Regular,Mobile App
CUS03485,2026-01-10,San Jose,CA,18-25,Male,Regular,Mobile App
CUS03486,2025-02-01,Phoenix,AZ,26-35,Male,Regular,Mobile App
CUS03487,2025-02-07,Dallas,TX,26-35,Male,Premium,Mobile App
CUS03488,2025-01-22,Boston,MA,26-35,Female,Regular,Mobile App
CUS03489,2025-05-14,Houston,TX,26-35,Female,Premium,Mobile App
CUS03490,2024-07-31,Dallas,TX,46-55,Male,Regular,Mobile App
CUS03491,2025-04-13,Chicago,IL,36-45,Male,Regular,Web
CUS03492,2024-10-22,New York,NY,36-45,Male,Regular,Mobile App
CUS03493,2025-12-23,Austin,TX,46-55,Female,Regular,Mobile App
CUS03494,2025-01-04,Boston,MA,26-35,Female,Regular,Web
CUS03495,2024-05-30,San Diego,CA,26-35,Female,Regular,Mobile App
CUS03496,2025-03-14,Phoenix,AZ,26-35,Male,Regular,Mobile App
CUS03497,2024-03-28,San Jose,CA,36-45,Male,Regular,Mobile App
CUS03498,2026-02-02,Seattle,WA,46-55,Female,Regular,Web
CUS03499,2026-03-27,Austin,TX,46-55,Male,Premium,Mobile App
CUS03500,2025-03-29,Boston,MA,26-35,Female,Premium,Mobile App
CUS03501,2024-01-03,Boston,MA,26-35,Female,Regular,Mobile App
CUS03502,2025-02-08,San Jose,CA,46-55,Male,Regular,Mobile App
CUS03503,2025-08-06,Dallas,TX,26-35,Female,Regular,Mobile App
CUS03504,2025-07-11,Phoenix,AZ,26-35,Female,Regular,Mobile App
CUS03505,2024-03-30,Chicago,IL,46-55,Male,Regular,Mobile App
CUS03506,2025-04-17,Austin,TX,36-45,Female,Premium,Mobile App
CUS03507,2024-05-07,Los Angeles,CA,26-35,Male,Regular,Web
CUS03508,2026-01-27,San Diego,CA,36-45,Female,Regular,Mobile App
CUS03509,2024-08-24,Seattle,WA,46-55,Male,New,Mobile App
CUS03510,2025-08-31,New York,NY,56+,Female,Regular,Web
CUS03511,2025-02-28,Chicago,IL,36-45,Female,New,Mobile App
CUS03512,2025-07-04,San Jose,CA,18-25,Female,Regular,Mobile App
CUS03513,2025-10-08,Boston,MA,36-45,Female,Premium,Mobile App
CUS03514,2024-12-18,Dallas,TX,56+,Female,Regular,Web
CUS03515,2024-09-18,New York,NY,36-45,Female,New,Web
CUS03516,2024-07-17,Boston,MA,26-35,Male,Premium,Mobile App
CUS03517,2025-09-14,Philadelphia,PA,26-35,Other,Premium,Mobile App
CUS03518,2024-08-31,Phoenix,AZ,18-25,Female,Regular,Mobile App
CUS03519,2024-02-20,Houston,TX,56+,Female,Regular,Mobile App
CUS03520,2026-03-19,Houston,TX,46-55,Male,Regular,Mobile App
CUS03521,2024-09-01,Austin,TX,26-35,Male,Regular,Mobile App
CUS03522,2024-11-30,Seattle,WA,26-35,Female,Premium,Mobile App
CUS03523,2025-05-19,Seattle,WA,36-45,Female,Regular,Web
CUS03524,2024-06-26,Chicago,IL,26-35,Female,Regular,Mobile App
CUS03525,2024-09-16,New York,NY,18-25,Female,Regular,Mobile App
CUS03526,2026-02-19,Seattle,WA,36-45,Male,Premium,Mobile App
CUS03527,2024-01-09,Seattle,WA,56+,Female,Regular,Mobile App
CUS03528,2025-09-08,San Jose,CA,36-45,Female,Regular,Mobile App
CUS03529,2024-10-03,Austin,TX,26-35,Male,Regular,Mobile App
CUS03530,2025-09-03,Austin,TX,18-25,Female,Premium,Web
CUS03531,2025-11-19,Dallas,TX,26-35,Female,Regular,Mobile App
CUS03532,2024-04-08,Austin,TX,46-55,Female,Premium,Web
CUS03533,2024-01-20,Dallas,TX,18-25,Female,Regular,Mobile App
CUS03534,2024-08-18,Phoenix,AZ,36-45,Female,Regular,Mobile App
CUS03535,2026-01-15,Houston,TX,36-45,Female,Regular,Mobile App
CUS03536,2024-03-06,Phoenix,AZ,56+,Female,Regular,Mobile App
CUS03537,2025-04-05,San Diego,CA,46-55,Male,Regular,Mobile App
CUS03538,2024-02-28,Chicago,IL,26-35,Female,New,Web
CUS03539,2024-10-31,Chicago,IL,56+,Female,Regular,Mobile App
CUS03540,2025-03-21,Boston,MA,18-25,Female,New,Mobile App
CUS03541,2024-10-16,San Jose,CA,36-45,Male,Premium,Web
CUS03542,2024-12-20,San Jose,CA,26-35,Male,New,Mobile App
CUS03543,2024-11-08,Austin,TX,36-45,Male,Regular,Web
CUS03544,2025-09-06,Boston,MA,26-35,Male,Regular,Mobile App
CUS03545,2025-09-23,Los Angeles,CA,18-25,Female,Regular,Mobile App
CUS03546,2025-03-02,Austin,TX,26-35,Male,Premium,Web
CUS03547,2025-04-16,Philadelphia,PA,46-55,Male,Regular,Mobile App
CUS03548,2026-03-10,Boston,MA,36-45,Male,Regular,Web
CUS03549,2024-04-15,Chicago,IL,46-55,Male,Regular,Web
CUS03550,2024-04-07,Austin,TX,26-35,Other,Regular,Mobile App
CUS03551,2025-03-10,New York,NY,18-25,Male,New,Mobile App
CUS03552,2024-07-21,Phoenix,AZ,46-55,Female,Regular,Mobile App
CUS03553,2026-03-21,Houston,TX,26-35,Other,Regular,Mobile App
CUS03554,2025-02-05,Phoenix,AZ,36-45,Male,New,Web
CUS03555,2025-12-14,Los Angeles,CA,18-25,Female,Regular,Mobile App
CUS03556,2024-01-21,Austin,TX,26-35,Female,Regular,Mobile App
CUS03557,2025-01-02,San Diego,CA,36-45,Female,Premium,Web
CUS03558,2024-09-05,New York,NY,36-45,Male,Regular,Mobile App
CUS03559,2025-01-15,Philadelphia,PA,56+,Female,Regular,Mobile App
CUS03560,2024-06-10,Austin,TX,26-35,Female,New,Mobile App
CUS03561,2024-11-01,San Diego,CA,18-25,Female,New,Mobile App
CUS03562,2024-01-17,San Diego,CA,26-35,Male,Regular,Mobile App
CUS03563,2024-11-27,Los Angeles,CA,36-45,Male,Premium,Mobile App
CUS03564,2024-02-01,Houston,TX,26-35,Female,Premium,Web
CUS03565,2024-05-31,Chicago,IL,36-45,Male,Premium,Mobile App
CUS03566,2025-11-09,Los Angeles,CA,18-25,Male,Regular,Web
CUS03567,2024-05-15,Boston,MA,56+,Female,New,Mobile App
CUS03568,2024-12-29,New York,NY,36-45,Female,New,Mobile App
CUS03569,2024-11-14,San Jose,CA,26-35,Male,Regular,Web
CUS03570,2024-07-14,Los Angeles,CA,18-25,Male,Regular,Web
CUS03571,2025-03-09,Houston,TX,26-35,Male,Premium,Mobile App
CUS03572,2024-06-06,Austin,TX,18-25,Male,Premium,Mobile App
CUS03573,2024-06-06,New York,NY,56+,Female,Premium,Mobile App
CUS03574,2024-11-21,San Diego,CA,26-35,Female,Regular,Mobile App
CUS03575,2025-06-20,Austin,TX,46-55,Female,Regular,Mobile App
CUS03576,2026-01-27,San Diego,CA,18-25,Female,Premium,Mobile App
CUS03577,2026-02-07,Austin,TX,36-45,Female,Regular,Web
CUS03578,2025-02-04,Houston,TX,36-45,Female,Regular,Mobile App
CUS03579,2026-03-14,Boston,MA,36-45,Female,Premium,Mobile App
CUS03580,2025-12-28,Los Angeles,CA,36-45,Male,New,Mobile App
CUS03581,2024-08-19,Philadelphia,PA,18-25,Male,New,Mobile App
CUS03582,2025-06-14,San Diego,CA,36-45,Male,New,Mobile App
CUS03583,2024-04-08,Los Angeles,CA,26-35,Male,Regular,Web
CUS03584,2024-06-22,New York,NY,26-35,Female,New,Mobile App
CUS03585,2026-01-01,Chicago,IL,26-35,Male,New,Mobile App
CUS03586,2024-10-02,San Diego,CA,26-35,Female,Regular,Mobile App
CUS03587,2025-10-02,Chicago,IL,46-55,Female,Premium,Web
CUS03588,2024-11-19,Los Angeles,CA,26-35,Female,New,Mobile App
CUS03589,2025-11-27,Philadelphia,PA,18-25,Female,Regular,Mobile App
CUS03590,2024-05-02,Los Angeles,CA,26-35,Female,Regular,Mobile App
CUS03591,2024-01-01,San Diego,CA,26-35,Female,Premium,Mobile App
CUS03592,2025-09-02,Phoenix,AZ,18-25,Female,Regular,Mobile App
CUS03593,2025-10-29,Chicago,IL,26-35,Female,Premium,Mobile App
CUS03594,2025-10-31,Philadelphia,PA,56+,Male,Premium,Mobile App
CUS03595,2024-02-05,Los Angeles,CA,18-25,Male,New,Mobile App
CUS03596,2025-12-02,San Jose,CA,36-45,Male,Regular,Mobile App
CUS03597,2026-02-26,Los Angeles,CA,18-25,Female,New,Web
CUS03598,2024-06-12,Chicago,IL,18-25,Male,Regular,Mobile App
CUS03599,2024-10-18,Seattle,WA,18-25,Female,New,Mobile App
CUS03600,2024-10-27,Boston,MA,56+,Male,Premium,Mobile App
CUS03601,2026-02-10,Houston,TX,46-55,Female,Regular,Mobile App
CUS03602,2024-06-16,Seattle,WA,26-35,Male,Regular,Mobile App
CUS03603,2025-05-09,Los Angeles,CA,26-35,Female,Regular,Mobile App
CUS03604,2025-07-24,Los Angeles,CA,26-35,Female,Regular,Mobile App
CUS03605,2025-12-13,Houston,TX,26-35,Male,Regular,Web
CUS03606,2025-05-26,Boston,MA,56+,Female,Premium,Mobile App
CUS03607,2025-01-20,Phoenix,AZ,18-25,Male,Regular,Mobile App
CUS03608,2024-06-23,Seattle,WA,36-45,Other,Regular,Mobile App
CUS03609,2025-01-02,Boston,MA,26-35,Female,Regular,Mobile App
CUS03610,2025-12-23,Dallas,TX,46-55,Male,Regular,Mobile App
CUS03611,2024-03-09,Austin,TX,26-35,Female,Premium,Mobile App
CUS03612,2025-02-26,San Jose,CA,56+,Other,Regular,Mobile App
CUS03613,2026-03-03,Los Angeles,CA,18-25,Male,Premium,Mobile App
CUS03614,2024-04-06,Phoenix,AZ,26-35,Male,Regular,Mobile App
CUS03615,2026-01-20,San Diego,CA,56+,Female,Regular,Web
CUS03616,2024-09-12,Austin,TX,18-25,Male,Regular,Web
CUS03617,2025-04-05,Seattle,WA,36-45,Male,New,Web
CUS03618,2024-10-01,San Diego,CA,36-45,Male,Regular,Mobile App
CUS03619,2024-07-12,Chicago,IL,18-25,Female,Regular,Mobile App
CUS03620,2026-01-31,Philadelphia,PA,18-25,Male,Regular,Mobile App
CUS03621,2024-01-23,Austin,TX,36-45,Female,New,Mobile App
CUS03622,2025-05-12,San Jose,CA,26-35,Female,Regular,Mobile App
CUS03623,2024-06-09,San Diego,CA,36-45,Male,Regular,Mobile App
CUS03624,2024-01-15,Austin,TX,26-35,Male,Regular,Mobile App
CUS03625,2024-11-22,Phoenix,AZ,36-45,Male,New,Mobile App
CUS03626,2025-09-14,Houston,TX,36-45,Male,Regular,Mobile App
CUS03627,2026-01-28,Seattle,WA,36-45,Male,Premium,Mobile App
CUS03628,2025-09-29,Boston,MA,26-35,Female,Premium,Mobile App
CUS03629,2026-01-29,New York,NY,26-35,Female,Premium,Mobile App
CUS03630,2025-12-19,San Jose,CA,46-55,Male,Regular,Mobile App
CUS03631,2025-12-26,New York,NY,46-55,Male,New,Mobile App
CUS03632,2024-12-30,Austin,TX,26-35,Female,Premium,Mobile App
CUS03633,2024-05-07,San Diego,CA,26-35,Male,Premium,Web
CUS03634,2024-12-17,New York,NY,46-55,Male,Regular,Mobile App
CUS03635,2025-08-21,San Jose,CA,36-45,Male,Premium,Web
CUS03636,2025-07-18,San Diego,CA,56+,Male,Premium,Mobile App
CUS03637,2025-05-19,Boston,MA,36-45,Male,Premium,Mobile App
CUS03638,2024-12-12,Phoenix,AZ,36-45,Male,New,Web
CUS03639,2024-06-05,Austin,TX,26-35,Female,Premium,Mobile App
CUS03640,2025-06-09,San Diego,CA,36-45,Female,Regular,Web
CUS03641,2025-02-26,Austin,TX,46-55,Female,Regular,Mobile App
CUS03642,2024-07-19,Boston,MA,26-35,Female,Regular,Mobile App
CUS03643,2025-12-15,Philadelphia,PA,36-45,Other,Regular,Web
CUS03644,2024-03-07,Phoenix,AZ,26-35,Male,Regular,Web
CUS03645,2024-03-29,Philadelphia,PA,36-45,Female,Regular,Mobile App
CUS03646,2024-05-18,Los Angeles,CA,36-45,Female,Regular,Mobile App
CUS03647,2024-01-23,Seattle,WA,46-55,Male,Regular,Mobile App
CUS03648,2024-08-11,Seattle,WA,26-35,Female,Regular,Mobile App
CUS03649,2026-03-24,Los Angeles,CA,18-25,Male,Premium,Mobile App
CUS03650,2024-03-29,Phoenix,AZ,26-35,Male,Regular,Mobile App
CUS03651,2024-03-13,Los Angeles,CA,18-25,Female,Regular,Mobile App
CUS03652,2025-12-21,Philadelphia,PA,36-45,Female,Regular,Mobile App
CUS03653,2024-12-08,Houston,TX,18-25,Female,Regular,Mobile App
CUS03654,2024-01-23,Chicago,IL,46-55,Female,Regular,Mobile App
CUS03655,2025-05-27,San Jose,CA,36-45,Female,Regular,Mobile App
CUS03656,2024-07-17,Boston,MA,26-35,Male,Regular,Mobile App
CUS03657,2024-04-12,San Jose,CA,36-45,Male,Regular,Mobile App
CUS03658,2024-11-02,Philadelphia,PA,46-55,Male,Regular,Mobile App
CUS03659,2024-10-04,Chicago,IL,18-25,Male,Regular,Mobile App
CUS03660,2024-08-23,Austin,TX,36-45,Male,New,Mobile App
CUS03661,2024-05-09,Chicago,IL,26-35,Male,Premium,Mobile App
CUS03662,2026-02-09,Austin,TX,18-25,Female,New,Mobile App
CUS03663,2024-11-01,Phoenix,AZ,36-45,Female,Regular,Mobile App
CUS03664,2024-08-26,Houston,TX,36-45,Male,Regular,Web
CUS03665,2024-06-10,Boston,MA,46-55,Female,Regular,Web
CUS03666,2025-06-20,Boston,MA,46-55,Female,Regular,Mobile App
CUS03667,2025-01-16,Chicago,IL,56+,Male,Regular,Web
CUS03668,2026-03-09,Philadelphia,PA,26-35,Male,Regular,Mobile App
CUS03669,2025-07-21,Phoenix,AZ,36-45,Female,Premium,Mobile App
CUS03670,2024-05-21,Phoenix,AZ,18-25,Male,Premium,Mobile App
CUS03671,2024-09-28,Philadelphia,PA,36-45,Female,Regular,Mobile App
CUS03672,2025-11-08,Los Angeles,CA,26-35,Male,New,Mobile App
CUS03673,2025-08-27,New York,NY,26-35,Male,Regular,Mobile App
CUS03674,2026-03-19,Dallas,TX,56+,Female,Regular,Web
CUS03675,2024-03-18,Phoenix,AZ,46-55,Male,Premium,Mobile App
CUS03676,2024-05-15,Seattle,WA,18-25,Female,Regular,Web
CUS03677,2024-09-08,Dallas,TX,26-35,Female,Regular,Mobile App
CUS03678,2024-03-20,San Jose,CA,36-45,Male,Regular,Mobile App
CUS03679,2025-03-05,Dallas,TX,36-45,Male,Premium,Mobile App
CUS03680,2025-02-06,Austin,TX,36-45,Female,Regular,Mobile App
CUS03681,2024-12-04,New York,NY,26-35,Female,New,Mobile App
CUS03682,2024-04-18,Chicago,IL,26-35,Male,Regular,Web
CUS03683,2024-09-05,Boston,MA,36-45,Female,Regular,Web
CUS03684,2024-02-23,San Jose,CA,56+,Female,Regular,Web
CUS03685,2025-01-19,San Jose,CA,26-35,Female,Premium,Mobile App
CUS03686,2025-01-28,Austin,TX,26-35,Female,New,Mobile App
CUS03687,2025-01-26,Houston,TX,36-45,Female,Regular,Web
CUS03688,2024-05-10,Los Angeles,CA,36-45,Male,New,Web
CUS03689,2025-08-31,San Diego,CA,18-25,Female,Regular,Web
CUS03690,2024-07-26,Dallas,TX,26-35,Female,Regular,Mobile App
CUS03691,2024-08-31,New York,NY,18-25,Male,Regular,Mobile App
CUS03692,2024-07-12,Los Angeles,CA,26-35,Female,New,Mobile App
CUS03693,2024-05-01,Philadelphia,PA,56+,Male,New,Mobile App
CUS03694,2025-09-15,Phoenix,AZ,18-25,Female,New,Web
CUS03695,2024-10-04,Seattle,WA,46-55,Female,New,Web
CUS03696,2025-12-16,San Diego,CA,26-35,Male,Regular,Mobile App
CUS03697,2025-08-27,Dallas,TX,46-55,Male,Regular,Mobile App
CUS03698,2026-03-27,Philadelphia,PA,26-35,Male,New,Mobile App
CUS03699,2024-11-18,Seattle,WA,36-45,Female,Regular,Web
CUS03700,2025-09-11,Chicago,IL,36-45,Male,Regular,Mobile App
CUS03701,2026-01-22,Houston,TX,26-35,Female,Regular,Web
CUS03702,2024-09-09,Chicago,IL,26-35,Male,Regular,Mobile App
CUS03703,2025-07-08,Boston,MA,36-45,Female,Premium,Mobile App
CUS03704,2024-04-19,Dallas,TX,26-35,Male,Regular,Mobile App
CUS03705,2024-04-22,New York,NY,36-45,Male,Regular,Mobile App
CUS03706,2024-02-14,San Diego,CA,46-55,Male,New,Mobile App
CUS03707,2025-05-06,Seattle,WA,18-25,Male,Regular,Mobile App
CUS03708,2024-04-05,Seattle,WA,36-45,Male,Regular,Web
CUS03709,2025-11-10,Phoenix,AZ,26-35,Male,Regular,Mobile App
CUS03710,2024-10-18,Los Angeles,CA,46-55,Male,Premium,Mobile App
CUS03711,2025-08-06,Phoenix,AZ,56+,Male,Regular,Mobile App
CUS03712,2024-11-03,Philadelphia,PA,18-25,Female,New,Mobile App
CUS03713,2024-10-16,Boston,MA,36-45,Male,Regular,Mobile App
CUS03714,2025-07-12,Austin,TX,46-55,Female,New,Mobile App
CUS03715,2025-09-29,Philadelphia,PA,18-25,Female,Regular,Mobile App
CUS03716,2024-08-16,San Jose,CA,26-35,Female,Regular,Mobile App
CUS03717,2024-01-11,Seattle,WA,36-45,Female,Premium,Mobile App
CUS03718,2025-12-31,Houston,TX,36-45,Female,Regular,Mobile App
CUS03719,2024-12-17,Philadelphia,PA,46-55,Male,Regular,Web
CUS03720,2025-07-02,Seattle,WA,26-35,Female,Regular,Mobile App
CUS03721,2024-11-26,Philadelphia,PA,36-45,Female,Premium,Mobile App
CUS03722,2025-06-12,Phoenix,AZ,18-25,Female,Regular,Mobile App
CUS03723,2025-08-28,San Diego,CA,18-25,Female,Premium,Mobile App
CUS03724,2024-12-22,Houston,TX,26-35,Male,Regular,Mobile App
CUS03725,2024-01-31,Philadelphia,PA,46-55,Female,Regular,Mobile App
CUS03726,2024-07-10,Houston,TX,18-25,Female,Premium,Mobile App
CUS03727,2026-02-25,Austin,TX,36-45,Female,Regular,Mobile App
CUS03728,2024-09-01,Los Angeles,CA,18-25,Female,Regular,Web
CUS03729,2024-09-08,Dallas,TX,46-55,Female,Regular,Mobile App
CUS03730,2025-09-17,Dallas,TX,26-35,Female,Regular,Mobile App
CUS03731,2025-04-30,Seattle,WA,46-55,Male,Regular,Web
CUS03732,2024-10-05,Chicago,IL,26-35,Male,New,Web
CUS03733,2024-04-28,Los Angeles,CA,46-55,Female,New,Mobile App
CUS03734,2024-10-16,New York,NY,36-45,Female,Regular,Mobile App
CUS03735,2024-07-16,Chicago,IL,36-45,Male,Premium,Web
CUS03736,2024-02-27,Chicago,IL,26-35,Female,Regular,Web
CUS03737,2024-01-15,Philadelphia,PA,46-55,Female,New,Mobile App
CUS03738,2024-05-02,Los Angeles,CA,26-35,Female,New,Mobile App
CUS03739,2025-10-19,San Diego,CA,26-35,Male,Regular,Web
CUS03740,2024-03-13,Chicago,IL,26-35,Female,Regular,Mobile App
CUS03741,2025-07-03,Dallas,TX,18-25,Male,Premium,Mobile App
CUS03742,2024-07-13,Houston,TX,26-35,Male,New,Mobile App
CUS03743,2025-01-15,Phoenix,AZ,36-45,Male,Regular,Mobile App
CUS03744,2026-01-13,Los Angeles,CA,36-45,Female,New,Mobile App
CUS03745,2026-03-20,Los Angeles,CA,26-35,Male,Premium,Mobile App
CUS03746,2025-12-31,Boston,MA,26-35,Male,Regular,Mobile App
CUS03747,2026-02-21,Seattle,WA,46-55,Male,Regular,Mobile App
CUS03748,2024-11-21,Houston,TX,18-25,Male,Premium,Mobile App
CUS03749,2024-03-09,Houston,TX,26-35,Male,Premium,Mobile App
CUS03750,2025-08-20,New York,NY,26-35,Female,Premium,Mobile App
CUS03751,2025-11-25,Los Angeles,CA,18-25,Female,Premium,Web
CUS03752,2024-05-14,San Diego,CA,26-35,Other,New,Web
CUS03753,2024-02-25,Los Angeles,CA,18-25,Male,Regular,Mobile App
CUS03754,2025-01-18,Seattle,WA,36-45,Female,Regular,Mobile App
CUS03755,2024-11-02,Austin,TX,56+,Female,Regular,Mobile App
CUS03756,2024-11-27,Austin,TX,46-55,Male,Regular,Mobile App
CUS03757,2025-01-20,Boston,MA,18-25,Male,Premium,Mobile App
CUS03758,2024-11-07,Houston,TX,36-45,Female,Premium,Mobile App
CUS03759,2024-01-29,Philadelphia,PA,18-25,Male,Regular,Web
CUS03760,2024-03-09,Boston,MA,26-35,Male,New,Mobile App
CUS03761,2025-06-29,Los Angeles,CA,56+,Female,Premium,Web
CUS03762,2025-02-10,New York,NY,18-25,Female,Regular,Web
CUS03763,2025-01-04,Austin,TX,36-45,Male,New,Mobile App
CUS03764,2025-10-10,Houston,TX,36-45,Male,New,Mobile App
CUS03765,2025-11-06,Phoenix,AZ,46-55,Female,Regular,Mobile App
CUS03766,2024-11-11,Los Angeles,CA,26-35,Female,Premium,Web
CUS03767,2025-09-27,Dallas,TX,26-35,Male,New,Web
CUS03768,2024-09-22,Phoenix,AZ,18-25,Female,Regular,Mobile App
CUS03769,2026-01-10,Phoenix,AZ,18-25,Female,Regular,Mobile App
CUS03770,2025-12-05,San Jose,CA,18-25,Female,Regular,Mobile App
CUS03771,2024-08-09,Phoenix,AZ,26-35,Male,Regular,Mobile App
CUS03772,2025-01-14,San Diego,CA,26-35,Female,New,Mobile App
CUS03773,2024-07-13,Austin,TX,26-35,Female,Premium,Mobile App
CUS03774,2025-09-19,Philadelphia,PA,26-35,Male,Regular,Mobile App
CUS03775,2026-02-20,Austin,TX,36-45,Female,Regular,Mobile App
CUS03776,2026-03-02,Philadelphia,PA,26-35,Female,Regular,Mobile App
CUS03777,2024-05-16,Houston,TX,36-45,Male,Regular,Web
CUS03778,2025-12-31,Dallas,TX,56+,Male,Regular,Mobile App
CUS03779,2025-02-27,New York,NY,18-25,Female,New,Mobile App
CUS03780,2025-06-06,Phoenix,AZ,36-45,Female,New,Mobile App
CUS03781,2026-01-23,Philadelphia,PA,26-35,Male,New,Web
CUS03782,2024-10-03,Seattle,WA,36-45,Female,New,Web
CUS03783,2024-01-22,Los Angeles,CA,46-55,Male,New,Mobile App
CUS03784,2026-03-06,Seattle,WA,36-45,Male,Regular,Mobile App
CUS03785,2025-11-26,Seattle,WA,36-45,Male,Premium,Mobile App
CUS03786,2024-10-16,New York,NY,18-25,Female,Premium,Mobile App
CUS03787,2025-04-09,Phoenix,AZ,56+,Female,Regular,Mobile App
CUS03788,2024-02-11,New York,NY,18-25,Male,Regular,Mobile App
CUS03789,2025-12-14,Chicago,IL,26-35,Male,New,Mobile App
CUS03790,2024-07-02,Philadelphia,PA,26-35,Male,Regular,Mobile App
CUS03791,2025-09-05,Phoenix,AZ,26-35,Female,Premium,Web
CUS03792,2024-12-24,Seattle,WA,18-25,Male,Premium,Mobile App
CUS03793,2025-02-02,Boston,MA,26-35,Male,New,Web
CUS03794,2024-02-29,San Jose,CA,26-35,Male,New,Web
CUS03795,2024-06-04,New York,NY,36-45,Female,Regular,Mobile App
CUS03796,2024-12-15,Phoenix,AZ,36-45,Male,Regular,Web
CUS03797,2024-07-21,San Jose,CA,56+,Female,Premium,Mobile App
CUS03798,2024-06-06,Phoenix,AZ,46-55,Female,Premium,Mobile App
CUS03799,2024-08-11,Dallas,TX,36-45,Female,New,Web
CUS03800,2025-01-04,Seattle,WA,26-35,Female,Premium,Mobile App
CUS03801,2024-11-05,Austin,TX,18-25,Female,Regular,Mobile App
CUS03802,2025-11-30,San Diego,CA,18-25,Female,Regular,Mobile App
CUS03803,2025-03-30,Seattle,WA,36-45,Female,Premium,Mobile App
CUS03804,2024-11-11,Phoenix,AZ,18-25,Female,Regular,Mobile App
CUS03805,2024-04-10,Dallas,TX,26-35,Male,New,Mobile App
CUS03806,2025-10-15,Houston,TX,36-45,Male,Premium,Web
CUS03807,2024-04-20,Philadelphia,PA,18-25,Female,Regular,Mobile App
CUS03808,2026-01-03,Boston,MA,26-35,Female,Regular,Web
CUS03809,2025-01-10,Phoenix,AZ,36-45,Female,Premium,Mobile App
CUS03810,2024-05-22,Chicago,IL,18-25,Female,Premium,Mobile App
CUS03811,2024-01-21,Phoenix,AZ,36-45,Female,Premium,Web
CUS03812,2025-08-28,Los Angeles,CA,26-35,Female,Regular,Web
CUS03813,2024-05-23,San Diego,CA,26-35,Female,Regular,Mobile App
CUS03814,2025-04-25,Boston,MA,46-55,Female,New,Mobile App
CUS03815,2025-12-18,New York,NY,26-35,Male,Regular,Web
CUS03816,2024-05-11,Austin,TX,36-45,Other,Regular,Mobile App
CUS03817,2025-09-21,San Jose,CA,26-35,Male,Regular,Mobile App
CUS03818,2024-12-02,San Diego,CA,36-45,Female,Regular,Mobile App
CUS03819,2025-08-06,Los Angeles,CA,36-45,Female,New,Mobile App
CUS03820,2024-07-02,New York,NY,36-45,Female,Regular,Mobile App
CUS03821,2024-10-25,San Jose,CA,26-35,Male,New,Mobile App
CUS03822,2025-09-23,Los Angeles,CA,36-45,Male,Regular,Mobile App
CUS03823,2024-09-13,Phoenix,AZ,46-55,Other,Regular,Web
CUS03824,2025-04-15,San Jose,CA,26-35,Male,Regular,Mobile App
CUS03825,2025-08-13,Philadelphia,PA,26-35,Female,New,Mobile App
CUS03826,2024-03-04,San Diego,CA,36-45,Male,Premium,Mobile App
CUS03827,2025-10-08,Dallas,TX,46-55,Female,Regular,Mobile App
CUS03828,2024-09-22,Houston,TX,46-55,Female,Premium,Mobile App
CUS03829,2025-08-11,Dallas,TX,56+,Male,Regular,Mobile App
CUS03830,2025-07-31,Philadelphia,PA,36-45,Female,Regular,Mobile App
CUS03831,2025-08-03,Seattle,WA,18-25,Male,Regular,Mobile App
CUS03832,2024-03-18,San Jose,CA,18-25,Female,Regular,Mobile App
CUS03833,2025-09-10,Chicago,IL,26-35,Male,Regular,Web
CUS03834,2025-05-21,Los Angeles,CA,18-25,Male,New,Mobile App
CUS03835,2025-08-25,Phoenix,AZ,46-55,Female,Premium,Web
CUS03836,2025-10-18,Boston,MA,26-35,Female,Regular,Mobile App
CUS03837,2025-02-16,Houston,TX,18-25,Female,Regular,Mobile App
CUS03838,2024-05-05,Seattle,WA,26-35,Male,New,Mobile App
CUS03839,2026-03-19,Dallas,TX,26-35,Female,Premium,Mobile App
CUS03840,2025-08-01,Los Angeles,CA,36-45,Female,New,Mobile App
CUS03841,2024-04-21,San Jose,CA,56+,Male,Regular,Web
CUS03842,2025-01-26,San Diego,CA,36-45,Male,Premium,Mobile App
CUS03843,2024-11-03,Los Angeles,CA,26-35,Female,Regular,Web
CUS03844,2025-05-13,Boston,MA,36-45,Male,Regular,Web
CUS03845,2024-09-04,New York,NY,36-45,Male,Regular,Web
CUS03846,2024-02-11,Chicago,IL,26-35,Female,Regular,Mobile App
CUS03847,2025-01-20,Chicago,IL,26-35,Female,Regular,Mobile App
CUS03848,2025-06-21,San Diego,CA,26-35,Male,Regular,Mobile App
CUS03849,2025-11-22,Austin,TX,46-55,Male,Premium,Mobile App
CUS03850,2025-12-17,Los Angeles,CA,36-45,Male,Regular,Web
CUS03851,2025-09-22,Chicago,IL,18-25,Female,New,Web
CUS03852,2024-02-09,Austin,TX,26-35,Female,Regular,Mobile App
CUS03853,2026-02-26,Houston,TX,26-35,Male,New,Web
CUS03854,2024-07-22,Dallas,TX,26-35,Female,Premium,Web
CUS03855,2024-10-28,Chicago,IL,36-45,Male,Regular,Mobile App
CUS03856,2024-01-16,Seattle,WA,46-55,Male,New,Web
CUS03857,2024-10-08,Los Angeles,CA,26-35,Female,Premium,Mobile App
CUS03858,2024-11-09,Houston,TX,18-25,Female,Regular,Mobile App
CUS03859,2024-11-13,Houston,TX,36-45,Male,New,Web
CUS03860,2025-06-02,New York,NY,46-55,Male,Regular,Web
CUS03861,2026-03-17,Phoenix,AZ,36-45,Female,Regular,Mobile App
CUS03862,2024-05-23,San Diego,CA,46-55,Female,Regular,Mobile App
CUS03863,2024-08-28,Los Angeles,CA,36-45,Female,Regular,Web
CUS03864,2024-12-12,Houston,TX,26-35,Female,New,Mobile App
CUS03865,2025-06-30,San Jose,CA,46-55,Female,Regular,Mobile App
CUS03866,2024-02-25,Dallas,TX,18-25,Female,Premium,Mobile App
CUS03867,2025-11-14,Dallas,TX,56+,Male,New,Mobile App
CUS03868,2026-01-10,Los Angeles,CA,26-35,Male,Regular,Web
CUS03869,2025-03-03,Dallas,TX,56+,Male,Regular,Web
CUS03870,2024-03-16,Philadelphia,PA,26-35,Male,Regular,Mobile App
CUS03871,2025-11-25,Boston,MA,26-35,Female,Premium,Mobile App
CUS03872,2026-03-26,San Diego,CA,46-55,Female,Regular,Mobile App
CUS03873,2024-07-26,Dallas,TX,26-35,Male,Regular,Mobile App
CUS03874,2024-12-23,Dallas,TX,36-45,Male,Regular,Mobile App
CUS03875,2025-12-23,Seattle,WA,46-55,Male,New,Mobile App
CUS03876,2025-04-21,Houston,TX,26-35,Female,Regular,Mobile App
CUS03877,2026-02-13,Chicago,IL,36-45,Male,Regular,Mobile App
CUS03878,2025-09-01,Austin,TX,26-35,Female,Regular,Mobile App
CUS03879,2025-02-08,Seattle,WA,36-45,Male,Regular,Mobile App
CUS03880,2024-03-08,Chicago,IL,46-55,Male,Regular,Mobile App
CUS03881,2025-04-16,Los Angeles,CA,26-35,Male,Regular,Mobile App
CUS03882,2024-05-23,Dallas,TX,18-25,Male,Regular,Mobile App
CUS03883,2025-05-20,New York,NY,26-35,Male,Regular,Mobile App
CUS03884,2025-08-16,San Jose,CA,36-45,Male,Regular,Mobile App
CUS03885,2025-11-01,New York,NY,26-35,Male,New,Mobile App
CUS03886,2024-07-29,Dallas,TX,36-45,Female,Regular,Web
CUS03887,2025-08-27,Houston,TX,36-45,Male,New,Mobile App
CUS03888,2025-08-07,New York,NY,36-45,Male,Premium,Mobile App
CUS03889,2024-02-01,Philadelphia,PA,36-45,Male,Regular,Mobile App
CUS03890,2025-08-20,San Jose,CA,46-55,Female,Premium,Mobile App
CUS03891,2026-01-15,Boston,MA,36-45,Female,Regular,Mobile App
CUS03892,2024-05-02,Los Angeles,CA,36-45,Male,Premium,Mobile App
CUS03893,2025-06-10,Austin,TX,36-45,Male,Regular,Web
CUS03894,2025-06-03,San Diego,CA,26-35,Female,Premium,Mobile App
CUS03895,2025-05-29,Boston,MA,46-55,Female,New,Web
CUS03896,2024-10-10,Chicago,IL,26-35,Male,Regular,Mobile App
CUS03897,2024-03-28,Philadelphia,PA,26-35,Female,Regular,Mobile App
CUS03898,2024-04-05,Phoenix,AZ,36-45,Female,Regular,Mobile App
CUS03899,2025-08-31,Dallas,TX,18-25,Male,Regular,Mobile App
CUS03900,2025-12-30,San Jose,CA,36-45,Female,Premium,Mobile App
CUS03901,2025-07-21,Dallas,TX,18-25,Male,Regular,Web
CUS03902,2025-05-17,Austin,TX,18-25,Female,New,Mobile App
CUS03903,2025-08-20,Dallas,TX,18-25,Female,Regular,Mobile App
CUS03904,2024-05-24,Los Angeles,CA,36-45,Female,Regular,Mobile App
CUS03905,2026-03-12,Houston,TX,46-55,Female,New,Mobile App
CUS03906,2025-03-12,Chicago,IL,26-35,Female,Premium,Mobile App
CUS03907,2024-09-21,Phoenix,AZ,26-35,Female,Regular,Mobile App
CUS03908,2025-08-25,Austin,TX,46-55,Female,Premium,Mobile App
CUS03909,2025-07-01,Phoenix,AZ,36-45,Male,New,Mobile App
CUS03910,2024-06-05,Phoenix,AZ,26-35,Male,Premium,Mobile App
CUS03911,2025-04-10,Phoenix,AZ,18-25,Female,Regular,Mobile App
CUS03912,2024-09-03,Los Angeles,CA,36-45,Female,Premium,Mobile App
CUS03913,2024-03-08,Phoenix,AZ,36-45,Female,Premium,Web
CUS03914,2024-05-09,Boston,MA,36-45,Female,Regular,Mobile App
CUS03915,2025-05-18,Los Angeles,CA,46-55,Female,Premium,Mobile App
CUS03916,2024-09-12,Philadelphia,PA,36-45,Male,Premium,Web
CUS03917,2025-01-12,Chicago,IL,36-45,Female,Regular,Mobile App
CUS03918,2024-02-25,Phoenix,AZ,18-25,Female,Regular,Mobile App
CUS03919,2024-03-02,Boston,MA,36-45,Male,New,Mobile App
CUS03920,2024-01-24,San Diego,CA,46-55,Female,Regular,Mobile App
CUS03921,2024-05-13,Houston,TX,26-35,Female,Regular,Mobile App
CUS03922,2025-04-15,Philadelphia,PA,36-45,Male,Regular,Mobile App
CUS03923,2024-02-20,Phoenix,AZ,18-25,Female,Regular,Mobile App
CUS03924,2024-08-31,Philadelphia,PA,36-45,Female,Regular,Mobile App
CUS03925,2025-03-01,Boston,MA,26-35,Female,Premium,Mobile App
CUS03926,2026-03-27,Houston,TX,26-35,Male,Premium,Mobile App
CUS03927,2024-04-25,Austin,TX,36-45,Female,New,Mobile App
CUS03928,2025-03-18,Chicago,IL,18-25,Male,Regular,Mobile App
CUS03929,2025-10-18,Seattle,WA,26-35,Female,New,Mobile App
CUS03930,2024-11-01,Los Angeles,CA,18-25,Male,New,Mobile App
CUS03931,2024-03-22,Dallas,TX,26-35,Female,Regular,Mobile App
CUS03932,2024-07-13,Los Angeles,CA,46-55,Female,New,Web
CUS03933,2025-02-11,Seattle,WA,26-35,Male,Premium,Mobile App
CUS03934,2025-12-13,Dallas,TX,26-35,Female,Regular,Mobile App
CUS03935,2025-01-19,Philadelphia,PA,26-35,Female,Regular,Web
CUS03936,2025-03-24,Austin,TX,36-45,Female,Regular,Mobile App
CUS03937,2024-11-20,San Jose,CA,46-55,Female,New,Mobile App
CUS03938,2025-01-07,Austin,TX,26-35,Other,Premium,Mobile App
CUS03939,2026-02-08,Boston,MA,56+,Male,Regular,Mobile App
CUS03940,2026-01-19,Houston,TX,36-45,Male,Regular,Mobile App
CUS03941,2025-01-12,Phoenix,AZ,36-45,Female,Regular,Mobile App
CUS03942,2025-01-20,Houston,TX,26-35,Female,New,Mobile App
CUS03943,2024-11-08,Philadelphia,PA,26-35,Female,Premium,Mobile App
CUS03944,2024-02-18,Chicago,IL,36-45,Female,Regular,Mobile App
CUS03945,2026-03-01,Chicago,IL,46-55,Male,Premium,Mobile App
CUS03946,2025-04-20,Boston,MA,26-35,Other,Premium,Mobile App
CUS03947,2026-01-26,Phoenix,AZ,46-55,Female,New,Mobile App
CUS03948,2025-07-12,Houston,TX,46-55,Female,Premium,Mobile App
CUS03949,2025-05-13,Phoenix,AZ,46-55,Male,Regular,Mobile App
CUS03950,2025-10-30,Boston,MA,26-35,Male,Regular,Mobile App
CUS03951,2024-05-09,Philadelphia,PA,36-45,Female,Regular,Mobile App
CUS03952,2024-10-28,New York,NY,36-45,Male,Regular,Mobile App
CUS03953,2024-06-22,Boston,MA,26-35,Female,Premium,Mobile App
CUS03954,2025-04-10,Boston,MA,26-35,Female,New,Mobile App
CUS03955,2024-12-19,Austin,TX,26-35,Female,Regular,Web
CUS03956,2024-08-18,Seattle,WA,18-25,Female,Regular,Mobile App
CUS03957,2024-11-10,Philadelphia,PA,18-25,Male,New,Mobile App
CUS03958,2024-04-14,Houston,TX,36-45,Male,Regular,Mobile App
CUS03959,2025-10-26,Dallas,TX,36-45,Female,Regular,Mobile App
CUS03960,2024-05-21,Dallas,TX,36-45,Female,Premium,Web
CUS03961,2024-11-22,Boston,MA,46-55,Male,Premium,Mobile App
CUS03962,2024-03-10,Boston,MA,26-35,Male,New,Mobile App
CUS03963,2025-04-17,San Jose,CA,56+,Male,New,Mobile App
CUS03964,2025-08-19,San Jose,CA,26-35,Female,Regular,Web
CUS03965,2024-03-22,San Jose,CA,26-35,Male,Premium,Mobile App
CUS03966,2025-01-13,Los Angeles,CA,46-55,Male,Premium,Mobile App
CUS03967,2026-03-07,New York,NY,36-45,Male,Regular,Web
CUS03968,2024-11-03,Dallas,TX,18-25,Male,Regular,Mobile App
CUS03969,2024-08-06,Dallas,TX,36-45,Female,Regular,Web
CUS03970,2025-06-24,Philadelphia,PA,26-35,Male,New,Mobile App
CUS03971,2024-07-31,Philadelphia,PA,26-35,Female,New,Mobile App
CUS03972,2025-04-03,New York,NY,36-45,Male,Premium,Mobile App
CUS03973,2024-01-16,Los Angeles,CA,36-45,Male,Regular,Web
CUS03974,2025-06-25,San Jose,CA,26-35,Female,Premium,Mobile App
CUS03975,2024-07-25,Boston,MA,18-25,Male,Regular,Mobile App
CUS03976,2024-07-23,Boston,MA,26-35,Female,New,Mobile App
CUS03977,2025-05-14,Chicago,IL,26-35,Male,Regular,Mobile App
CUS03978,2025-08-08,Los Angeles,CA,56+,Female,New,Web
CUS03979,2025-02-10,Seattle,WA,36-45,Other,Premium,Mobile App
CUS03980,2024-09-21,Chicago,IL,36-45,Other,Premium,Web
CUS03981,2024-03-31,Chicago,IL,26-35,Female,Regular,Mobile App
CUS03982,2024-09-23,San Jose,CA,36-45,Female,Regular,Mobile App
CUS03983,2024-07-08,New York,NY,36-45,Female,Regular,Mobile App
CUS03984,2025-10-13,Houston,TX,26-35,Male,Regular,Mobile App
CUS03985,2025-03-24,New York,NY,56+,Male,Premium,Mobile App
CUS03986,2025-08-20,Houston,TX,26-35,Female,Regular,Mobile App
CUS03987,2025-11-01,San Jose,CA,46-55,Male,New,Mobile App
CUS03988,2024-10-10,Dallas,TX,26-35,Female,Premium,Mobile App
CUS03989,2025-09-13,Phoenix,AZ,36-45,Female,New,Mobile App
CUS03990,2025-04-12,Phoenix,AZ,36-45,Female,Premium,Mobile App
CUS03991,2024-08-01,San Diego,CA,18-25,Female,Premium,Mobile App
CUS03992,2025-08-04,Austin,TX,46-55,Female,New,Mobile App
CUS03993,2024-04-14,Chicago,IL,56+,Female,Premium,Web
CUS03994,2025-04-10,San Diego,CA,46-55,Male,Regular,Mobile App
CUS03995,2025-02-21,Phoenix,AZ,36-45,Male,Regular,Web
CUS03996,2024-05-12,Philadelphia,PA,26-35,Male,Regular,Mobile App
CUS03997,2025-12-23,Philadelphia,PA,26-35,Female,Regular,Mobile App
CUS03998,2024-01-08,Chicago,IL,56+,Male,Regular,Mobile App
CUS03999,2025-10-25,Seattle,WA,18-25,Male,Regular,Web
CUS04000,2025-11-08,San Diego,CA,26-35,Female,Premium,Web
CUS04001,2024-03-24,Seattle,WA,46-55,Male,New,Mobile App
CUS04002,2024-06-10,Dallas,TX,26-35,Male,Regular,Mobile App
CUS04003,2024-01-31,San Diego,CA,46-55,Male,New,Mobile App
CUS04004,2025-11-03,Austin,TX,36-45,Male,New,Mobile App
CUS04005,2025-10-15,Dallas,TX,56+,Female,Regular,Mobile App
CUS04006,2026-01-07,San Jose,CA,36-45,Male,Regular,Mobile App
CUS04007,2025-10-30,Philadelphia,PA,26-35,Male,New,Mobile App
CUS04008,2024-01-24,Dallas,TX,18-25,Female,Regular,Web
CUS04009,2024-11-24,Austin,TX,46-55,Female,Regular,Web
CUS04010,2024-10-31,Phoenix,AZ,36-45,Male,Regular,Web
CUS04011,2024-03-06,Austin,TX,26-35,Female,Regular,Mobile App
CUS04012,2024-06-08,Houston,TX,26-35,Female,Regular,Mobile App
CUS04013,2024-10-03,Phoenix,AZ,26-35,Male,New,Mobile App
CUS04014,2024-12-04,Phoenix,AZ,46-55,Female,Regular,Mobile App
CUS04015,2025-09-08,Phoenix,AZ,46-55,Female,New,Mobile App
CUS04016,2025-06-13,San Diego,CA,46-55,Male,Regular,Mobile App
CUS04017,2026-02-10,San Jose,CA,36-45,Male,New,Mobile App
CUS04018,2024-09-09,New York,NY,18-25,Male,Regular,Mobile App
CUS04019,2024-07-27,San Jose,CA,36-45,Male,New,Mobile App
CUS04020,2025-07-08,Dallas,TX,26-35,Male,Regular,Web
CUS04021,2024-03-27,New York,NY,26-35,Male,Regular,Mobile App
CUS04022,2025-07-26,Philadelphia,PA,26-35,Male,New,Web
CUS04023,2025-03-07,San Jose,CA,18-25,Male,Premium,Mobile App
CUS04024,2025-07-10,San Jose,CA,26-35,Female,Premium,Web
CUS04025,2025-11-23,San Diego,CA,36-45,Female,Premium,Mobile App
CUS04026,2025-06-07,Dallas,TX,36-45,Male,New,Mobile App
CUS04027,2024-05-18,Phoenix,AZ,36-45,Male,Premium,Mobile App
CUS04028,2025-12-04,Chicago,IL,18-25,Female,Regular,Mobile App
CUS04029,2025-03-28,Phoenix,AZ,46-55,Female,New,Mobile App
CUS04030,2024-05-04,Los Angeles,CA,26-35,Male,New,Mobile App
CUS04031,2024-01-11,Chicago,IL,26-35,Female,Regular,Mobile App
CUS04032,2025-06-13,Houston,TX,26-35,Female,Premium,Mobile App
CUS04033,2025-07-28,Dallas,TX,26-35,Male,New,Web
CUS04034,2025-03-03,Austin,TX,36-45,Male,Premium,Web
CUS04035,2025-03-24,Los Angeles,CA,18-25,Male,Premium,Web
CUS04036,2025-07-15,Los Angeles,CA,56+,Male,Regular,Web
CUS04037,2026-01-19,Houston,TX,36-45,Male,Premium,Mobile App
CUS04038,2024-12-22,Houston,TX,18-25,Female,Regular,Web
CUS04039,2025-04-07,Phoenix,AZ,36-45,Other,Regular,Mobile App
CUS04040,2024-08-23,New York,NY,26-35,Female,New,Mobile App
CUS04041,2025-09-08,San Jose,CA,46-55,Male,Regular,Mobile App
CUS04042,2026-03-11,Chicago,IL,46-55,Female,Regular,Mobile App
CUS04043,2025-06-06,Houston,TX,56+,Male,Regular,Mobile App
CUS04044,2024-04-19,San Diego,CA,36-45,Female,Regular,Mobile App
CUS04045,2026-01-23,San Jose,CA,56+,Male,Premium,Web
CUS04046,2025-05-23,San Diego,CA,36-45,Female,Regular,Mobile App
CUS04047,2025-01-05,Seattle,WA,26-35,Male,Regular,Mobile App
CUS04048,2025-05-31,San Diego,CA,36-45,Male,Regular,Mobile App
CUS04049,2025-09-28,Houston,TX,26-35,Male,New,Web
CUS04050,2025-11-12,New York,NY,26-35,Female,Regular,Mobile App
CUS04051,2025-03-09,Phoenix,AZ,46-55,Male,Premium,Mobile App
CUS04052,2026-02-28,San Jose,CA,56+,Male,Regular,Mobile App
CUS04053,2025-01-17,Philadelphia,PA,18-25,Female,New,Mobile App
CUS04054,2025-05-15,Austin,TX,26-35,Male,Regular,Mobile App
CUS04055,2024-07-12,Phoenix,AZ,36-45,Male,Regular,Web
CUS04056,2024-02-06,Phoenix,AZ,26-35,Male,Regular,Mobile App
CUS04057,2025-01-19,Boston,MA,46-55,Male,Regular,Mobile App
CUS04058,2025-07-18,Phoenix,AZ,26-35,Female,Regular,Mobile App
CUS04059,2026-03-15,San Diego,CA,36-45,Female,Regular,Mobile App
CUS04060,2024-04-11,Los Angeles,CA,26-35,Male,Regular,Mobile App
CUS04061,2025-02-28,Phoenix,AZ,26-35,Female,Regular,Mobile App
CUS04062,2024-03-27,Seattle,WA,36-45,Female,Regular,Mobile App
CUS04063,2025-10-20,Phoenix,AZ,26-35,Male,Regular,Web
CUS04064,2025-10-09,Austin,TX,26-35,Male,Regular,Mobile App
CUS04065,2024-06-17,Houston,TX,46-55,Male,Regular,Mobile App
CUS04066,2026-03-22,Seattle,WA,26-35,Male,Regular,Mobile App
CUS04067,2025-03-26,San Diego,CA,36-45,Female,Regular,Mobile App
CUS04068,2025-07-17,Chicago,IL,26-35,Male,Regular,Mobile App
CUS04069,2025-04-27,Boston,MA,26-35,Female,Premium,Web
CUS04070,2025-02-09,New York,NY,56+,Male,New,Mobile App
CUS04071,2025-04-16,Phoenix,AZ,26-35,Female,New,Web
CUS04072,2025-03-07,Houston,TX,26-35,Female,Premium,Mobile App
CUS04073,2024-07-09,Philadelphia,PA,26-35,Female,Regular,Mobile App
CUS04074,2026-01-09,Austin,TX,36-45,Female,Premium,Mobile App
CUS04075,2025-07-17,Boston,MA,26-35,Male,Regular,Mobile App
CUS04076,2024-04-01,Chicago,IL,26-35,Male,Regular,Mobile App
CUS04077,2026-02-22,Phoenix,AZ,18-25,Female,Regular,Mobile App
CUS04078,2026-03-08,Austin,TX,36-45,Female,Regular,Mobile App
CUS04079,2024-04-11,Phoenix,AZ,26-35,Male,New,Mobile App
CUS04080,2024-05-31,Philadelphia,PA,26-35,Female,Premium,Mobile App
CUS04081,2025-01-24,Houston,TX,36-45,Other,Regular,Web
CUS04082,2025-08-16,Houston,TX,26-35,Female,Regular,Mobile App
CUS04083,2024-07-22,San Diego,CA,18-25,Female,Regular,Mobile App
CUS04084,2024-05-29,Houston,TX,18-25,Male,Regular,Mobile App
CUS04085,2025-10-21,San Diego,CA,26-35,Female,New,Web
CUS04086,2025-09-29,Philadelphia,PA,26-35,Male,Regular,Web
CUS04087,2024-03-09,Phoenix,AZ,36-45,Male,Regular,Web
CUS04088,2025-06-06,San Diego,CA,26-35,Female,New,Mobile App
CUS04089,2025-09-04,Phoenix,AZ,46-55,Male,New,Mobile App
CUS04090,2024-03-28,Philadelphia,PA,26-35,Female,Regular,Mobile App
CUS04091,2024-04-08,San Diego,CA,26-35,Female,Regular,Mobile App
CUS04092,2024-07-07,Philadelphia,PA,56+,Female,Premium,Mobile App
CUS04093,2025-07-19,Phoenix,AZ,18-25,Female,Premium,Mobile App
CUS04094,2025-10-24,Seattle,WA,36-45,Female,Regular,Web
CUS04095,2025-09-28,San Diego,CA,46-55,Male,New,Web
CUS04096,2026-03-15,Los Angeles,CA,36-45,Female,Regular,Mobile App
CUS04097,2025-02-14,New York,NY,36-45,Female,Regular,Web
CUS04098,2025-12-08,San Diego,CA,18-25,Male,Premium,Mobile App
CUS04099,2025-07-19,Chicago,IL,46-55,Male,Premium,Web
CUS04100,2025-01-30,Philadelphia,PA,26-35,Female,Regular,Mobile App
CUS04101,2025-11-07,New York,NY,18-25,Male,Premium,Web
CUS04102,2025-06-11,San Diego,CA,26-35,Female,Regular,Mobile App
CUS04103,2024-12-20,San Jose,CA,26-35,Male,Regular,Mobile App
CUS04104,2026-02-22,Boston,MA,46-55,Female,Regular,Mobile App
CUS04105,2024-05-23,Dallas,TX,46-55,Female,Regular,Mobile App
CUS04106,2025-10-21,Chicago,IL,36-45,Male,New,Mobile App
CUS04107,2025-05-23,New York,NY,26-35,Male,Regular,Mobile App
CUS04108,2025-06-02,Los Angeles,CA,36-45,Male,Regular,Mobile App
CUS04109,2024-08-27,San Jose,CA,26-35,Female,Premium,Mobile App
CUS04110,2024-07-13,Houston,TX,46-55,Female,Regular,Web
CUS04111,2024-10-06,San Diego,CA,26-35,Female,Regular,Mobile App
CUS04112,2024-01-28,Seattle,WA,56+,Male,New,Mobile App
CUS04113,2025-03-01,Philadelphia,PA,56+,Male,Regular,Mobile App
CUS04114,2024-09-10,Dallas,TX,26-35,Female,Regular,Web
CUS04115,2024-12-02,Chicago,IL,46-55,Male,Regular,Mobile App
CUS04116,2026-03-20,Austin,TX,36-45,Female,Regular,Mobile App
CUS04117,2024-09-23,Chicago,IL,26-35,Female,Regular,Mobile App
CUS04118,2024-11-19,Phoenix,AZ,56+,Female,Regular,Web
CUS04119,2024-01-25,Houston,TX,26-35,Female,Regular,Web
CUS04120,2025-01-19,Philadelphia,PA,26-35,Female,Premium,Web
CUS04121,2026-01-22,Austin,TX,36-45,Male,Regular,Mobile App
CUS04122,2024-08-19,New York,NY,46-55,Male,New,Web
CUS04123,2025-02-26,San Diego,CA,26-35,Female,New,Mobile App
CUS04124,2024-03-15,New York,NY,36-45,Male,Regular,Mobile App
CUS04125,2026-02-20,Dallas,TX,26-35,Male,Premium,Mobile App
CUS04126,2024-03-18,Houston,TX,36-45,Female,Premium,Web
CUS04127,2024-08-08,Los Angeles,CA,26-35,Male,Regular,Mobile App
CUS04128,2025-10-09,Boston,MA,26-35,Female,Regular,Mobile App
CUS04129,2025-05-02,Los Angeles,CA,26-35,Female,Premium,Web
CUS04130,2025-01-28,Philadelphia,PA,36-45,Male,Regular,Mobile App
CUS04131,2025-12-30,New York,NY,36-45,Female,Regular,Mobile App
CUS04132,2024-10-13,Dallas,TX,18-25,Female,Premium,Web
CUS04133,2025-12-04,Phoenix,AZ,26-35,Male,Regular,Web
CUS04134,2025-08-21,Boston,MA,46-55,Female,Premium,Mobile App
CUS04135,2026-02-27,Boston,MA,46-55,Male,Regular,Mobile App
CUS04136,2025-01-11,Dallas,TX,56+,Female,Premium,Mobile App
CUS04137,2024-02-15,Seattle,WA,46-55,Female,Regular,Mobile App
CUS04138,2026-02-11,Austin,TX,46-55,Male,New,Web
CUS04139,2024-08-13,Austin,TX,18-25,Female,Premium,Mobile App
CUS04140,2024-04-06,Austin,TX,36-45,Other,New,Mobile App
CUS04141,2024-10-11,Phoenix,AZ,36-45,Female,Regular,Mobile App
CUS04142,2024-01-31,Los Angeles,CA,26-35,Female,Regular,Web
CUS04143,2024-08-21,New York,NY,26-35,Female,Premium,Mobile App
CUS04144,2024-07-09,Houston,TX,18-25,Female,Regular,Mobile App
CUS04145,2025-10-06,San Jose,CA,26-35,Female,New,Mobile App
CUS04146,2024-10-05,Phoenix,AZ,36-45,Male,Regular,Mobile App
CUS04147,2026-03-27,Philadelphia,PA,36-45,Male,Regular,Mobile App
CUS04148,2024-07-21,Chicago,IL,56+,Female,Regular,Mobile App
CUS04149,2025-03-31,Houston,TX,26-35,Male,New,Mobile App
CUS04150,2025-10-25,San Diego,CA,26-35,Female,New,Mobile App
CUS04151,2025-12-14,Chicago,IL,18-25,Female,New,Web
CUS04152,2024-03-24,Boston,MA,36-45,Female,Premium,Web
CUS04153,2024-04-19,Chicago,IL,36-45,Female,Regular,Mobile App
CUS04154,2024-01-19,Boston,MA,18-25,Male,Premium,Mobile App
CUS04155,2024-10-16,Dallas,TX,18-25,Female,Regular,Mobile App
CUS04156,2024-02-21,Philadelphia,PA,56+,Male,Regular,Web
CUS04157,2024-06-23,San Jose,CA,26-35,Male,New,Mobile App
CUS04158,2024-08-30,Boston,MA,46-55,Male,Premium,Web
CUS04159,2025-01-04,San Jose,CA,26-35,Male,Premium,Mobile App
CUS04160,2025-03-13,San Jose,CA,36-45,Female,New,Mobile App
CUS04161,2024-10-09,San Diego,CA,26-35,Female,Regular,Mobile App
CUS04162,2024-09-26,Austin,TX,36-45,Male,New,Mobile App
CUS04163,2024-12-22,San Jose,CA,18-25,Male,Regular,Mobile App
CUS04164,2026-01-03,Chicago,IL,36-45,Male,Regular,Mobile App
CUS04165,2026-03-02,Austin,TX,26-35,Male,New,Mobile App
CUS04166,2024-10-18,Dallas,TX,18-25,Female,Premium,Mobile App
CUS04167,2025-06-17,Houston,TX,26-35,Male,New,Mobile App
CUS04168,2024-01-06,Chicago,IL,26-35,Female,Regular,Web
CUS04169,2024-03-19,Boston,MA,56+,Male,Regular,Web
CUS04170,2025-11-09,San Diego,CA,26-35,Female,Regular,Mobile App
CUS04171,2025-03-20,San Diego,CA,18-25,Male,Regular,Mobile App
CUS04172,2025-09-16,San Jose,CA,36-45,Female,Regular,Mobile App
CUS04173,2024-02-07,Austin,TX,18-25,Male,Premium,Mobile App
CUS04174,2024-12-21,Houston,TX,26-35,Male,Regular,Mobile App
CUS04175,2025-12-19,New York,NY,18-25,Female,New,Mobile App
CUS04176,2026-03-31,Boston,MA,56+,Female,Regular,Mobile App
CUS04177,2024-07-09,Phoenix,AZ,26-35,Male,New,Mobile App
CUS04178,2024-04-04,Phoenix,AZ,56+,Male,Premium,Web
CUS04179,2026-02-22,Dallas,TX,18-25,Male,Premium,Mobile App
CUS04180,2025-04-05,Philadelphia,PA,26-35,Male,Regular,Mobile App
CUS04181,2025-03-01,Houston,TX,26-35,Female,New,Web
CUS04182,2026-02-23,Houston,TX,18-25,Male,Regular,Mobile App
CUS04183,2024-07-30,New York,NY,36-45,Male,Regular,Web
CUS04184,2025-12-12,Phoenix,AZ,36-45,Female,Regular,Mobile App
CUS04185,2025-01-04,Philadelphia,PA,26-35,Male,Premium,Mobile App
CUS04186,2024-05-29,Phoenix,AZ,18-25,Male,Regular,Mobile App
CUS04187,2026-03-24,Philadelphia,PA,26-35,Female,Premium,Web
CUS04188,2024-11-29,Seattle,WA,18-25,Female,New,Mobile App
CUS04189,2026-03-21,Philadelphia,PA,46-55,Male,Regular,Web
CUS04190,2024-02-12,Los Angeles,CA,26-35,Male,Regular,Mobile App
CUS04191,2024-12-24,Austin,TX,26-35,Female,Regular,Mobile App
CUS04192,2025-01-16,San Jose,CA,46-55,Male,Regular,Mobile App
CUS04193,2025-09-24,Los Angeles,CA,46-55,Male,Regular,Mobile App
CUS04194,2025-09-06,San Jose,CA,18-25,Male,Regular,Mobile App
CUS04195,2025-03-26,Los Angeles,CA,26-35,Female,Regular,Mobile App
CUS04196,2025-01-13,San Diego,CA,46-55,Female,Regular,Web
CUS04197,2025-07-26,New York,NY,18-25,Male,Regular,Mobile App
CUS04198,2024-01-16,San Diego,CA,36-45,Male,Regular,Mobile App
CUS04199,2025-08-01,Los Angeles,CA,46-55,Female,Premium,Mobile App
CUS04200,2024-10-12,Chicago,IL,18-25,Female,Regular,Mobile App
CUS04201,2025-02-08,Chicago,IL,26-35,Male,Regular,Web
CUS04202,2024-04-05,Boston,MA,18-25,Male,Regular,Web
CUS04203,2025-03-03,Seattle,WA,56+,Female,New,Mobile App
CUS04204,2025-08-08,Dallas,TX,46-55,Male,Premium,Web
CUS04205,2024-11-26,Boston,MA,26-35,Female,Regular,Mobile App
CUS04206,2026-01-20,New York,NY,36-45,Female,Regular,Mobile App
CUS04207,2026-01-27,Phoenix,AZ,18-25,Male,Regular,Mobile App
CUS04208,2025-04-07,Chicago,IL,56+,Female,Regular,Mobile App
CUS04209,2025-03-13,Dallas,TX,46-55,Male,New,Web
CUS04210,2025-07-18,Chicago,IL,18-25,Male,Regular,Mobile App
CUS04211,2025-02-06,Dallas,TX,18-25,Male,Regular,Mobile App
CUS04212,2024-06-10,Dallas,TX,56+,Male,Regular,Mobile App
CUS04213,2025-01-08,Chicago,IL,36-45,Male,Regular,Web
CUS04214,2024-10-11,San Jose,CA,26-35,Female,Regular,Mobile App
CUS04215,2025-10-14,Dallas,TX,46-55,Male,Regular,Mobile App
CUS04216,2025-11-03,Boston,MA,46-55,Female,New,Mobile App
CUS04217,2025-07-15,Seattle,WA,18-25,Female,Regular,Mobile App
CUS04218,2025-04-09,Los Angeles,CA,18-25,Female,Regular,Mobile App
CUS04219,2026-01-09,San Jose,CA,36-45,Male,Regular,Mobile App
CUS04220,2025-07-23,Los Angeles,CA,36-45,Male,Regular,Mobile App
CUS04221,2024-10-03,Seattle,WA,26-35,Male,Regular,Mobile App
CUS04222,2024-02-15,San Jose,CA,36-45,Female,Premium,Mobile App
CUS04223,2025-11-08,Houston,TX,36-45,Female,Regular,Mobile App
CUS04224,2024-07-22,Austin,TX,36-45,Female,Regular,Web
CUS04225,2025-03-25,San Diego,CA,18-25,Female,Regular,Mobile App
CUS04226,2025-12-01,Philadelphia,PA,46-55,Male,Regular,Mobile App
CUS04227,2024-05-21,Chicago,IL,26-35,Female,Premium,Mobile App
CUS04228,2024-09-11,San Diego,CA,26-35,Female,Premium,Web
CUS04229,2026-03-18,San Diego,CA,18-25,Female,Regular,Mobile App
CUS04230,2024-04-28,Phoenix,AZ,46-55,Female,Regular,Mobile App
CUS04231,2024-06-03,Phoenix,AZ,26-35,Other,Regular,Web
CUS04232,2024-07-19,Dallas,TX,26-35,Male,Premium,Mobile App
CUS04233,2026-01-27,Philadelphia,PA,26-35,Male,New,Mobile App
CUS04234,2026-01-10,Philadelphia,PA,36-45,Female,Regular,Mobile App
CUS04235,2024-01-07,San Diego,CA,26-35,Male,Premium,Web
CUS04236,2025-03-21,Philadelphia,PA,56+,Male,Regular,Mobile App
CUS04237,2024-09-24,Philadelphia,PA,26-35,Male,Regular,Web
CUS04238,2025-12-16,Houston,TX,26-35,Female,Regular,Mobile App
CUS04239,2024-04-12,Chicago,IL,26-35,Male,New,Mobile App
CUS04240,2025-10-28,Houston,TX,56+,Female,Premium,Mobile App
CUS04241,2024-03-19,Chicago,IL,36-45,Female,Premium,Mobile App
CUS04242,2024-05-20,San Diego,CA,18-25,Male,Premium,Web
CUS04243,2024-01-24,Seattle,WA,18-25,Male,Premium,Mobile App
CUS04244,2024-08-17,San Jose,CA,36-45,Male,Premium,Web
CUS04245,2025-07-11,New York,NY,26-35,Female,Regular,Web
CUS04246,2024-02-02,Austin,TX,18-25,Male,New,Mobile App
CUS04247,2025-07-03,New York,NY,26-35,Male,Regular,Mobile App
CUS04248,2024-01-26,Houston,TX,26-35,Female,Regular,Mobile App
CUS04249,2025-10-18,San Jose,CA,26-35,Male,Regular,Mobile App
CUS04250,2024-01-23,Phoenix,AZ,26-35,Male,New,Mobile App
CUS04251,2024-01-12,Boston,MA,56+,Female,New,Mobile App
CUS04252,2026-01-10,Dallas,TX,18-25,Male,New,Web
CUS04253,2025-01-14,Phoenix,AZ,26-35,Female,Regular,Mobile App
CUS04254,2025-04-19,San Diego,CA,46-55,Male,Regular,Web
CUS04255,2026-03-18,Los Angeles,CA,46-55,Female,New,Web
CUS04256,2025-10-06,Boston,MA,46-55,Female,Regular,Mobile App
CUS04257,2026-01-31,Seattle,WA,18-25,Female,Regular,Mobile App
CUS04258,2024-05-18,Los Angeles,CA,56+,Male,Premium,Web
CUS04259,2026-02-04,Seattle,WA,26-35,Male,Regular,Mobile App
CUS04260,2025-01-14,Chicago,IL,36-45,Female,Premium,Mobile App
CUS04261,2024-10-28,San Diego,CA,36-45,Male,Regular,Web
CUS04262,2025-11-13,Boston,MA,26-35,Female,New,Mobile App
CUS04263,2024-02-08,San Jose,CA,26-35,Male,Premium,Mobile App
CUS04264,2025-07-13,San Diego,CA,36-45,Male,Premium,Mobile App
CUS04265,2024-06-06,Houston,TX,18-25,Male,Regular,Mobile App
CUS04266,2025-09-16,Dallas,TX,26-35,Male,Premium,Mobile App
CUS04267,2024-07-18,San Jose,CA,26-35,Female,New,Mobile App
CUS04268,2024-06-22,Phoenix,AZ,18-25,Female,Regular,Mobile App
CUS04269,2025-02-28,San Diego,CA,18-25,Female,New,Mobile App
CUS04270,2024-08-04,San Jose,CA,26-35,Male,Regular,Mobile App
CUS04271,2025-12-13,Austin,TX,36-45,Male,New,Web
CUS04272,2024-03-28,San Jose,CA,26-35,Female,Premium,Mobile App
CUS04273,2024-05-01,Seattle,WA,46-55,Male,Regular,Web
CUS04274,2024-04-11,Boston,MA,18-25,Female,New,Mobile App
CUS04275,2025-08-01,Boston,MA,18-25,Male,Regular,Mobile App
CUS04276,2025-01-19,Seattle,WA,36-45,Male,Regular,Web
CUS04277,2026-03-17,Los Angeles,CA,26-35,Other,Regular,Mobile App
CUS04278,2024-07-30,Austin,TX,26-35,Male,Regular,Mobile App
CUS04279,2026-01-27,New York,NY,26-35,Female,Premium,Mobile App
CUS04280,2025-06-23,Los Angeles,CA,36-45,Male,New,Mobile App
CUS04281,2025-08-29,Los Angeles,CA,26-35,Male,Regular,Mobile App
CUS04282,2025-11-14,Houston,TX,18-25,Other,Regular,Mobile App
CUS04283,2024-05-27,Chicago,IL,26-35,Female,Premium,Mobile App
CUS04284,2024-06-19,New York,NY,18-25,Female,Regular,Mobile App
CUS04285,2024-08-24,San Jose,CA,26-35,Male,New,Mobile App
CUS04286,2024-12-30,Houston,TX,26-35,Female,Regular,Mobile App
CUS04287,2025-05-21,San Diego,CA,26-35,Female,Regular,Mobile App
CUS04288,2024-01-24,Phoenix,AZ,18-25,Male,Regular,Mobile App
CUS04289,2024-04-08,Boston,MA,36-45,Female,Regular,Mobile App
CUS04290,2025-12-10,San Jose,CA,26-35,Male,New,Mobile App
CUS04291,2025-12-22,Los Angeles,CA,18-25,Male,Premium,Web
CUS04292,2025-09-07,Houston,TX,26-35,Female,New,Mobile App
CUS04293,2025-09-29,Philadelphia,PA,26-35,Female,Premium,Mobile App
CUS04294,2025-06-08,Seattle,WA,46-55,Female,Regular,Web
CUS04295,2024-05-13,San Jose,CA,46-55,Female,Premium,Mobile App
CUS04296,2025-10-22,Seattle,WA,18-25,Female,Regular,Mobile App
CUS04297,2025-04-05,Austin,TX,26-35,Male,New,Web
CUS04298,2024-11-29,New York,NY,26-35,Male,New,Mobile App
CUS04299,2024-11-27,San Diego,CA,36-45,Male,Premium,Web
CUS04300,2025-03-17,Austin,TX,18-25,Male,Premium,Mobile App
CUS04301,2026-03-29,Houston,TX,36-45,Male,Regular,Mobile App
CUS04302,2025-10-29,San Diego,CA,46-55,Female,Regular,Mobile App
CUS04303,2024-04-27,San Diego,CA,46-55,Female,Regular,Web
CUS04304,2025-08-23,San Diego,CA,56+,Male,Premium,Mobile App
CUS04305,2025-01-23,Dallas,TX,36-45,Female,Regular,Web
CUS04306,2025-01-31,Philadelphia,PA,26-35,Male,Premium,Mobile App
CUS04307,2026-03-20,San Jose,CA,56+,Female,Premium,Mobile App
CUS04308,2025-08-09,Austin,TX,56+,Male,New,Mobile App
CUS04309,2026-03-27,Los Angeles,CA,26-35,Female,New,Mobile App
CUS04310,2024-01-22,New York,NY,18-25,Male,New,Web
CUS04311,2025-02-18,New York,NY,36-45,Female,Premium,Web
CUS04312,2025-06-11,Houston,TX,46-55,Male,Premium,Web
CUS04313,2024-09-28,Phoenix,AZ,18-25,Male,Regular,Mobile App
CUS04314,2026-03-30,Phoenix,AZ,56+,Male,Regular,Mobile App
CUS04315,2025-11-28,Houston,TX,18-25,Male,Regular,Mobile App
CUS04316,2025-04-29,San Diego,CA,26-35,Male,New,Mobile App
CUS04317,2025-12-12,Boston,MA,26-35,Male,Premium,Mobile App
CUS04318,2025-07-23,Phoenix,AZ,26-35,Female,Regular,Mobile App
CUS04319,2024-05-15,Dallas,TX,18-25,Female,Regular,Mobile App
CUS04320,2024-02-19,San Diego,CA,26-35,Male,Regular,Mobile App
CUS04321,2024-06-26,San Jose,CA,36-45,Male,Regular,Mobile App
CUS04322,2025-07-25,Houston,TX,36-45,Male,New,Mobile App
CUS04323,2026-02-24,Boston,MA,26-35,Female,Regular,Mobile App
CUS04324,2025-02-24,New York,NY,36-45,Male,New,Mobile App
CUS04325,2026-03-02,Houston,TX,26-35,Male,Regular,Mobile App
CUS04326,2025-07-19,San Jose,CA,26-35,Male,New,Web
CUS04327,2025-08-30,Austin,TX,26-35,Male,Regular,Mobile App
CUS04328,2024-03-18,San Jose,CA,56+,Male,Regular,Web
CUS04329,2024-02-04,Austin,TX,46-55,Female,Regular,Mobile App
CUS04330,2026-03-06,San Diego,CA,18-25,Female,New,Web
CUS04331,2024-08-07,Dallas,TX,46-55,Male,New,Web
CUS04332,2025-02-13,Phoenix,AZ,36-45,Male,New,Mobile App
CUS04333,2024-08-16,New York,NY,56+,Male,Regular,Mobile App
CUS04334,2024-02-29,Boston,MA,46-55,Female,Premium,Web
CUS04335,2025-05-09,San Jose,CA,26-35,Female,Regular,Mobile App
CUS04336,2024-09-02,Boston,MA,46-55,Female,Regular,Mobile App
CUS04337,2024-01-15,Seattle,WA,26-35,Male,Regular,Mobile App
CUS04338,2025-03-28,Chicago,IL,56+,Male,Regular,Mobile App
CUS04339,2026-03-01,Philadelphia,PA,26-35,Male,Premium,Mobile App
CUS04340,2024-10-10,Philadelphia,PA,26-35,Male,Premium,Web
CUS04341,2024-01-22,Houston,TX,26-35,Female,Premium,Mobile App
CUS04342,2024-01-11,San Jose,CA,18-25,Male,Regular,Mobile App
CUS04343,2025-12-07,Austin,TX,36-45,Female,Premium,Web
CUS04344,2024-05-30,San Jose,CA,36-45,Female,Premium,Mobile App
CUS04345,2025-08-04,Austin,TX,26-35,Male,Regular,Web
CUS04346,2024-02-09,Dallas,TX,36-45,Male,Premium,Web
CUS04347,2024-02-20,Seattle,WA,56+,Female,Regular,Web
CUS04348,2024-08-25,Dallas,TX,26-35,Female,New,Mobile App
CUS04349,2025-05-02,Boston,MA,26-35,Female,Regular,Mobile App
CUS04350,2026-02-14,Austin,TX,36-45,Female,Regular,Mobile App
CUS04351,2024-05-29,Phoenix,AZ,26-35,Male,Regular,Mobile App
CUS04352,2025-09-18,San Diego,CA,26-35,Male,Regular,Mobile App
CUS04353,2026-01-09,Dallas,TX,36-45,Male,Regular,Mobile App
CUS04354,2024-03-31,San Diego,CA,56+,Male,Regular,Mobile App
CUS04355,2025-01-02,San Diego,CA,26-35,Female,Regular,Mobile App
CUS04356,2024-09-09,Los Angeles,CA,26-35,Female,Regular,Mobile App
CUS04357,2025-02-10,Los Angeles,CA,26-35,Male,New,Web
CUS04358,2026-01-12,San Diego,CA,26-35,Female,New,Mobile App
CUS04359,2024-02-25,Austin,TX,36-45,Male,Regular,Mobile App
CUS04360,2025-02-15,Boston,MA,26-35,Female,Regular,Web
CUS04361,2025-10-19,Los Angeles,CA,56+,Female,Premium,Mobile App
CUS04362,2024-08-19,Seattle,WA,26-35,Female,New,Mobile App
CUS04363,2025-04-04,Seattle,WA,18-25,Female,Regular,Mobile App
CUS04364,2025-05-09,San Diego,CA,18-25,Male,New,Mobile App
CUS04365,2024-08-31,San Diego,CA,26-35,Female,Regular,Mobile App
CUS04366,2024-10-13,Dallas,TX,26-35,Male,Regular,Mobile App
CUS04367,2025-02-10,Philadelphia,PA,18-25,Male,Regular,Mobile App
CUS04368,2025-10-16,Philadelphia,PA,26-35,Male,Premium,Mobile App
CUS04369,2025-02-21,Chicago,IL,36-45,Male,Regular,Mobile App
CUS04370,2024-05-17,Houston,TX,36-45,Female,New,Mobile App
CUS04371,2024-02-29,Houston,TX,26-35,Other,Premium,Mobile App
CUS04372,2025-03-20,Boston,MA,36-45,Female,New,Mobile App
CUS04373,2024-03-08,San Jose,CA,46-55,Female,Regular,Web
CUS04374,2024-10-25,Phoenix,AZ,36-45,Female,Regular,Mobile App
CUS04375,2025-03-15,Seattle,WA,18-25,Male,New,Mobile App
CUS04376,2024-11-09,Dallas,TX,18-25,Male,Premium,Mobile App
CUS04377,2026-03-03,Houston,TX,26-35,Female,Regular,Mobile App
CUS04378,2025-04-22,San Jose,CA,56+,Male,Premium,Web
CUS04379,2025-12-13,Philadelphia,PA,36-45,Other,Premium,Mobile App
CUS04380,2025-02-15,Houston,TX,26-35,Female,Regular,Mobile App
CUS04381,2025-04-12,Chicago,IL,46-55,Female,New,Mobile App
CUS04382,2025-08-25,Houston,TX,36-45,Male,Regular,Web
CUS04383,2025-11-04,San Jose,CA,56+,Female,Premium,Mobile App
CUS04384,2025-09-07,Philadelphia,PA,36-45,Female,Regular,Web
CUS04385,2024-05-30,Dallas,TX,56+,Male,Regular,Web
CUS04386,2025-08-25,Chicago,IL,36-45,Male,Regular,Web
CUS04387,2024-05-23,Austin,TX,46-55,Male,Regular,Mobile App
CUS04388,2025-06-26,San Diego,CA,36-45,Male,Regular,Web
CUS04389,2024-08-26,Dallas,TX,46-55,Other,Premium,Mobile App
CUS04390,2025-05-02,San Jose,CA,36-45,Female,Premium,Mobile App
CUS04391,2025-01-05,San Diego,CA,46-55,Male,Regular,Mobile App
CUS04392,2025-08-07,Chicago,IL,46-55,Male,New,Mobile App
CUS04393,2025-03-13,Los Angeles,CA,56+,Female,New,Mobile App
CUS04394,2024-08-20,Phoenix,AZ,18-25,Female,Premium,Web
CUS04395,2026-03-17,Philadelphia,PA,36-45,Female,Premium,Mobile App
CUS04396,2024-12-07,New York,NY,36-45,Male,Premium,Mobile App
CUS04397,2025-07-17,New York,NY,26-35,Female,Premium,Mobile App
CUS04398,2024-01-15,Los Angeles,CA,18-25,Female,Regular,Mobile App
CUS04399,2024-01-30,Seattle,WA,36-45,Female,New,Mobile App
CUS04400,2024-09-12,San Jose,CA,36-45,Female,Premium,Mobile App
CUS04401,2024-02-18,San Jose,CA,36-45,Male,Regular,Mobile App
CUS04402,2026-02-07,Chicago,IL,56+,Female,Premium,Mobile App
CUS04403,2024-10-02,Houston,TX,18-25,Female,Premium,Web
CUS04404,2025-12-31,Chicago,IL,26-35,Female,Regular,Mobile App
CUS04405,2024-04-04,Austin,TX,46-55,Male,Regular,Mobile App
CUS04406,2025-03-17,Austin,TX,46-55,Male,Regular,Mobile App
CUS04407,2024-06-10,San Jose,CA,36-45,Female,Regular,Mobile App
CUS04408,2024-02-28,Austin,TX,46-55,Male,New,Mobile App
CUS04409,2025-06-13,San Diego,CA,26-35,Other,Regular,Mobile App
CUS04410,2024-12-17,Chicago,IL,26-35,Female,Premium,Web
CUS04411,2024-03-21,Austin,TX,26-35,Male,Regular,Mobile App
CUS04412,2024-12-12,Los Angeles,CA,56+,Male,Regular,Web
CUS04413,2026-01-07,Phoenix,AZ,18-25,Male,Premium,Mobile App
CUS04414,2025-03-12,Boston,MA,26-35,Female,Regular,Web
CUS04415,2025-10-01,Seattle,WA,36-45,Male,Regular,Mobile App
CUS04416,2024-08-26,Seattle,WA,26-35,Male,New,Mobile App
CUS04417,2025-04-10,Philadelphia,PA,18-25,Female,Regular,Web
CUS04418,2025-03-15,Austin,TX,36-45,Male,Regular,Mobile App
CUS04419,2025-05-03,Houston,TX,26-35,Male,New,Mobile App
CUS04420,2024-01-13,Seattle,WA,36-45,Male,New,Mobile App
CUS04421,2024-11-16,Houston,TX,18-25,Male,Regular,Web
CUS04422,2026-02-14,Austin,TX,26-35,Female,Premium,Mobile App
CUS04423,2025-02-07,New York,NY,36-45,Male,Regular,Mobile App
CUS04424,2024-11-22,Phoenix,AZ,56+,Male,Regular,Mobile App
CUS04425,2025-04-19,Los Angeles,CA,18-25,Male,Regular,Mobile App
CUS04426,2024-10-31,Los Angeles,CA,36-45,Female,New,Mobile App
CUS04427,2024-03-09,Austin,TX,46-55,Female,Premium,Mobile App
CUS04428,2024-09-08,New York,NY,26-35,Male,New,Mobile App
CUS04429,2024-12-05,Austin,TX,56+,Female,Regular,Mobile App
CUS04430,2025-03-25,Boston,MA,46-55,Male,Regular,Mobile App
CUS04431,2025-05-29,New York,NY,46-55,Female,Regular,Mobile App
CUS04432,2024-08-06,Philadelphia,PA,36-45,Female,Premium,Mobile App
CUS04433,2025-05-10,Phoenix,AZ,26-35,Male,Regular,Mobile App
CUS04434,2024-10-21,Philadelphia,PA,56+,Male,Premium,Mobile App
CUS04435,2024-07-23,Seattle,WA,56+,Female,Premium,Mobile App
CUS04436,2024-05-28,Dallas,TX,36-45,Male,Regular,Mobile App
CUS04437,2025-02-19,Boston,MA,36-45,Female,Regular,Mobile App
CUS04438,2024-12-08,Dallas,TX,18-25,Female,New,Mobile App
CUS04439,2025-07-11,Phoenix,AZ,26-35,Female,New,Mobile App
CUS04440,2024-11-15,Houston,TX,46-55,Male,Regular,Mobile App
CUS04441,2024-01-01,Los Angeles,CA,26-35,Male,Regular,Mobile App
CUS04442,2025-10-12,New York,NY,46-55,Male,Regular,Mobile App
CUS04443,2024-06-02,San Diego,CA,56+,Female,New,Web
CUS04444,2025-11-23,Houston,TX,46-55,Female,Regular,Mobile App
CUS04445,2024-01-13,San Jose,CA,26-35,Female,Regular,Mobile App
CUS04446,2024-08-01,Phoenix,AZ,18-25,Male,New,Mobile App
CUS04447,2025-10-03,Phoenix,AZ,26-35,Other,New,Web
CUS04448,2026-02-11,Boston,MA,26-35,Male,Regular,Web
CUS04449,2025-10-21,Houston,TX,36-45,Male,Regular,Mobile App
CUS04450,2026-02-04,Phoenix,AZ,18-25,Female,Premium,Mobile App
CUS04451,2024-11-10,San Diego,CA,56+,Female,Regular,Mobile App
CUS04452,2025-06-19,Boston,MA,26-35,Female,Regular,Web
CUS04453,2024-11-04,Austin,TX,26-35,Female,Regular,Web
CUS04454,2025-04-18,Philadelphia,PA,56+,Male,New,Mobile App
CUS04455,2026-03-26,Houston,TX,46-55,Female,New,Mobile App
CUS04456,2024-12-07,New York,NY,46-55,Male,Premium,Mobile App
CUS04457,2024-10-01,New York,NY,36-45,Female,Regular,Web
CUS04458,2024-01-08,Boston,MA,26-35,Female,New,Web
CUS04459,2025-03-23,Philadelphia,PA,46-55,Other,Regular,Mobile App
CUS04460,2025-08-06,Los Angeles,CA,26-35,Female,Regular,Mobile App
CUS04461,2026-02-05,New York,NY,36-45,Male,New,Mobile App
CUS04462,2024-11-21,Austin,TX,26-35,Male,Regular,Mobile App
CUS04463,2024-12-26,Seattle,WA,36-45,Male,New,Mobile App
CUS04464,2025-06-16,Seattle,WA,18-25,Female,Regular,Mobile App
CUS04465,2025-08-27,Phoenix,AZ,56+,Female,Premium,Mobile App
CUS04466,2024-01-18,Los Angeles,CA,56+,Female,Regular,Mobile App
CUS04467,2024-03-09,Los Angeles,CA,18-25,Male,Regular,Mobile App
CUS04468,2024-07-11,Phoenix,AZ,56+,Female,New,Mobile App
CUS04469,2024-08-01,San Diego,CA,36-45,Female,Regular,Web
CUS04470,2025-11-12,Phoenix,AZ,18-25,Male,New,Mobile App
CUS04471,2024-10-31,Houston,TX,26-35,Female,New,Mobile App
CUS04472,2024-12-29,Phoenix,AZ,56+,Female,Regular,Mobile App
CUS04473,2024-04-08,New York,NY,18-25,Female,Regular,Mobile App
CUS04474,2024-09-07,Phoenix,AZ,18-25,Female,Premium,Mobile App
CUS04475,2025-02-15,Phoenix,AZ,26-35,Male,Regular,Mobile App
CUS04476,2025-08-30,Austin,TX,36-45,Male,Premium,Mobile App
CUS04477,2025-02-11,Philadelphia,PA,26-35,Female,Regular,Mobile App
CUS04478,2025-05-19,San Diego,CA,56+,Female,Regular,Mobile App
CUS04479,2024-05-10,Los Angeles,CA,36-45,Female,Regular,Web
CUS04480,2025-10-10,New York,NY,36-45,Female,Regular,Web
CUS04481,2025-07-10,San Diego,CA,46-55,Male,New,Mobile App
CUS04482,2025-09-10,San Diego,CA,36-45,Female,Premium,Mobile App
CUS04483,2025-04-14,Phoenix,AZ,36-45,Male,Regular,Mobile App
CUS04484,2024-06-02,Austin,TX,26-35,Male,Regular,Mobile App
CUS04485,2024-02-06,New York,NY,46-55,Female,Regular,Mobile App
CUS04486,2024-07-19,Los Angeles,CA,18-25,Female,New,Mobile App
CUS04487,2025-11-29,San Jose,CA,18-25,Female,New,Mobile App
CUS04488,2025-11-14,Austin,TX,18-25,Female,Premium,Mobile App
CUS04489,2025-04-15,Houston,TX,18-25,Female,Premium,Web
CUS04490,2026-02-20,Dallas,TX,18-25,Female,Premium,Web
CUS04491,2024-05-01,Houston,TX,26-35,Female,Regular,Mobile App
CUS04492,2025-07-17,Phoenix,AZ,18-25,Male,New,Mobile App
CUS04493,2024-01-23,New York,NY,26-35,Male,Regular,Mobile App
CUS04494,2025-11-20,Los Angeles,CA,56+,Male,Regular,Mobile App
CUS04495,2025-04-08,Austin,TX,56+,Male,Regular,Web
CUS04496,2025-05-17,Chicago,IL,36-45,Male,Regular,Mobile App
CUS04497,2025-09-24,Dallas,TX,56+,Male,Regular,Mobile App
CUS04498,2025-05-14,Los Angeles,CA,26-35,Female,Regular,Mobile App
CUS04499,2025-03-29,Boston,MA,56+,Female,New,Mobile App
CUS04500,2025-04-19,Dallas,TX,36-45,Male,Regular,Mobile App
CUS04501,2025-08-20,Phoenix,AZ,26-35,Female,Premium,Web
CUS04502,2024-06-19,Austin,TX,18-25,Male,Regular,Mobile App
CUS04503,2024-09-09,Los Angeles,CA,26-35,Male,Premium,Mobile App
CUS04504,2024-06-15,San Jose,CA,36-45,Female,New,Web
CUS04505,2024-05-26,Phoenix,AZ,36-45,Female,Regular,Web
CUS04506,2025-05-17,Philadelphia,PA,36-45,Male,Regular,Mobile App
CUS04507,2025-10-24,Boston,MA,56+,Female,Regular,Mobile App
CUS04508,2025-05-20,San Diego,CA,26-35,Female,Regular,Mobile App
CUS04509,2024-04-12,Seattle,WA,36-45,Male,Premium,Mobile App
CUS04510,2025-02-12,Los Angeles,CA,36-45,Female,Regular,Mobile App
CUS04511,2026-01-24,New York,NY,26-35,Male,New,Mobile App
CUS04512,2025-06-05,San Diego,CA,46-55,Female,Regular,Web
CUS04513,2024-04-16,Boston,MA,26-35,Female,Regular,Mobile App
CUS04514,2025-04-12,Austin,TX,36-45,Male,New,Mobile App
CUS04515,2025-03-18,Dallas,TX,36-45,Female,Regular,Mobile App
CUS04516,2024-01-07,Los Angeles,CA,46-55,Male,Regular,Mobile App
CUS04517,2025-09-01,Austin,TX,18-25,Male,Regular,Web
CUS04518,2025-12-14,Chicago,IL,26-35,Female,New,Mobile App
CUS04519,2025-06-01,San Jose,CA,18-25,Female,Premium,Mobile App
CUS04520,2025-08-22,Boston,MA,46-55,Male,Regular,Mobile App
CUS04521,2026-01-09,Houston,TX,56+,Female,Premium,Web
CUS04522,2024-10-14,Seattle,WA,26-35,Male,Regular,Mobile App
CUS04523,2025-02-13,Dallas,TX,26-35,Female,Regular,Mobile App
CUS04524,2024-03-25,Boston,MA,36-45,Male,Premium,Web
CUS04525,2025-03-21,Los Angeles,CA,18-25,Male,Premium,Web
CUS04526,2026-02-08,New York,NY,26-35,Male,Regular,Mobile App
CUS04527,2024-10-21,Philadelphia,PA,26-35,Male,Regular,Mobile App
CUS04528,2026-02-19,Los Angeles,CA,36-45,Female,New,Mobile App
CUS04529,2025-07-17,Phoenix,AZ,46-55,Male,Regular,Mobile App
CUS04530,2026-02-08,Boston,MA,56+,Female,Regular,Mobile App
CUS04531,2024-12-22,Houston,TX,46-55,Male,Regular,Mobile App
CUS04532,2025-07-01,Houston,TX,26-35,Female,Regular,Mobile App
CUS04533,2024-10-02,San Jose,CA,46-55,Female,Regular,Web
CUS04534,2026-02-14,Boston,MA,18-25,Female,Regular,Web
CUS04535,2024-09-29,Houston,TX,18-25,Female,Regular,Mobile App
CUS04536,2025-11-25,Houston,TX,18-25,Female,Regular,Mobile App
CUS04537,2024-04-18,San Jose,CA,36-45,Male,Regular,Mobile App
CUS04538,2024-03-24,Dallas,TX,56+,Female,Premium,Mobile App
CUS04539,2024-07-15,Philadelphia,PA,36-45,Female,New,Mobile App
CUS04540,2025-10-12,New York,NY,46-55,Female,Premium,Mobile App
CUS04541,2025-10-25,San Diego,CA,26-35,Male,New,Mobile App
CUS04542,2024-01-11,San Jose,CA,46-55,Female,Regular,Mobile App
CUS04543,2025-01-10,Dallas,TX,36-45,Male,Regular,Mobile App
CUS04544,2025-08-24,San Jose,CA,36-45,Female,Regular,Mobile App
CUS04545,2025-03-09,Seattle,WA,56+,Male,Regular,Mobile App
CUS04546,2025-08-06,Phoenix,AZ,26-35,Female,Regular,Mobile App
CUS04547,2025-02-24,Dallas,TX,36-45,Female,Premium,Mobile App
CUS04548,2024-06-29,New York,NY,56+,Female,Premium,Mobile App
CUS04549,2025-04-29,Dallas,TX,26-35,Female,Regular,Mobile App
CUS04550,2024-10-02,Dallas,TX,18-25,Female,Premium,Mobile App
CUS04551,2025-10-22,San Diego,CA,26-35,Female,Premium,Mobile App
CUS04552,2024-07-15,New York,NY,26-35,Male,Regular,Mobile App
CUS04553,2024-12-17,Boston,MA,18-25,Female,Regular,Mobile App
CUS04554,2025-04-05,Seattle,WA,36-45,Male,New,Mobile App
CUS04555,2025-11-29,Dallas,TX,18-25,Male,Regular,Mobile App
CUS04556,2025-12-05,Seattle,WA,18-25,Female,Regular,Mobile App
CUS04557,2025-08-19,Houston,TX,26-35,Male,Regular,Mobile App
CUS04558,2024-02-05,Seattle,WA,26-35,Female,Premium,Mobile App
CUS04559,2025-03-07,Boston,MA,26-35,Female,Regular,Mobile App
CUS04560,2025-09-18,Phoenix,AZ,26-35,Male,Regular,Mobile App
CUS04561,2024-11-27,Dallas,TX,26-35,Female,Regular,Mobile App
CUS04562,2025-10-13,San Jose,CA,26-35,Female,Regular,Mobile App
CUS04563,2025-10-22,Dallas,TX,18-25,Male,Premium,Mobile App
CUS04564,2025-04-10,Phoenix,AZ,36-45,Female,New,Mobile App
CUS04565,2024-10-11,Los Angeles,CA,26-35,Female,Regular,Mobile App
CUS04566,2024-08-20,San Diego,CA,26-35,Male,Regular,Mobile App
CUS04567,2024-01-14,Austin,TX,36-45,Female,New,Mobile App
CUS04568,2025-10-31,Phoenix,AZ,26-35,Female,Regular,Mobile App
CUS04569,2025-12-29,San Diego,CA,56+,Male,Regular,Web
CUS04570,2025-04-05,Los Angeles,CA,26-35,Male,Regular,Mobile App
CUS04571,2024-02-18,San Diego,CA,46-55,Female,New,Web
CUS04572,2024-03-17,Phoenix,AZ,26-35,Female,New,Mobile App
CUS04573,2026-03-19,Dallas,TX,26-35,Male,Regular,Mobile App
CUS04574,2025-11-28,Phoenix,AZ,18-25,Male,Premium,Mobile App
CUS04575,2025-07-12,Chicago,IL,46-55,Female,Premium,Web
CUS04576,2026-03-22,San Jose,CA,36-45,Male,New,Web
CUS04577,2024-03-17,Philadelphia,PA,18-25,Male,Regular,Mobile App
CUS04578,2025-07-27,Austin,TX,36-45,Female,Regular,Mobile App
CUS04579,2025-12-13,Los Angeles,CA,26-35,Female,New,Mobile App
CUS04580,2025-12-26,Houston,TX,36-45,Male,Regular,Web
CUS04581,2024-09-24,San Diego,CA,36-45,Male,New,Mobile App
CUS04582,2025-06-28,Phoenix,AZ,26-35,Male,Regular,Mobile App
CUS04583,2024-08-21,Philadelphia,PA,36-45,Female,Regular,Mobile App
CUS04584,2025-01-14,San Jose,CA,26-35,Female,New,Mobile App
CUS04585,2024-03-23,Chicago,IL,26-35,Female,Premium,Mobile App
CUS04586,2024-01-08,Houston,TX,18-25,Female,Premium,Mobile App
CUS04587,2024-02-28,New York,NY,26-35,Female,Regular,Web
CUS04588,2026-01-25,San Diego,CA,36-45,Female,New,Mobile App
CUS04589,2024-02-24,Houston,TX,46-55,Female,New,Mobile App
CUS04590,2025-11-15,Houston,TX,26-35,Male,New,Mobile App
CUS04591,2025-09-29,Austin,TX,36-45,Female,Regular,Mobile App
CUS04592,2025-10-09,Philadelphia,PA,26-35,Male,Regular,Mobile App
CUS04593,2024-07-18,Seattle,WA,18-25,Female,New,Mobile App
CUS04594,2026-02-25,Chicago,IL,36-45,Male,Regular,Web
CUS04595,2025-10-19,Boston,MA,26-35,Female,Premium,Web
CUS04596,2025-12-14,Los Angeles,CA,56+,Female,Premium,Mobile App
CUS04597,2025-03-06,Los Angeles,CA,36-45,Male,Regular,Mobile App
CUS04598,2024-04-08,New York,NY,36-45,Male,Premium,Mobile App
CUS04599,2024-07-18,San Diego,CA,36-45,Male,Regular,Mobile App
CUS04600,2024-04-02,Dallas,TX,26-35,Male,Premium,Mobile App
CUS04601,2024-06-08,San Diego,CA,36-45,Male,Regular,Mobile App
CUS04602,2024-05-03,New York,NY,56+,Male,Regular,Web
CUS04603,2024-07-12,San Jose,CA,46-55,Male,Regular,Web
CUS04604,2025-04-18,San Jose,CA,46-55,Male,Regular,Mobile App
CUS04605,2025-11-03,Phoenix,AZ,26-35,Female,Regular,Mobile App
CUS04606,2026-02-21,Boston,MA,18-25,Male,Regular,Mobile App
CUS04607,2024-11-14,San Jose,CA,26-35,Male,Premium,Mobile App
CUS04608,2025-10-10,Austin,TX,26-35,Male,Premium,Mobile App
CUS04609,2025-06-26,Dallas,TX,26-35,Female,Regular,Mobile App
CUS04610,2026-03-13,Austin,TX,46-55,Male,Regular,Web
CUS04611,2024-06-10,Philadelphia,PA,46-55,Other,New,Mobile App
CUS04612,2025-12-04,San Jose,CA,26-35,Female,Premium,Mobile App
CUS04613,2026-02-14,Austin,TX,46-55,Male,Premium,Mobile App
CUS04614,2026-02-21,San Diego,CA,56+,Male,New,Mobile App
CUS04615,2024-07-12,Dallas,TX,36-45,Female,Regular,Mobile App
CUS04616,2024-07-10,Seattle,WA,56+,Female,Regular,Mobile App
CUS04617,2025-06-16,Chicago,IL,46-55,Male,Regular,Mobile App
CUS04618,2025-07-08,Seattle,WA,26-35,Male,New,Mobile App
CUS04619,2025-08-21,San Jose,CA,26-35,Female,New,Mobile App
CUS04620,2025-06-24,San Jose,CA,36-45,Male,Premium,Mobile App
CUS04621,2025-10-30,Los Angeles,CA,26-35,Male,Regular,Mobile App
CUS04622,2025-01-30,New York,NY,26-35,Male,New,Web
CUS04623,2025-03-18,Austin,TX,26-35,Female,Premium,Mobile App
CUS04624,2025-01-02,Houston,TX,26-35,Female,Regular,Web
CUS04625,2025-10-08,San Jose,CA,26-35,Male,New,Mobile App
CUS04626,2025-01-04,Chicago,IL,56+,Female,Premium,Web
CUS04627,2024-06-05,Boston,MA,36-45,Male,Regular,Mobile App
CUS04628,2024-09-10,San Jose,CA,26-35,Male,New,Mobile App
CUS04629,2025-02-04,Boston,MA,56+,Female,Regular,Web
CUS04630,2025-09-04,Los Angeles,CA,36-45,Male,Premium,Mobile App
CUS04631,2025-12-18,San Jose,CA,26-35,Female,Regular,Mobile App
CUS04632,2024-07-19,Phoenix,AZ,56+,Male,Regular,Mobile App
CUS04633,2025-03-03,Chicago,IL,26-35,Female,Regular,Mobile App
CUS04634,2025-12-03,San Jose,CA,26-35,Female,New,Mobile App
CUS04635,2025-01-30,Dallas,TX,36-45,Male,Regular,Mobile App
CUS04636,2024-06-24,Los Angeles,CA,26-35,Female,Regular,Mobile App
CUS04637,2026-01-21,Philadelphia,PA,56+,Male,Premium,Mobile App
CUS04638,2024-10-06,Phoenix,AZ,46-55,Female,New,Mobile App
CUS04639,2025-10-12,Dallas,TX,56+,Male,New,Mobile App
CUS04640,2024-04-04,Boston,MA,36-45,Male,Regular,Mobile App
CUS04641,2025-10-07,Boston,MA,56+,Male,Regular,Mobile App
CUS04642,2025-03-30,Philadelphia,PA,46-55,Male,Premium,Mobile App
CUS04643,2025-08-26,New York,NY,26-35,Other,Regular,Web
CUS04644,2024-08-25,San Diego,CA,26-35,Male,Premium,Mobile App
CUS04645,2025-03-22,Phoenix,AZ,46-55,Male,New,Mobile App
CUS04646,2025-07-26,Seattle,WA,26-35,Male,Regular,Web
CUS04647,2024-10-14,Chicago,IL,56+,Female,New,Mobile App
CUS04648,2024-06-06,Houston,TX,26-35,Female,New,Mobile App
CUS04649,2025-06-04,San Diego,CA,26-35,Female,Regular,Mobile App
CUS04650,2024-02-03,Boston,MA,26-35,Female,New,Mobile App
CUS04651,2025-02-02,Seattle,WA,26-35,Male,Regular,Mobile App
CUS04652,2026-02-19,Austin,TX,36-45,Female,Regular,Mobile App
CUS04653,2024-11-19,Los Angeles,CA,36-45,Male,New,Mobile App
CUS04654,2025-10-14,Philadelphia,PA,26-35,Female,Premium,Mobile App
CUS04655,2026-03-04,Dallas,TX,46-55,Male,Regular,Mobile App
CUS04656,2025-09-19,Chicago,IL,36-45,Male,New,Mobile App
CUS04657,2024-11-01,Seattle,WA,36-45,Female,Regular,Mobile App
CUS04658,2024-08-05,Austin,TX,26-35,Male,Premium,Mobile App
CUS04659,2025-05-31,Phoenix,AZ,18-25,Male,Regular,Mobile App
CUS04660,2026-01-12,Boston,MA,18-25,Male,Premium,Mobile App
CUS04661,2025-09-20,San Jose,CA,26-35,Male,Premium,Mobile App
CUS04662,2024-09-26,Boston,MA,26-35,Female,Premium,Mobile App
CUS04663,2024-06-11,Austin,TX,46-55,Female,Premium,Web
CUS04664,2025-11-12,New York,NY,26-35,Female,New,Mobile App
CUS04665,2024-08-17,San Jose,CA,18-25,Male,Regular,Mobile App
CUS04666,2024-04-10,Seattle,WA,26-35,Male,New,Mobile App
CUS04667,2025-04-27,San Diego,CA,36-45,Female,Regular,Mobile App
CUS04668,2025-10-24,Austin,TX,36-45,Male,Regular,Mobile App
CUS04669,2025-02-21,New York,NY,36-45,Male,New,Mobile App
CUS04670,2025-09-08,New York,NY,26-35,Male,New,Mobile App
CUS04671,2024-10-30,Seattle,WA,56+,Female,Regular,Mobile App
CUS04672,2026-03-30,Austin,TX,18-25,Male,Premium,Mobile App
CUS04673,2024-03-03,Los Angeles,CA,56+,Female,Regular,Web
CUS04674,2024-06-11,New York,NY,26-35,Female,Regular,Mobile App
CUS04675,2026-03-02,Chicago,IL,26-35,Female,Regular,Mobile App
CUS04676,2025-02-07,Los Angeles,CA,26-35,Male,Regular,Mobile App
CUS04677,2024-03-30,Dallas,TX,26-35,Female,Regular,Mobile App
CUS04678,2024-11-03,Boston,MA,26-35,Female,Regular,Mobile App
CUS04679,2025-05-23,San Jose,CA,36-45,Male,Premium,Mobile App
CUS04680,2024-07-17,Los Angeles,CA,18-25,Female,Regular,Web
CUS04681,2026-03-21,Houston,TX,18-25,Female,Regular,Web
CUS04682,2024-02-08,Phoenix,AZ,26-35,Male,Regular,Mobile App
CUS04683,2026-03-17,Austin,TX,26-35,Female,Regular,Mobile App
CUS04684,2026-03-16,Houston,TX,36-45,Female,New,Web
CUS04685,2025-04-20,Los Angeles,CA,46-55,Female,Premium,Mobile App
CUS04686,2024-05-02,Austin,TX,56+,Female,New,Mobile App
CUS04687,2024-10-20,San Diego,CA,56+,Female,Regular,Mobile App
CUS04688,2025-11-11,San Diego,CA,26-35,Male,Regular,Web
CUS04689,2024-04-23,Los Angeles,CA,26-35,Other,Regular,Mobile App
CUS04690,2024-08-04,Chicago,IL,46-55,Female,New,Mobile App
CUS04691,2025-09-17,New York,NY,56+,Female,Regular,Web
CUS04692,2024-01-20,San Jose,CA,46-55,Female,Regular,Web
CUS04693,2024-12-18,San Jose,CA,26-35,Female,Regular,Mobile App
CUS04694,2024-06-12,New York,NY,36-45,Female,New,Web
CUS04695,2024-11-26,Philadelphia,PA,26-35,Female,Regular,Mobile App
CUS04696,2024-05-05,Philadelphia,PA,36-45,Other,Regular,Mobile App
CUS04697,2024-04-10,Austin,TX,46-55,Male,Regular,Mobile App
CUS04698,2024-03-19,New York,NY,36-45,Male,Regular,Mobile App
CUS04699,2025-11-10,San Diego,CA,26-35,Female,Regular,Mobile App
CUS04700,2025-12-31,Chicago,IL,26-35,Male,Regular,Mobile App
CUS04701,2024-09-24,San Jose,CA,18-25,Male,Regular,Mobile App
CUS04702,2025-07-09,San Diego,CA,26-35,Female,New,Mobile App
CUS04703,2024-06-09,Los Angeles,CA,36-45,Female,Premium,Mobile App
CUS04704,2024-07-28,San Diego,CA,18-25,Female,Regular,Mobile App
CUS04705,2026-03-08,Dallas,TX,18-25,Male,Regular,Mobile App
CUS04706,2026-03-18,San Diego,CA,26-35,Female,Regular,Mobile App
CUS04707,2024-09-17,Austin,TX,36-45,Male,Regular,Mobile App
CUS04708,2024-09-24,Seattle,WA,56+,Female,Regular,Mobile App
CUS04709,2024-04-23,Austin,TX,56+,Female,Regular,Mobile App
CUS04710,2025-08-23,Seattle,WA,56+,Male,Regular,Mobile App
CUS04711,2025-04-27,New York,NY,26-35,Male,Regular,Mobile App
CUS04712,2025-12-29,San Diego,CA,46-55,Female,Regular,Mobile App
CUS04713,2025-05-08,New York,NY,26-35,Female,Regular,Mobile App
CUS04714,2025-08-20,Chicago,IL,26-35,Male,Regular,Mobile App
CUS04715,2024-01-16,Philadelphia,PA,18-25,Female,New,Web
CUS04716,2024-10-29,Boston,MA,36-45,Male,New,Web
CUS04717,2025-12-09,San Jose,CA,26-35,Female,New,Mobile App
CUS04718,2025-07-05,San Jose,CA,26-35,Male,New,Mobile App
CUS04719,2025-05-09,Chicago,IL,26-35,Male,Regular,Web
CUS04720,2024-02-12,New York,NY,18-25,Female,Regular,Mobile App
CUS04721,2024-04-18,Austin,TX,18-25,Female,Premium,Mobile App
CUS04722,2024-07-13,Philadelphia,PA,26-35,Male,Regular,Mobile App
CUS04723,2024-02-17,Dallas,TX,26-35,Male,Regular,Web
CUS04724,2025-05-13,New York,NY,18-25,Male,Premium,Mobile App
CUS04725,2025-12-01,Chicago,IL,26-35,Female,New,Mobile App
CUS04726,2025-11-20,San Diego,CA,36-45,Female,Regular,Mobile App
CUS04727,2026-01-12,New York,NY,36-45,Male,New,Mobile App
CUS04728,2025-12-25,Philadelphia,PA,36-45,Female,Regular,Web
CUS04729,2024-07-12,New York,NY,46-55,Male,Regular,Mobile App
CUS04730,2025-01-07,Austin,TX,56+,Female,Regular,Web
CUS04731,2024-08-04,New York,NY,56+,Male,Regular,Mobile App
CUS04732,2024-04-26,Los Angeles,CA,56+,Male,Regular,Web
CUS04733,2024-12-01,Boston,MA,26-35,Male,Regular,Mobile App
CUS04734,2026-03-10,Dallas,TX,26-35,Female,Premium,Mobile App
CUS04735,2024-03-21,Austin,TX,26-35,Male,Premium,Mobile App
CUS04736,2024-11-16,San Jose,CA,36-45,Female,Regular,Mobile App
CUS04737,2025-05-17,Austin,TX,18-25,Female,Regular,Web
CUS04738,2024-12-05,New York,NY,46-55,Female,Regular,Web
CUS04739,2026-01-16,Chicago,IL,36-45,Female,Regular,Mobile App
CUS04740,2025-02-20,Dallas,TX,56+,Female,Regular,Mobile App
CUS04741,2024-06-22,Seattle,WA,26-35,Female,New,Mobile App
CUS04742,2025-04-29,Austin,TX,36-45,Male,Regular,Mobile App
CUS04743,2024-02-09,Dallas,TX,18-25,Male,Premium,Mobile App
CUS04744,2025-08-26,New York,NY,26-35,Male,Regular,Mobile App
CUS04745,2025-04-12,Phoenix,AZ,18-25,Female,Regular,Mobile App
CUS04746,2024-06-15,San Jose,CA,26-35,Female,Regular,Mobile App
CUS04747,2025-01-06,Los Angeles,CA,18-25,Female,Regular,Web
CUS04748,2025-05-20,San Diego,CA,36-45,Male,New,Mobile App
CUS04749,2024-04-07,New York,NY,56+,Male,Regular,Mobile App
CUS04750,2025-08-29,Dallas,TX,36-45,Female,Regular,Mobile App
CUS04751,2024-10-05,Boston,MA,26-35,Male,New,Mobile App
CUS04752,2025-09-18,Dallas,TX,18-25,Male,Premium,Mobile App
CUS04753,2025-05-26,Phoenix,AZ,26-35,Male,Premium,Mobile App
CUS04754,2026-02-28,Seattle,WA,46-55,Female,Premium,Mobile App
CUS04755,2025-12-01,San Jose,CA,18-25,Male,New,Web
CUS04756,2025-11-30,Phoenix,AZ,36-45,Female,Regular,Mobile App
CUS04757,2024-11-11,Boston,MA,36-45,Male,Regular,Mobile App
CUS04758,2024-12-26,Los Angeles,CA,26-35,Female,New,Mobile App
CUS04759,2025-06-05,San Diego,CA,18-25,Female,Premium,Mobile App
CUS04760,2026-01-20,Los Angeles,CA,26-35,Female,Premium,Mobile App
CUS04761,2025-01-01,New York,NY,26-35,Male,Premium,Web
CUS04762,2024-04-09,Philadelphia,PA,26-35,Female,New,Web
CUS04763,2024-03-01,Seattle,WA,18-25,Male,Regular,Mobile App
CUS04764,2025-01-19,Dallas,TX,26-35,Female,Regular,Web
CUS04765,2025-12-02,Houston,TX,36-45,Male,New,Mobile App
CUS04766,2025-04-03,Seattle,WA,46-55,Female,Regular,Mobile App
CUS04767,2026-03-12,San Diego,CA,46-55,Female,Regular,Web
CUS04768,2024-08-31,Seattle,WA,26-35,Male,Premium,Web
CUS04769,2026-02-15,Dallas,TX,56+,Female,Regular,Mobile App
CUS04770,2025-10-25,San Diego,CA,18-25,Female,Regular,Mobile App
CUS04771,2025-01-03,San Jose,CA,36-45,Female,Premium,Mobile App
CUS04772,2026-03-01,New York,NY,26-35,Female,Premium,Mobile App
CUS04773,2025-06-05,San Jose,CA,46-55,Female,Regular,Web
CUS04774,2024-05-19,Seattle,WA,46-55,Male,Regular,Mobile App
CUS04775,2025-06-06,Philadelphia,PA,26-35,Male,Regular,Mobile App
CUS04776,2024-09-24,Chicago,IL,46-55,Female,New,Mobile App
CUS04777,2026-03-31,Philadelphia,PA,56+,Female,Regular,Mobile App
CUS04778,2025-07-14,Los Angeles,CA,36-45,Male,Regular,Mobile App
CUS04779,2025-09-21,Phoenix,AZ,26-35,Male,Regular,Web
CUS04780,2026-01-21,San Diego,CA,18-25,Male,New,Mobile App
CUS04781,2024-04-05,Dallas,TX,26-35,Female,Regular,Mobile App
CUS04782,2024-07-14,New York,NY,36-45,Female,Regular,Web
CUS04783,2024-01-31,Phoenix,AZ,18-25,Male,Regular,Mobile App
CUS04784,2025-09-17,New York,NY,26-35,Male,Premium,Web
CUS04785,2025-07-18,Chicago,IL,56+,Female,New,Mobile App
CUS04786,2026-01-26,San Jose,CA,26-35,Female,Regular,Mobile App
CUS04787,2026-03-25,Seattle,WA,26-35,Female,Regular,Mobile App
CUS04788,2026-01-27,Phoenix,AZ,26-35,Female,Regular,Mobile App
CUS04789,2026-03-04,Los Angeles,CA,26-35,Female,Regular,Mobile App
CUS04790,2024-01-02,New York,NY,18-25,Male,Regular,Mobile App
CUS04791,2025-08-28,Phoenix,AZ,26-35,Male,Regular,Mobile App
CUS04792,2024-07-16,Phoenix,AZ,26-35,Male,New,Web
CUS04793,2024-04-21,Chicago,IL,26-35,Female,Regular,Mobile App
CUS04794,2025-12-26,Houston,TX,26-35,Male,Regular,Mobile App
CUS04795,2024-08-12,New York,NY,56+,Male,New,Web
CUS04796,2025-12-10,Los Angeles,CA,26-35,Male,New,Mobile App
CUS04797,2025-03-22,San Jose,CA,26-35,Male,Regular,Mobile App
CUS04798,2025-10-02,Chicago,IL,36-45,Female,New,Web
CUS04799,2025-06-22,Austin,TX,26-35,Male,New,Mobile App
CUS04800,2025-01-30,Austin,TX,18-25,Male,Regular,Mobile App
CUS04801,2025-07-07,Phoenix,AZ,26-35,Female,Regular,Web
CUS04802,2024-10-20,San Jose,CA,26-35,Female,Regular,Mobile App
CUS04803,2025-05-14,Austin,TX,36-45,Male,Premium,Mobile App
CUS04804,2024-11-20,Houston,TX,36-45,Male,New,Web
CUS04805,2025-12-07,San Diego,CA,26-35,Female,Regular,Web
CUS04806,2025-03-29,Houston,TX,56+,Female,Regular,Web
CUS04807,2025-01-03,Dallas,TX,36-45,Female,New,Web
CUS04808,2024-10-15,Houston,TX,18-25,Male,Regular,Mobile App
CUS04809,2024-03-24,Philadelphia,PA,36-45,Male,Regular,Mobile App
CUS04810,2024-06-14,Seattle,WA,26-35,Female,Regular,Web
CUS04811,2025-09-09,Boston,MA,36-45,Male,Premium,Mobile App
CUS04812,2025-11-30,San Diego,CA,26-35,Other,Regular,Web
CUS04813,2025-01-10,New York,NY,18-25,Male,Regular,Web
CUS04814,2024-10-21,Boston,MA,18-25,Female,Premium,Mobile App
CUS04815,2024-12-17,Boston,MA,36-45,Male,Premium,Mobile App
CUS04816,2024-08-26,San Jose,CA,26-35,Male,New,Mobile App
CUS04817,2024-07-11,Austin,TX,36-45,Female,New,Mobile App
CUS04818,2025-07-20,Austin,TX,56+,Female,Premium,Mobile App
CUS04819,2024-12-07,Phoenix,AZ,18-25,Male,Regular,Mobile App
CUS04820,2026-03-22,Houston,TX,26-35,Female,New,Mobile App
CUS04821,2026-03-20,Phoenix,AZ,56+,Female,Premium,Mobile App
CUS04822,2025-10-08,San Jose,CA,46-55,Female,New,Mobile App
CUS04823,2025-05-30,Seattle,WA,26-35,Female,New,Mobile App
CUS04824,2024-05-13,Dallas,TX,26-35,Female,New,Mobile App
CUS04825,2024-02-21,Houston,TX,26-35,Male,Regular,Mobile App
CUS04826,2025-09-02,Los Angeles,CA,46-55,Female,Regular,Mobile App
CUS04827,2024-06-27,Austin,TX,36-45,Male,Regular,Web
CUS04828,2024-11-19,Houston,TX,36-45,Male,Regular,Mobile App
CUS04829,2024-03-28,San Jose,CA,36-45,Female,New,Web
CUS04830,2025-08-28,San Jose,CA,26-35,Female,Premium,Mobile App
CUS04831,2025-03-12,Seattle,WA,18-25,Female,Regular,Mobile App
CUS04832,2025-06-24,Austin,TX,18-25,Male,Premium,Mobile App
CUS04833,2024-03-06,Houston,TX,56+,Male,New,Mobile App
CUS04834,2026-02-01,San Jose,CA,26-35,Male,Regular,Mobile App
CUS04835,2025-11-03,Seattle,WA,36-45,Male,Regular,Web
CUS04836,2024-12-23,Philadelphia,PA,36-45,Female,Premium,Mobile App
CUS04837,2024-10-12,Chicago,IL,18-25,Female,Regular,Mobile App
CUS04838,2024-09-26,San Diego,CA,26-35,Male,New,Mobile App
CUS04839,2026-01-12,Chicago,IL,46-55,Female,Premium,Mobile App
CUS04840,2024-11-23,New York,NY,36-45,Female,Regular,Mobile App
CUS04841,2025-10-08,Phoenix,AZ,36-45,Male,Premium,Mobile App
CUS04842,2025-06-07,Houston,TX,36-45,Male,Premium,Web
CUS04843,2024-04-10,New York,NY,46-55,Female,Regular,Mobile App
CUS04844,2024-08-20,Chicago,IL,46-55,Female,Regular,Web
CUS04845,2025-08-13,Philadelphia,PA,26-35,Female,Premium,Mobile App
CUS04846,2026-03-10,Houston,TX,36-45,Male,New,Mobile App
CUS04847,2025-12-06,San Diego,CA,36-45,Male,New,Web
CUS04848,2024-12-09,San Diego,CA,56+,Female,Regular,Web
CUS04849,2024-04-13,Philadelphia,PA,26-35,Female,Premium,Mobile App
CUS04850,2025-10-21,Los Angeles,CA,26-35,Female,New,Web
CUS04851,2024-09-06,Dallas,TX,36-45,Male,New,Web
CUS04852,2024-03-19,Boston,MA,26-35,Female,Premium,Mobile App
CUS04853,2024-08-25,Seattle,WA,36-45,Female,Premium,Web
CUS04854,2024-07-25,Phoenix,AZ,26-35,Male,New,Web
CUS04855,2024-03-21,Dallas,TX,36-45,Male,New,Mobile App
CUS04856,2025-09-07,San Diego,CA,26-35,Male,New,Web
CUS04857,2024-10-02,Chicago,IL,56+,Female,Premium,Web
CUS04858,2025-04-09,San Jose,CA,26-35,Male,Regular,Mobile App
CUS04859,2024-09-10,Phoenix,AZ,36-45,Male,New,Mobile App
CUS04860,2025-09-25,Austin,TX,18-25,Male,Regular,Web
CUS04861,2026-02-19,Philadelphia,PA,26-35,Female,Regular,Mobile App
CUS04862,2025-06-12,Dallas,TX,18-25,Female,Regular,Mobile App
CUS04863,2025-11-23,Los Angeles,CA,56+,Male,Regular,Mobile App
CUS04864,2024-07-13,Austin,TX,36-45,Male,New,Mobile App
CUS04865,2026-03-05,Phoenix,AZ,26-35,Female,Regular,Mobile App
CUS04866,2026-03-20,Dallas,TX,18-25,Male,Premium,Mobile App
CUS04867,2025-08-02,Houston,TX,26-35,Female,Regular,Mobile App
CUS04868,2026-02-24,Phoenix,AZ,36-45,Female,New,Mobile App
CUS04869,2025-07-10,Austin,TX,26-35,Male,New,Web
CUS04870,2025-01-13,New York,NY,18-25,Male,Premium,Mobile App
CUS04871,2025-07-10,Dallas,TX,56+,Male,New,Mobile App
CUS04872,2025-01-08,San Jose,CA,26-35,Male,Regular,Mobile App
CUS04873,2025-03-01,San Diego,CA,26-35,Female,Regular,Mobile App
CUS04874,2024-01-17,San Jose,CA,18-25,Female,Regular,Web
CUS04875,2024-10-22,Los Angeles,CA,26-35,Other,Regular,Mobile App
CUS04876,2025-11-09,Dallas,TX,26-35,Female,Premium,Mobile App
CUS04877,2024-12-22,Los Angeles,CA,26-35,Male,Regular,Mobile App
CUS04878,2024-10-01,San Jose,CA,46-55,Female,Regular,Mobile App
CUS04879,2025-03-16,Austin,TX,26-35,Other,New,Web
CUS04880,2024-01-20,Philadelphia,PA,26-35,Female,Premium,Mobile App
CUS04881,2025-04-17,Phoenix,AZ,46-55,Female,Regular,Mobile App
CUS04882,2025-10-14,San Diego,CA,26-35,Male,Premium,Mobile App
CUS04883,2024-02-24,Houston,TX,56+,Female,Regular,Mobile App
CUS04884,2025-09-04,New York,NY,18-25,Male,Regular,Mobile App
CUS04885,2025-01-25,Chicago,IL,36-45,Male,Regular,Web
CUS04886,2024-10-06,Dallas,TX,36-45,Female,Regular,Mobile App
CUS04887,2024-04-13,Los Angeles,CA,18-25,Female,Premium,Web
CUS04888,2025-11-21,San Diego,CA,26-35,Female,Premium,Web
CUS04889,2025-07-05,San Diego,CA,26-35,Male,New,Web
CUS04890,2024-06-24,Phoenix,AZ,18-25,Female,Regular,Mobile App
CUS04891,2024-01-06,San Diego,CA,36-45,Female,New,Mobile App
CUS04892,2025-10-13,Phoenix,AZ,26-35,Female,Regular,Web
CUS04893,2025-11-05,Phoenix,AZ,18-25,Female,Premium,Web
CUS04894,2024-04-21,New York,NY,56+,Female,Premium,Mobile App
CUS04895,2024-11-27,Dallas,TX,46-55,Female,New,Mobile App
CUS04896,2025-06-07,New York,NY,46-55,Female,Regular,Mobile App
CUS04897,2024-02-19,Boston,MA,26-35,Male,Regular,Mobile App
CUS04898,2024-04-16,Houston,TX,36-45,Female,Premium,Web
CUS04899,2025-11-21,San Jose,CA,36-45,Male,New,Mobile App
CUS04900,2026-03-18,Philadelphia,PA,18-25,Male,Premium,Mobile App
CUS04901,2025-07-28,San Diego,CA,26-35,Male,Premium,Mobile App
CUS04902,2024-10-17,Los Angeles,CA,26-35,Female,Premium,Mobile App
CUS04903,2024-02-14,Seattle,WA,56+,Male,New,Web
CUS04904,2025-07-18,San Diego,CA,46-55,Male,Regular,Mobile App
CUS04905,2025-05-25,Phoenix,AZ,36-45,Female,Regular,Mobile App
CUS04906,2025-08-12,Phoenix,AZ,26-35,Female,Regular,Mobile App
CUS04907,2025-01-31,Dallas,TX,26-35,Female,Regular,Mobile App
CUS04908,2026-01-13,Austin,TX,56+,Other,Regular,Mobile App
CUS04909,2024-07-11,Seattle,WA,18-25,Other,New,Mobile App
CUS04910,2024-01-19,Boston,MA,18-25,Male,Regular,Mobile App
CUS04911,2025-10-31,Los Angeles,CA,26-35,Female,New,Mobile App
CUS04912,2025-11-18,Phoenix,AZ,18-25,Male,Regular,Mobile App
CUS04913,2025-08-19,San Diego,CA,18-25,Male,New,Mobile App
CUS04914,2025-08-22,Chicago,IL,36-45,Female,New,Mobile App
CUS04915,2025-02-18,San Diego,CA,36-45,Female,Premium,Mobile App
CUS04916,2025-06-05,Seattle,WA,56+,Male,Regular,Mobile App
CUS04917,2026-03-12,Boston,MA,18-25,Female,Regular,Web
CUS04918,2024-04-26,Phoenix,AZ,46-55,Male,New,Web
CUS04919,2025-08-07,San Jose,CA,46-55,Female,Regular,Mobile App
CUS04920,2025-12-27,San Jose,CA,36-45,Male,Regular,Mobile App
CUS04921,2026-01-28,New York,NY,18-25,Female,Premium,Mobile App
CUS04922,2026-03-24,Austin,TX,46-55,Male,New,Web
CUS04923,2025-04-11,Boston,MA,26-35,Female,New,Web
CUS04924,2024-05-01,San Jose,CA,46-55,Female,Regular,Mobile App
CUS04925,2026-02-17,Philadelphia,PA,18-25,Female,Regular,Mobile App
CUS04926,2025-08-22,New York,NY,26-35,Female,New,Web
CUS04927,2025-04-28,San Jose,CA,26-35,Male,Regular,Mobile App
CUS04928,2025-10-13,Phoenix,AZ,36-45,Female,Regular,Mobile App
CUS04929,2024-09-07,Dallas,TX,26-35,Female,Regular,Mobile App
CUS04930,2025-03-08,Seattle,WA,18-25,Male,Regular,Web
CUS04931,2025-10-11,Houston,TX,26-35,Male,New,Web
CUS04932,2024-05-19,Seattle,WA,46-55,Female,Regular,Mobile App
CUS04933,2024-05-17,San Diego,CA,26-35,Female,Premium,Mobile App
CUS04934,2024-05-20,San Jose,CA,18-25,Female,New,Web
CUS04935,2024-03-15,Philadelphia,PA,18-25,Other,Regular,Mobile App
CUS04936,2024-05-16,Philadelphia,PA,26-35,Female,Regular,Mobile App
CUS04937,2024-04-26,Phoenix,AZ,56+,Female,Regular,Mobile App
CUS04938,2026-03-17,Chicago,IL,26-35,Other,Regular,Mobile App
CUS04939,2024-02-17,Dallas,TX,36-45,Female,Regular,Mobile App
CUS04940,2024-01-10,Austin,TX,56+,Male,Regular,Mobile App
CUS04941,2026-02-01,Philadelphia,PA,26-35,Female,Regular,Mobile App
CUS04942,2024-05-11,Austin,TX,36-45,Female,New,Mobile App
CUS04943,2024-03-22,San Diego,CA,26-35,Male,Regular,Mobile App
CUS04944,2024-06-26,Philadelphia,PA,46-55,Female,Regular,Mobile App
CUS04945,2026-03-14,Seattle,WA,36-45,Male,Premium,Mobile App
CUS04946,2024-07-14,Boston,MA,26-35,Male,Premium,Web
CUS04947,2024-03-18,Boston,MA,18-25,Other,Regular,Mobile App
CUS04948,2025-07-22,Philadelphia,PA,26-35,Female,Regular,Mobile App
CUS04949,2024-06-11,San Diego,CA,46-55,Female,Regular,Mobile App
CUS04950,2025-12-23,Phoenix,AZ,46-55,Female,Premium,Mobile App
CUS04951,2025-11-03,Houston,TX,36-45,Female,Regular,Mobile App
CUS04952,2025-10-05,Dallas,TX,26-35,Female,Regular,Mobile App
CUS04953,2024-10-28,Chicago,IL,26-35,Female,Premium,Web
CUS04954,2026-01-28,Boston,MA,36-45,Male,Regular,Web
CUS04955,2025-11-04,Boston,MA,36-45,Male,New,Web
CUS04956,2024-01-05,Boston,MA,18-25,Female,New,Mobile App
CUS04957,2025-12-29,Los Angeles,CA,36-45,Female,Regular,Mobile App
CUS04958,2025-03-30,Houston,TX,56+,Male,Regular,Mobile App
CUS04959,2026-01-11,Philadelphia,PA,46-55,Female,Regular,Mobile App
CUS04960,2025-07-19,Dallas,TX,18-25,Female,Premium,Web
CUS04961,2025-03-22,New York,NY,36-45,Male,Regular,Mobile App
CUS04962,2024-09-26,Phoenix,AZ,46-55,Female,Regular,Mobile App
CUS04963,2026-03-29,New York,NY,46-55,Male,Premium,Mobile App
CUS04964,2025-05-22,Houston,TX,36-45,Female,Regular,Mobile App
CUS04965,2025-01-01,Houston,TX,36-45,Female,Premium,Mobile App
CUS04966,2025-07-28,Austin,TX,46-55,Male,Regular,Web
CUS04967,2025-10-17,Houston,TX,26-35,Female,Regular,Mobile App
CUS04968,2025-04-10,San Diego,CA,46-55,Male,Regular,Mobile App
CUS04969,2026-03-16,New York,NY,36-45,Female,New,Mobile App
CUS04970,2024-07-21,San Jose,CA,36-45,Male,Premium,Web
CUS04971,2025-07-14,Chicago,IL,26-35,Male,Regular,Mobile App
CUS04972,2025-06-22,Phoenix,AZ,56+,Female,Regular,Mobile App
CUS04973,2024-12-14,Dallas,TX,26-35,Female,Regular,Mobile App
CUS04974,2024-11-07,Phoenix,AZ,36-45,Female,Regular,Web
CUS04975,2024-08-17,San Diego,CA,46-55,Female,Regular,Web
CUS04976,2024-08-01,Chicago,IL,36-45,Female,Regular,Mobile App
CUS04977,2025-11-22,Boston,MA,36-45,Female,Regular,Mobile App
CUS04978,2024-11-03,Austin,TX,56+,Male,Regular,Web
CUS04979,2025-01-06,Dallas,TX,18-25,Male,Premium,Mobile App
CUS04980,2024-02-21,Seattle,WA,26-35,Female,Premium,Mobile App
CUS04981,2026-01-14,Chicago,IL,46-55,Female,Premium,Mobile App
CUS04982,2024-04-01,San Diego,CA,26-35,Male,New,Mobile App
CUS04983,2025-09-15,Houston,TX,36-45,Male,Regular,Mobile App
CUS04984,2024-08-10,Austin,TX,46-55,Female,Premium,Mobile App
CUS04985,2026-01-23,Los Angeles,CA,26-35,Male,Regular,Mobile App
CUS04986,2024-10-27,Houston,TX,26-35,Female,Premium,Web
CUS04987,2024-09-04,Dallas,TX,36-45,Male,Premium,Mobile App
CUS04988,2024-05-28,San Diego,CA,36-45,Female,Regular,Mobile App
CUS04989,2024-10-07,Houston,TX,36-45,Male,Regular,Mobile App
CUS04990,2024-05-04,Los Angeles,CA,36-45,Female,Regular,Mobile App
CUS04991,2025-10-12,Seattle,WA,18-25,Other,Regular,Web
CUS04992,2025-12-12,Philadelphia,PA,26-35,Female,Regular,Mobile App
CUS04993,2025-10-10,Philadelphia,PA,26-35,Male,Regular,Mobile App
CUS04994,2025-07-18,Boston,MA,26-35,Male,New,Mobile App
CUS04995,2024-06-26,Houston,TX,36-45,Male,New,Mobile App
CUS04996,2024-04-15,Seattle,WA,18-25,Male,Premium,Mobile App
CUS04997,2025-03-31,Houston,TX,26-35,Female,Regular,Mobile App
CUS04998,2024-01-10,San Jose,CA,46-55,Male,Premium,Mobile App
CUS04999,2024-11-01,New York,NY,36-45,Female,New,Mobile App
CUS05000,2024-12-13,Boston,MA,26-35,Female,Regular,Mobile App
