user_id,registration_date,location_city,location_state,age_bracket,user_gender,account_segment,device_type
UUS00001,2024-04-20,Houston,TX,56+,Female,Intro,App
UUS00002,2026-02-02,New York,NY,26-35,Female,Standard,Website
UUS00003,2025-09-17,Seattle,WA,56+,Female,Standard,App
UUS00004,2024-07-22,Phoenix,AZ,18-25,Male,Intro,Website
UUS00005,2025-07-12,New York,NY,36-45,Female,Standard,Website
UUS00006,2025-09-29,New York,NY,36-45,Female,Standard,Website
UUS00007,2024-10-07,Phoenix,AZ,18-25,Female,Standard,Website
UUS00008,2024-05-21,New York,NY,26-35,Female,Elite,App
UUS00009,2024-09-06,Phoenix,AZ,26-35,Male,Standard,App
UUS00010,2025-06-30,Phoenix,AZ,36-45,Female,Standard,App
UUS00011,2024-02-05,San Jose,CA,18-25,Male,Elite,App
UUS00012,2025-01-29,Phoenix,AZ,26-35,Female,Intro,App
UUS00013,2024-05-08,Boston,MA,36-45,Male,Standard,Website
UUS00014,2025-01-28,Seattle,WA,46-55,Female,Elite,App
UUS00015,2025-03-30,Dallas,TX,36-45,Female,Intro,App
UUS00016,2025-02-24,Austin,TX,26-35,Female,Elite,Website
UUS00017,2024-02-04,Seattle,WA,36-45,Male,Standard,App
UUS00018,2025-10-26,Philadelphia,PA,46-55,Male,Elite,App
UUS00019,2024-10-19,Los Angeles,CA,18-25,Male,Elite,App
UUS00020,2025-07-25,San Jose,CA,56+,Female,Standard,App
UUS00021,2025-03-07,Boston,MA,36-45,Male,Standard,App
UUS00022,2025-01-28,Chicago,IL,46-55,Female,Standard,App
UUS00023,2024-05-04,Chicago,IL,36-45,Male,Standard,App
UUS00024,2024-05-18,Austin,TX,56+,Female,Elite,App
UUS00025,2025-05-25,Philadelphia,PA,56+,Male,Intro,App
UUS00026,2024-06-11,Seattle,WA,36-45,Female,Standard,App
UUS00027,2024-12-13,Houston,TX,26-35,Male,Elite,App
UUS00028,2024-06-10,Houston,TX,36-45,Female,Standard,App
UUS00029,2024-11-30,San Jose,CA,36-45,Female,Standard,Website
UUS00030,2024-03-10,San Jose,CA,36-45,Female,Standard,Website
UUS00031,2026-01-12,Seattle,WA,26-35,Female,Standard,App
UUS00032,2025-12-26,Boston,MA,36-45,Female,Standard,App
UUS00033,2024-04-06,Philadelphia,PA,26-35,Male,Standard,App
UUS00034,2026-02-22,San Diego,CA,26-35,Male,Standard,App
UUS00035,2026-01-13,San Jose,CA,36-45,Male,Standard,App
UUS00036,2026-01-22,Chicago,IL,46-55,Female,Standard,App
UUS00037,2025-10-09,New York,NY,46-55,Female,Elite,App
UUS00038,2024-06-22,Austin,TX,18-25,Male,Elite,App
UUS00039,2025-02-25,Chicago,IL,26-35,Female,Standard,App
UUS00040,2025-02-20,San Diego,CA,26-35,Male,Elite,Website
UUS00041,2024-11-30,Boston,MA,46-55,Female,Standard,App
UUS00042,2025-01-31,San Diego,CA,26-35,Male,Standard,Website
UUS00043,2024-03-25,San Diego,CA,56+,Male,Standard,App
UUS00044,2026-01-07,Seattle,WA,46-55,Female,Standard,App
UUS00045,2024-03-05,Los Angeles,CA,18-25,Male,Standard,App
UUS00046,2025-04-17,Philadelphia,PA,26-35,Female,Intro,App
UUS00047,2025-02-28,New York,NY,46-55,Female,Elite,Website
UUS00048,2024-07-26,Dallas,TX,36-45,Male,Standard,Website
UUS00049,2024-08-04,San Jose,CA,18-25,Female,Standard,App
UUS00050,2024-11-03,San Diego,CA,46-55,Male,Elite,App
UUS00051,2026-01-22,Seattle,WA,56+,Female,Intro,App
UUS00052,2025-03-03,Los Angeles,CA,46-55,Male,Standard,Website
UUS00053,2024-07-29,San Jose,CA,36-45,Other,Standard,App
UUS00054,2025-01-17,Phoenix,AZ,46-55,Female,Standard,App
UUS00055,2024-07-03,San Diego,CA,36-45,Male,Intro,App
UUS00056,2024-08-21,San Jose,CA,26-35,Male,Standard,App
UUS00057,2026-02-17,Philadelphia,PA,26-35,Female,Standard,App
UUS00058,2025-06-18,New York,NY,26-35,Male,Standard,Website
UUS00059,2025-09-09,Dallas,TX,26-35,Female,Intro,Website
UUS00060,2024-03-25,Phoenix,AZ,36-45,Male,Intro,Website
UUS00061,2024-09-07,New York,NY,18-25,Other,Standard,App
UUS00062,2025-10-06,Phoenix,AZ,26-35,Male,Intro,App
UUS00063,2025-01-15,Chicago,IL,18-25,Female,Standard,App
UUS00064,2024-07-07,Los Angeles,CA,56+,Male,Intro,App
UUS00065,2024-10-27,New York,NY,26-35,Female,Standard,Website
UUS00066,2025-09-17,Dallas,TX,36-45,Female,Intro,App
UUS00067,2024-05-27,San Diego,CA,26-35,Female,Standard,App
UUS00068,2025-02-02,Austin,TX,36-45,Male,Intro,App
UUS00069,2026-01-08,San Diego,CA,26-35,Male,Intro,App
UUS00070,2026-03-01,Chicago,IL,36-45,Female,Standard,App
UUS00071,2025-08-04,New York,NY,46-55,Female,Standard,App
UUS00072,2025-04-03,Houston,TX,46-55,Female,Standard,App
UUS00073,2024-10-18,Phoenix,AZ,18-25,Male,Standard,App
UUS00074,2025-12-30,New York,NY,26-35,Male,Standard,App
UUS00075,2024-03-07,Houston,TX,46-55,Male,Standard,App
UUS00076,2025-11-27,San Diego,CA,26-35,Male,Standard,Website
UUS00077,2025-11-20,San Jose,CA,56+,Male,Standard,App
UUS00078,2024-04-12,San Jose,CA,56+,Male,Standard,Website
UUS00079,2024-08-23,Austin,TX,26-35,Male,Standard,App
UUS00080,2025-04-04,New York,NY,56+,Male,Standard,App
UUS00081,2025-06-12,Los Angeles,CA,18-25,Other,Standard,App
UUS00082,2025-02-09,Los Angeles,CA,26-35,Male,Standard,Website
UUS00083,2025-09-06,Dallas,TX,26-35,Female,Standard,App
UUS00084,2025-10-25,Philadelphia,PA,26-35,Female,Standard,Website
UUS00085,2025-02-14,Phoenix,AZ,46-55,Female,Standard,Website
UUS00086,2025-03-22,San Jose,CA,26-35,Male,Standard,App
UUS00087,2025-08-12,Los Angeles,CA,46-55,Male,Elite,App
UUS00088,2024-02-07,Philadelphia,PA,46-55,Female,Standard,App
UUS00089,2025-03-15,New York,NY,36-45,Male,Standard,App
UUS00090,2025-07-05,Phoenix,AZ,18-25,Male,Standard,App
UUS00091,2025-05-09,Phoenix,AZ,26-35,Male,Standard,App
UUS00092,2025-08-30,Seattle,WA,18-25,Female,Intro,App
UUS00093,2025-10-04,Chicago,IL,18-25,Male,Elite,App
UUS00094,2024-03-18,Chicago,IL,26-35,Female,Standard,App
UUS00095,2024-11-29,San Diego,CA,36-45,Male,Standard,App
UUS00096,2024-10-10,Philadelphia,PA,36-45,Female,Standard,App
UUS00097,2024-01-23,Chicago,IL,18-25,Female,Intro,App
UUS00098,2024-12-18,Chicago,IL,18-25,Male,Standard,App
UUS00099,2024-06-29,Philadelphia,PA,26-35,Male,Intro,App
UUS00100,2025-06-06,Philadelphia,PA,26-35,Female,Intro,Website
UUS00101,2025-03-22,New York,NY,46-55,Male,Standard,App
UUS00102,2025-02-23,Austin,TX,46-55,Male,Intro,App
UUS00103,2024-07-03,Austin,TX,46-55,Male,Intro,App
UUS00104,2024-11-02,San Diego,CA,56+,Male,Elite,App
UUS00105,2024-10-24,Austin,TX,26-35,Female,Standard,App
UUS00106,2025-02-28,Phoenix,AZ,18-25,Female,Standard,App
UUS00107,2025-01-31,New York,NY,56+,Male,Elite,App
UUS00108,2024-11-01,Houston,TX,26-35,Female,Intro,App
UUS00109,2025-11-02,New York,NY,56+,Male,Standard,App
UUS00110,2025-12-20,San Jose,CA,18-25,Female,Standard,App
UUS00111,2025-06-10,Los Angeles,CA,36-45,Female,Standard,App
UUS00112,2024-03-07,New York,NY,36-45,Female,Elite,App
UUS00113,2024-10-06,Los Angeles,CA,46-55,Female,Standard,App
UUS00114,2024-05-04,Houston,TX,26-35,Male,Standard,App
UUS00115,2025-05-07,Los Angeles,CA,18-25,Female,Elite,Website
UUS00116,2026-03-05,Austin,TX,36-45,Male,Standard,App
UUS00117,2024-05-04,San Jose,CA,46-55,Male,Elite,Website
UUS00118,2025-02-15,Phoenix,AZ,56+,Male,Standard,Website
UUS00119,2026-01-27,San Diego,CA,46-55,Male,Elite,App
UUS00120,2025-01-20,Seattle,WA,26-35,Male,Standard,App
UUS00121,2024-06-11,San Jose,CA,46-55,Male,Standard,Website
UUS00122,2024-02-07,San Jose,CA,26-35,Female,Elite,App
UUS00123,2025-11-09,Phoenix,AZ,26-35,Female,Standard,App
UUS00124,2024-10-23,Chicago,IL,36-45,Male,Elite,App
UUS00125,2025-11-11,San Diego,CA,26-35,Male,Intro,App
UUS00126,2024-12-06,Austin,TX,46-55,Female,Standard,App
UUS00127,2024-02-01,Seattle,WA,26-35,Female,Standard,Website
UUS00128,2025-04-23,San Diego,CA,36-45,Female,Standard,App
UUS00129,2024-09-08,San Diego,CA,46-55,Female,Intro,Website
UUS00130,2025-10-26,Los Angeles,CA,18-25,Male,Standard,App
UUS00131,2024-05-11,San Jose,CA,26-35,Female,Standard,Website
UUS00132,2025-05-24,Dallas,TX,18-25,Female,Standard,Website
UUS00133,2026-02-05,Houston,TX,26-35,Male,Standard,Website
UUS00134,2024-03-27,Phoenix,AZ,18-25,Female,Standard,App
UUS00135,2025-10-22,Philadelphia,PA,26-35,Female,Elite,App
UUS00136,2026-03-18,Houston,TX,26-35,Male,Intro,Website
UUS00137,2025-08-04,Seattle,WA,26-35,Male,Elite,App
UUS00138,2024-03-01,San Diego,CA,36-45,Female,Standard,App
UUS00139,2025-05-16,Austin,TX,18-25,Female,Elite,Website
UUS00140,2025-09-18,New York,NY,26-35,Female,Intro,App
UUS00141,2025-03-08,San Jose,CA,18-25,Female,Standard,App
UUS00142,2026-03-18,Philadelphia,PA,36-45,Female,Elite,Website
UUS00143,2024-08-14,Seattle,WA,56+,Female,Standard,App
UUS00144,2024-07-10,New York,NY,46-55,Female,Standard,App
UUS00145,2025-07-15,Los Angeles,CA,26-35,Female,Standard,App
UUS00146,2025-04-10,New York,NY,36-45,Female,Elite,App
UUS00147,2025-04-10,Philadelphia,PA,36-45,Male,Standard,App
UUS00148,2026-03-03,Austin,TX,26-35,Male,Standard,Website
UUS00149,2026-01-19,Chicago,IL,36-45,Female,Intro,Website
UUS00150,2024-05-29,San Jose,CA,26-35,Male,Standard,Website
UUS00151,2025-10-09,Phoenix,AZ,18-25,Female,Standard,Website
UUS00152,2024-07-08,Los Angeles,CA,26-35,Female,Standard,App
UUS00153,2024-06-10,Boston,MA,26-35,Female,Intro,App
UUS00154,2024-01-19,Austin,TX,46-55,Male,Elite,App
UUS00155,2025-02-15,Philadelphia,PA,36-45,Male,Intro,Website
UUS00156,2025-04-25,Chicago,IL,18-25,Male,Elite,App
UUS00157,2024-12-06,Philadelphia,PA,18-25,Other,Intro,App
UUS00158,2026-03-13,Seattle,WA,18-25,Female,Elite,App
UUS00159,2024-06-03,San Jose,CA,26-35,Female,Elite,App
UUS00160,2024-11-27,Los Angeles,CA,26-35,Female,Standard,App
UUS00161,2026-03-22,Dallas,TX,26-35,Female,Standard,App
UUS00162,2025-08-19,Los Angeles,CA,36-45,Male,Standard,App
UUS00163,2024-07-07,Los Angeles,CA,26-35,Male,Standard,Website
UUS00164,2025-03-16,San Jose,CA,26-35,Female,Standard,App
UUS00165,2024-11-25,Philadelphia,PA,26-35,Male,Standard,App
UUS00166,2024-06-30,Los Angeles,CA,26-35,Male,Intro,App
UUS00167,2025-09-01,Houston,TX,36-45,Female,Standard,App
UUS00168,2025-05-22,Los Angeles,CA,36-45,Female,Standard,Website
UUS00169,2026-01-26,Phoenix,AZ,36-45,Male,Elite,App
UUS00170,2024-01-26,Chicago,IL,26-35,Female,Intro,App
UUS00171,2023-12-08,Houston,TX,56+,Female,Elite,Website
UUS00172,2026-02-07,San Diego,CA,18-25,Male,Standard,App
UUS00173,2025-04-02,Seattle,WA,18-25,Female,Intro,App
UUS00174,2025-08-23,Phoenix,AZ,26-35,Female,Standard,App
UUS00175,2024-12-14,Los Angeles,CA,26-35,Female,Elite,App
UUS00176,2025-07-03,San Diego,CA,56+,Male,Elite,Website
UUS00177,2025-06-25,Chicago,IL,36-45,Female,Elite,App
UUS00178,2025-05-23,New York,NY,36-45,Female,Standard,App
UUS00179,2025-10-08,Los Angeles,CA,26-35,Male,Elite,App
UUS00180,2024-04-29,Chicago,IL,46-55,Female,Standard,Website
UUS00181,2025-06-23,San Diego,CA,36-45,Male,Standard,App
UUS00182,2026-02-10,Houston,TX,36-45,Male,Standard,App
UUS00183,2025-05-26,Dallas,TX,18-25,Male,Standard,App
UUS00184,2026-01-22,Chicago,IL,56+,Female,Standard,App
UUS00185,2025-08-31,Austin,TX,26-35,Male,Elite,App
UUS00186,2024-12-23,Los Angeles,CA,56+,Male,Intro,App
UUS00187,2024-05-12,Los Angeles,CA,56+,Male,Standard,App
UUS00188,2024-11-28,Seattle,WA,46-55,Female,Elite,App
UUS00189,2024-09-01,San Diego,CA,26-35,Female,Standard,App
UUS00190,2024-02-08,Dallas,TX,26-35,Male,Elite,App
UUS00191,2025-06-05,Philadelphia,PA,18-25,Female,Standard,App
UUS00192,2026-01-12,Philadelphia,PA,46-55,Female,Standard,App
UUS00193,2025-12-25,Phoenix,AZ,26-35,Male,Elite,App
UUS00194,2024-06-24,San Jose,CA,36-45,Female,Standard,App
UUS00195,2024-07-19,Boston,MA,26-35,Male,Intro,App
UUS00196,2025-08-30,Seattle,WA,36-45,Male,Standard,App
UUS00197,2024-11-18,Austin,TX,26-35,Female,Elite,Website
UUS00198,2024-12-20,Dallas,TX,46-55,Other,Intro,App
UUS00199,2025-01-21,Los Angeles,CA,18-25,Male,Elite,Website
UUS00200,2025-09-30,Phoenix,AZ,36-45,Female,Standard,App
UUS00201,2025-12-25,Boston,MA,26-35,Female,Standard,Website
UUS00202,2025-09-19,Dallas,TX,26-35,Female,Standard,App
UUS00203,2024-03-23,Dallas,TX,26-35,Female,Elite,App
UUS00204,2024-11-01,Los Angeles,CA,18-25,Male,Standard,App
UUS00205,2025-06-03,Chicago,IL,36-45,Female,Intro,App
UUS00206,2024-07-21,Dallas,TX,46-55,Female,Standard,App
UUS00207,2025-03-13,Austin,TX,46-55,Female,Elite,App
UUS00208,2024-03-12,Dallas,TX,36-45,Male,Standard,App
UUS00209,2025-12-15,Houston,TX,18-25,Female,Standard,App
UUS00210,2024-07-16,Seattle,WA,46-55,Female,Standard,App
UUS00211,2025-10-23,Phoenix,AZ,18-25,Female,Standard,App
UUS00212,2025-01-27,New York,NY,46-55,Female,Standard,App
UUS00213,2025-05-12,San Diego,CA,56+,Female,Elite,App
UUS00214,2025-11-21,Phoenix,AZ,46-55,Male,Elite,Website
UUS00215,2024-02-06,San Diego,CA,26-35,Female,Standard,App
UUS00216,2024-08-10,Chicago,IL,26-35,Female,Standard,App
UUS00217,2025-10-03,San Jose,CA,26-35,Female,Standard,App
UUS00218,2026-03-11,San Jose,CA,26-35,Male,Standard,App
UUS00219,2024-02-12,Philadelphia,PA,36-45,Female,Standard,App
UUS00220,2025-01-20,Boston,MA,56+,Male,Intro,App
UUS00221,2026-02-08,Chicago,IL,26-35,Female,Standard,App
UUS00222,2024-05-21,Los Angeles,CA,46-55,Female,Standard,App
UUS00223,2025-06-01,New York,NY,26-35,Male,Standard,App
UUS00224,2025-03-16,New York,NY,36-45,Male,Standard,App
UUS00225,2025-04-17,Dallas,TX,26-35,Female,Intro,App
UUS00226,2025-06-29,Seattle,WA,18-25,Male,Standard,Website
UUS00227,2024-10-24,New York,NY,18-25,Female,Intro,App
UUS00228,2024-11-06,Austin,TX,26-35,Female,Standard,App
UUS00229,2024-06-02,Chicago,IL,36-45,Female,Elite,App
UUS00230,2024-05-20,Los Angeles,CA,36-45,Male,Elite,App
UUS00231,2024-04-04,Los Angeles,CA,26-35,Male,Intro,App
UUS00232,2024-09-24,Houston,TX,18-25,Male,Elite,Website
UUS00233,2024-09-17,Philadelphia,PA,36-45,Male,Standard,App
UUS00234,2024-10-26,Phoenix,AZ,36-45,Female,Standard,App
UUS00235,2025-06-15,San Diego,CA,26-35,Male,Standard,App
UUS00236,2026-01-02,San Jose,CA,36-45,Male,Intro,Website
UUS00237,2025-05-28,New York,NY,18-25,Female,Standard,App
UUS00238,2024-04-07,San Diego,CA,26-35,Female,Standard,App
UUS00239,2025-07-04,San Diego,CA,26-35,Female,Standard,Website
UUS00240,2024-10-18,Los Angeles,CA,18-25,Male,Elite,App
UUS00241,2024-10-05,Dallas,TX,36-45,Male,Standard,App
UUS00242,2025-05-17,Seattle,WA,26-35,Female,Standard,App
UUS00243,2024-05-01,Houston,TX,46-55,Male,Intro,Website
UUS00244,2025-12-01,Chicago,IL,46-55,Female,Intro,App
UUS00245,2024-04-13,Dallas,TX,26-35,Male,Elite,App
UUS00246,2024-01-19,Houston,TX,26-35,Female,Intro,App
UUS00247,2025-03-05,Houston,TX,26-35,Female,Standard,App
UUS00248,2024-01-29,Austin,TX,46-55,Female,Intro,App
UUS00249,2026-04-06,Chicago,IL,46-55,Female,Elite,App
UUS00250,2026-04-16,Austin,TX,36-45,Male,Standard,Website
UUS00251,2025-05-10,Phoenix,AZ,18-25,Female,Elite,App
UUS00252,2024-10-05,San Diego,CA,18-25,Other,Standard,App
UUS00253,2024-10-06,Boston,MA,36-45,Female,Elite,Website
UUS00254,2024-01-27,Austin,TX,26-35,Male,Standard,App
UUS00255,2025-02-09,Boston,MA,26-35,Male,Standard,Website
UUS00256,2026-03-23,New York,NY,18-25,Male,Intro,App
UUS00257,2024-11-12,Dallas,TX,26-35,Female,Standard,App
UUS00258,2024-08-26,San Jose,CA,46-55,Male,Intro,App
UUS00259,2026-04-15,Austin,TX,18-25,Female,Intro,App
UUS00260,2025-11-27,Phoenix,AZ,36-45,Male,Standard,App
UUS00261,2024-08-07,Chicago,IL,36-45,Female,Elite,App
UUS00262,2025-02-11,Philadelphia,PA,18-25,Female,Standard,App
UUS00263,2026-01-21,Austin,TX,56+,Female,Standard,App
UUS00264,2024-06-14,Phoenix,AZ,46-55,Male,Standard,App
UUS00265,2024-04-05,Austin,TX,26-35,Female,Standard,App
UUS00266,2025-09-04,Dallas,TX,26-35,Other,Elite,Website
UUS00267,2026-03-17,San Jose,CA,46-55,Female,Standard,Website
UUS00268,2024-07-29,Seattle,WA,26-35,Female,Standard,App
UUS00269,2025-08-16,Chicago,IL,26-35,Other,Intro,App
UUS00270,2024-07-19,Seattle,WA,46-55,Female,Intro,App
UUS00271,2025-02-05,San Diego,CA,36-45,Female,Elite,App
UUS00272,2024-12-28,New York,NY,26-35,Female,Intro,App
UUS00273,2024-12-18,San Diego,CA,56+,Female,Standard,App
UUS00274,2024-12-15,Seattle,WA,26-35,Male,Elite,Website
UUS00275,2026-01-10,Houston,TX,26-35,Male,Elite,App
UUS00276,2025-04-07,Chicago,IL,26-35,Male,Standard,App
UUS00277,2025-01-05,Houston,TX,56+,Male,Standard,App
UUS00278,2025-03-10,Los Angeles,CA,36-45,Male,Standard,Website
UUS00279,2025-06-28,New York,NY,36-45,Male,Standard,App
UUS00280,2024-02-05,Chicago,IL,26-35,Female,Elite,Website
UUS00281,2025-11-14,San Diego,CA,26-35,Male,Standard,Website
UUS00282,2026-04-04,Dallas,TX,46-55,Other,Intro,Website
UUS00283,2024-02-07,Los Angeles,CA,26-35,Female,Intro,App
UUS00284,2024-09-05,Philadelphia,PA,18-25,Male,Standard,App
UUS00285,2025-02-12,Los Angeles,CA,26-35,Female,Intro,App
UUS00286,2026-02-03,Chicago,IL,26-35,Male,Standard,App
UUS00287,2024-06-20,Philadelphia,PA,36-45,Female,Intro,App
UUS00288,2026-04-11,Philadelphia,PA,26-35,Male,Intro,App
UUS00289,2024-10-05,Austin,TX,46-55,Male,Elite,Website
UUS00290,2024-07-13,Dallas,TX,56+,Male,Standard,App
UUS00291,2025-05-30,Austin,TX,36-45,Male,Intro,App
UUS00292,2025-09-22,Austin,TX,36-45,Female,Intro,App
UUS00293,2025-08-17,San Jose,CA,26-35,Male,Intro,App
UUS00294,2025-01-07,Chicago,IL,18-25,Female,Elite,App
UUS00295,2025-05-30,Los Angeles,CA,56+,Female,Standard,App
UUS00296,2024-03-05,San Diego,CA,46-55,Female,Intro,Website
UUS00297,2024-12-09,New York,NY,26-35,Male,Standard,App
UUS00298,2026-01-01,Austin,TX,46-55,Male,Intro,App
UUS00299,2024-05-04,Austin,TX,56+,Male,Standard,App
UUS00300,2025-04-11,Seattle,WA,26-35,Male,Elite,App
UUS00301,2024-08-14,Chicago,IL,18-25,Female,Elite,App
UUS00302,2024-09-06,Seattle,WA,18-25,Male,Standard,Website
UUS00303,2024-05-15,San Jose,CA,18-25,Male,Standard,App
UUS00304,2025-12-06,Chicago,IL,56+,Female,Intro,App
UUS00305,2026-02-17,Houston,TX,18-25,Female,Standard,App
UUS00306,2026-01-21,Los Angeles,CA,26-35,Female,Intro,Website
UUS00307,2025-08-14,Dallas,TX,26-35,Female,Intro,App
UUS00308,2025-09-17,San Jose,CA,56+,Female,Intro,App
UUS00309,2024-07-14,Dallas,TX,26-35,Male,Elite,Website
UUS00310,2024-03-12,Chicago,IL,36-45,Female,Standard,App
UUS00311,2025-01-19,Chicago,IL,26-35,Male,Standard,App
UUS00312,2024-09-08,San Jose,CA,26-35,Male,Standard,App
UUS00313,2024-05-29,Houston,TX,26-35,Male,Elite,App
UUS00314,2025-11-29,Phoenix,AZ,26-35,Male,Standard,App
UUS00315,2025-08-05,Seattle,WA,18-25,Female,Standard,App
UUS00316,2026-02-27,Philadelphia,PA,18-25,Male,Elite,Website
UUS00317,2024-07-16,Dallas,TX,56+,Female,Standard,App
UUS00318,2024-01-26,Boston,MA,26-35,Female,Elite,App
UUS00319,2024-11-13,Dallas,TX,36-45,Female,Intro,App
UUS00320,2023-12-21,Philadelphia,PA,26-35,Male,Standard,App
UUS00321,2024-07-26,Los Angeles,CA,36-45,Male,Standard,App
UUS00322,2025-11-14,Philadelphia,PA,56+,Male,Elite,App
UUS00323,2025-04-13,Houston,TX,26-35,Female,Standard,App
UUS00324,2024-07-04,Los Angeles,CA,36-45,Male,Elite,App
UUS00325,2024-06-20,Philadelphia,PA,26-35,Male,Standard,App
UUS00326,2025-01-07,Chicago,IL,46-55,Male,Intro,Website
UUS00327,2024-10-19,Austin,TX,18-25,Female,Intro,App
UUS00328,2025-12-15,San Diego,CA,36-45,Female,Standard,App
UUS00329,2025-12-21,Phoenix,AZ,26-35,Female,Intro,App
UUS00330,2024-03-09,Philadelphia,PA,18-25,Male,Intro,App
UUS00331,2026-02-17,Philadelphia,PA,26-35,Female,Elite,App
UUS00332,2025-02-07,Los Angeles,CA,46-55,Female,Elite,Website
UUS00333,2026-02-18,Seattle,WA,18-25,Female,Intro,Website
UUS00334,2025-06-15,San Diego,CA,36-45,Female,Standard,App
UUS00335,2024-01-28,San Jose,CA,26-35,Male,Standard,App
UUS00336,2025-12-31,San Diego,CA,26-35,Female,Intro,App
UUS00337,2024-10-12,Houston,TX,26-35,Other,Standard,Website
UUS00338,2024-05-03,San Diego,CA,26-35,Female,Standard,App
UUS00339,2025-11-17,Philadelphia,PA,46-55,Female,Standard,App
UUS00340,2026-01-10,Austin,TX,18-25,Female,Standard,App
UUS00341,2025-07-23,Seattle,WA,26-35,Male,Standard,App
UUS00342,2025-07-07,Houston,TX,46-55,Male,Standard,Website
UUS00343,2024-10-16,San Diego,CA,36-45,Female,Intro,App
UUS00344,2024-04-27,Philadelphia,PA,36-45,Male,Standard,App
UUS00345,2024-11-22,Boston,MA,26-35,Male,Standard,App
UUS00346,2024-09-06,Philadelphia,PA,26-35,Male,Elite,App
UUS00347,2024-10-19,Philadelphia,PA,36-45,Male,Elite,Website
UUS00348,2024-06-28,Philadelphia,PA,56+,Female,Intro,App
UUS00349,2026-01-05,New York,NY,46-55,Male,Elite,App
UUS00350,2024-05-09,New York,NY,46-55,Male,Standard,App
UUS00351,2025-02-06,Boston,MA,26-35,Female,Standard,App
UUS00352,2024-01-01,Dallas,TX,56+,Male,Standard,App
UUS00353,2025-05-23,New York,NY,26-35,Male,Intro,App
UUS00354,2024-03-12,Seattle,WA,36-45,Male,Standard,Website
UUS00355,2024-11-20,Dallas,TX,36-45,Female,Standard,Website
UUS00356,2025-06-05,Austin,TX,26-35,Male,Standard,App
UUS00357,2026-02-14,Houston,TX,26-35,Female,Intro,App
UUS00358,2024-12-28,New York,NY,26-35,Female,Elite,Website
UUS00359,2025-12-15,Boston,MA,26-35,Male,Standard,App
UUS00360,2025-11-12,Dallas,TX,26-35,Other,Standard,App
UUS00361,2025-12-08,San Jose,CA,26-35,Male,Standard,Website
UUS00362,2024-05-28,San Diego,CA,18-25,Male,Intro,Website
UUS00363,2025-10-23,Boston,MA,26-35,Female,Intro,App
UUS00364,2024-09-12,San Jose,CA,18-25,Male,Standard,App
UUS00365,2024-01-01,Houston,TX,18-25,Female,Standard,App
UUS00366,2024-12-15,Philadelphia,PA,18-25,Female,Elite,App
UUS00367,2025-07-31,Chicago,IL,26-35,Female,Elite,App
UUS00368,2025-01-05,Philadelphia,PA,18-25,Male,Intro,App
UUS00369,2025-04-05,Philadelphia,PA,26-35,Female,Elite,Website
UUS00370,2026-03-27,Phoenix,AZ,26-35,Male,Standard,App
UUS00371,2024-03-01,Los Angeles,CA,46-55,Female,Standard,App
UUS00372,2025-08-12,Los Angeles,CA,56+,Male,Standard,Website
UUS00373,2025-06-10,Austin,TX,26-35,Female,Elite,Website
UUS00374,2024-11-12,San Jose,CA,36-45,Female,Elite,App
UUS00375,2024-10-14,Los Angeles,CA,18-25,Female,Elite,Website
UUS00376,2025-03-12,Austin,TX,46-55,Female,Standard,App
UUS00377,2025-07-25,Seattle,WA,18-25,Female,Elite,App
UUS00378,2024-11-11,Boston,MA,26-35,Female,Elite,App
UUS00379,2024-07-05,Seattle,WA,46-55,Male,Elite,Website
UUS00380,2026-02-11,Philadelphia,PA,46-55,Female,Standard,Website
UUS00381,2026-01-07,Boston,MA,36-45,Male,Intro,Website
UUS00382,2024-10-07,San Jose,CA,26-35,Female,Standard,App
UUS00383,2025-03-26,Los Angeles,CA,46-55,Male,Standard,App
UUS00384,2024-04-02,Houston,TX,46-55,Male,Intro,App
UUS00385,2024-10-29,Phoenix,AZ,46-55,Male,Elite,App
UUS00386,2024-08-02,San Jose,CA,46-55,Female,Elite,Website
UUS00387,2025-03-15,San Diego,CA,26-35,Female,Standard,App
UUS00388,2025-11-27,Boston,MA,26-35,Male,Standard,App
UUS00389,2025-05-29,Chicago,IL,26-35,Male,Standard,App
UUS00390,2024-01-04,Philadelphia,PA,36-45,Female,Standard,Website
UUS00391,2024-10-04,San Jose,CA,18-25,Male,Intro,App
UUS00392,2025-04-04,San Diego,CA,26-35,Female,Intro,App
UUS00393,2025-09-13,Philadelphia,PA,26-35,Other,Standard,Website
UUS00394,2025-10-20,Austin,TX,26-35,Female,Standard,App
UUS00395,2025-02-26,Phoenix,AZ,26-35,Male,Standard,App
UUS00396,2026-01-23,Seattle,WA,46-55,Female,Standard,App
UUS00397,2024-10-03,Dallas,TX,56+,Male,Standard,App
UUS00398,2024-10-27,Dallas,TX,26-35,Female,Standard,App
UUS00399,2025-09-13,New York,NY,36-45,Female,Standard,App
UUS00400,2024-02-10,Los Angeles,CA,18-25,Female,Standard,App
UUS00401,2025-12-25,Dallas,TX,26-35,Female,Intro,Website
UUS00402,2026-01-28,Houston,TX,26-35,Male,Elite,App
UUS00403,2025-04-01,Philadelphia,PA,46-55,Female,Standard,App
UUS00404,2024-10-08,Philadelphia,PA,18-25,Other,Standard,Website
UUS00405,2025-01-09,Chicago,IL,18-25,Male,Elite,App
UUS00406,2024-08-22,New York,NY,18-25,Female,Standard,Website
UUS00407,2025-02-21,Chicago,IL,36-45,Female,Standard,Website
UUS00408,2024-12-31,Philadelphia,PA,18-25,Male,Standard,App
UUS00409,2024-03-07,Los Angeles,CA,56+,Male,Standard,Website
UUS00410,2025-08-29,Dallas,TX,18-25,Male,Standard,App
UUS00411,2025-01-06,Houston,TX,36-45,Female,Intro,Website
UUS00412,2025-03-24,New York,NY,18-25,Male,Elite,App
UUS00413,2025-08-21,Philadelphia,PA,46-55,Female,Standard,App
UUS00414,2024-05-17,Houston,TX,36-45,Female,Standard,Website
UUS00415,2026-01-11,Austin,TX,26-35,Other,Standard,App
UUS00416,2025-03-20,Dallas,TX,18-25,Female,Elite,App
UUS00417,2024-04-08,Houston,TX,36-45,Female,Standard,App
UUS00418,2025-07-20,Los Angeles,CA,26-35,Female,Standard,App
UUS00419,2025-12-16,Chicago,IL,36-45,Female,Standard,App
UUS00420,2024-09-15,Philadelphia,PA,26-35,Female,Elite,App
UUS00421,2024-10-26,Los Angeles,CA,56+,Male,Elite,Website
UUS00422,2025-07-30,Philadelphia,PA,36-45,Male,Elite,App
UUS00423,2025-08-10,Austin,TX,26-35,Male,Standard,Website
UUS00424,2025-01-13,Chicago,IL,26-35,Male,Standard,App
UUS00425,2024-01-30,Seattle,WA,36-45,Female,Standard,App
UUS00426,2025-05-04,San Jose,CA,56+,Female,Elite,App
UUS00427,2024-03-19,Los Angeles,CA,56+,Female,Elite,App
UUS00428,2024-10-24,Boston,MA,26-35,Male,Standard,App
UUS00429,2024-06-26,Austin,TX,36-45,Male,Standard,App
UUS00430,2024-09-11,Seattle,WA,26-35,Other,Intro,App
UUS00431,2024-12-10,Los Angeles,CA,26-35,Female,Standard,App
UUS00432,2024-09-19,Phoenix,AZ,18-25,Female,Standard,App
UUS00433,2024-10-05,Phoenix,AZ,46-55,Male,Standard,App
UUS00434,2026-01-05,Phoenix,AZ,36-45,Female,Standard,App
UUS00435,2026-03-10,Seattle,WA,36-45,Male,Elite,App
UUS00436,2025-04-01,Austin,TX,56+,Male,Elite,App
UUS00437,2024-10-01,San Diego,CA,36-45,Female,Standard,App
UUS00438,2024-08-12,New York,NY,26-35,Female,Intro,Website
UUS00439,2024-06-01,New York,NY,36-45,Male,Intro,App
UUS00440,2024-01-20,Austin,TX,36-45,Male,Standard,App
UUS00441,2025-09-17,Boston,MA,18-25,Male,Intro,App
UUS00442,2025-08-22,Boston,MA,46-55,Male,Elite,App
UUS00443,2026-01-06,Houston,TX,26-35,Female,Intro,App
UUS00444,2025-09-24,Phoenix,AZ,18-25,Female,Intro,App
UUS00445,2025-06-17,Los Angeles,CA,18-25,Male,Elite,App
UUS00446,2026-02-11,Boston,MA,36-45,Male,Standard,App
UUS00447,2025-03-07,New York,NY,26-35,Male,Standard,App
UUS00448,2024-06-29,Chicago,IL,46-55,Female,Intro,App
UUS00449,2024-08-13,Dallas,TX,56+,Female,Elite,App
UUS00450,2026-03-29,San Jose,CA,26-35,Other,Standard,App
UUS00451,2024-08-09,Chicago,IL,18-25,Male,Standard,App
UUS00452,2024-11-26,Chicago,IL,56+,Female,Intro,App
UUS00453,2025-03-20,Austin,TX,26-35,Female,Standard,App
UUS00454,2024-11-18,Dallas,TX,36-45,Male,Intro,App
UUS00455,2024-10-23,Austin,TX,26-35,Male,Standard,Website
UUS00456,2024-05-31,Houston,TX,46-55,Male,Standard,App
UUS00457,2025-06-28,Los Angeles,CA,36-45,Other,Standard,App
UUS00458,2025-10-04,Houston,TX,36-45,Male,Elite,App
UUS00459,2024-04-06,Los Angeles,CA,46-55,Male,Standard,App
UUS00460,2024-12-03,Seattle,WA,26-35,Female,Elite,App
UUS00461,2025-05-03,Austin,TX,26-35,Female,Standard,App
UUS00462,2024-01-26,Phoenix,AZ,36-45,Female,Intro,App
UUS00463,2024-08-30,San Diego,CA,26-35,Female,Intro,Website
UUS00464,2024-02-23,New York,NY,46-55,Female,Standard,App
UUS00465,2025-11-06,New York,NY,18-25,Male,Elite,App
UUS00466,2024-11-22,Dallas,TX,36-45,Female,Standard,App
UUS00467,2025-05-23,San Jose,CA,18-25,Female,Elite,Website
UUS00468,2024-11-17,Philadelphia,PA,18-25,Male,Intro,Website
UUS00469,2026-02-11,Boston,MA,36-45,Male,Standard,App
UUS00470,2026-01-18,Phoenix,AZ,26-35,Other,Standard,Website
UUS00471,2025-07-05,New York,NY,18-25,Male,Standard,Website
UUS00472,2025-03-23,New York,NY,46-55,Female,Standard,App
UUS00473,2024-06-12,Houston,TX,18-25,Female,Elite,App
UUS00474,2025-10-31,Seattle,WA,26-35,Male,Elite,App
UUS00475,2024-01-31,Philadelphia,PA,36-45,Male,Standard,App
UUS00476,2026-01-07,Houston,TX,26-35,Female,Standard,App
UUS00477,2025-03-20,Chicago,IL,18-25,Male,Intro,App
UUS00478,2024-09-26,Chicago,IL,36-45,Male,Standard,App
UUS00479,2024-03-26,Los Angeles,CA,36-45,Female,Standard,App
UUS00480,2025-08-25,Dallas,TX,56+,Female,Elite,Website
UUS00481,2025-04-07,Austin,TX,26-35,Male,Elite,App
UUS00482,2024-08-01,Houston,TX,26-35,Male,Standard,Website
UUS00483,2025-12-20,Austin,TX,26-35,Female,Intro,App
UUS00484,2024-10-22,San Diego,CA,26-35,Male,Elite,App
UUS00485,2026-02-01,San Jose,CA,56+,Male,Standard,App
UUS00486,2026-01-06,Phoenix,AZ,26-35,Female,Standard,App
UUS00487,2024-08-13,Philadelphia,PA,46-55,Female,Standard,App
UUS00488,2024-01-30,San Jose,CA,26-35,Female,Standard,App
UUS00489,2025-05-31,Chicago,IL,46-55,Male,Standard,Website
UUS00490,2025-09-21,Seattle,WA,18-25,Female,Intro,App
UUS00491,2024-11-02,New York,NY,46-55,Female,Standard,Website
UUS00492,2025-05-21,New York,NY,46-55,Female,Standard,App
UUS00493,2025-11-30,Philadelphia,PA,36-45,Male,Standard,App
UUS00494,2024-05-04,Chicago,IL,36-45,Female,Standard,App
UUS00495,2025-10-10,Houston,TX,36-45,Male,Standard,App
UUS00496,2026-01-07,Dallas,TX,36-45,Female,Standard,App
UUS00497,2025-07-27,Dallas,TX,26-35,Female,Standard,App
UUS00498,2025-11-19,Chicago,IL,26-35,Male,Elite,App
UUS00499,2025-08-24,Seattle,WA,26-35,Female,Standard,App
UUS00500,2024-04-15,Phoenix,AZ,36-45,Female,Elite,App
UUS00501,2024-08-25,Phoenix,AZ,46-55,Female,Intro,Website
UUS00502,2025-06-20,Boston,MA,26-35,Female,Intro,App
UUS00503,2024-11-02,Phoenix,AZ,36-45,Female,Standard,App
UUS00504,2026-03-23,Phoenix,AZ,46-55,Female,Standard,App
UUS00505,2024-04-03,Dallas,TX,18-25,Female,Intro,App
UUS00506,2025-05-02,San Jose,CA,18-25,Male,Intro,App
UUS00507,2024-10-09,San Jose,CA,18-25,Female,Elite,App
UUS00508,2024-04-22,Philadelphia,PA,36-45,Male,Standard,Website
UUS00509,2025-03-26,Boston,MA,26-35,Female,Standard,App
UUS00510,2024-06-15,Austin,TX,46-55,Male,Elite,App
UUS00511,2026-01-14,San Jose,CA,26-35,Female,Elite,App
UUS00512,2024-09-29,Austin,TX,26-35,Male,Standard,App
UUS00513,2025-04-27,San Diego,CA,18-25,Female,Standard,App
UUS00514,2025-11-02,Los Angeles,CA,18-25,Male,Standard,App
UUS00515,2025-02-05,Philadelphia,PA,36-45,Female,Standard,App
UUS00516,2024-10-26,Houston,TX,36-45,Male,Elite,App
UUS00517,2024-03-07,Seattle,WA,36-45,Female,Standard,App
UUS00518,2026-01-19,New York,NY,36-45,Female,Standard,Website
UUS00519,2024-01-22,Phoenix,AZ,56+,Male,Intro,App
UUS00520,2024-03-03,Phoenix,AZ,18-25,Female,Elite,App
UUS00521,2024-06-22,New York,NY,26-35,Male,Standard,Website
UUS00522,2025-02-06,Boston,MA,56+,Female,Intro,Website
UUS00523,2024-12-24,San Jose,CA,26-35,Male,Standard,Website
UUS00524,2025-12-07,San Diego,CA,36-45,Male,Standard,App
UUS00525,2024-02-06,Chicago,IL,36-45,Female,Elite,App
UUS00526,2025-06-21,Chicago,IL,36-45,Male,Standard,App
UUS00527,2025-05-23,Boston,MA,26-35,Female,Elite,App
UUS00528,2025-04-16,Dallas,TX,36-45,Female,Standard,Website
UUS00529,2024-01-25,Dallas,TX,36-45,Female,Elite,App
UUS00530,2024-12-05,Dallas,TX,56+,Male,Intro,App
UUS00531,2025-09-21,Chicago,IL,26-35,Male,Elite,App
UUS00532,2024-08-18,Austin,TX,56+,Female,Standard,App
UUS00533,2025-02-16,San Jose,CA,26-35,Female,Standard,App
UUS00534,2024-03-06,Chicago,IL,18-25,Male,Standard,App
UUS00535,2024-03-31,San Jose,CA,18-25,Female,Standard,App
UUS00536,2025-12-14,New York,NY,56+,Male,Standard,Website
UUS00537,2024-02-28,Boston,MA,36-45,Male,Intro,App
UUS00538,2025-01-29,Boston,MA,26-35,Female,Elite,Website
UUS00539,2025-06-03,Phoenix,AZ,56+,Other,Standard,App
UUS00540,2024-04-13,Seattle,WA,18-25,Male,Standard,App
UUS00541,2026-01-07,Seattle,WA,18-25,Female,Standard,App
UUS00542,2024-03-10,Chicago,IL,26-35,Female,Standard,App
UUS00543,2024-10-05,Houston,TX,36-45,Male,Elite,App
UUS00544,2025-03-21,Dallas,TX,26-35,Female,Standard,App
UUS00545,2025-04-08,Seattle,WA,36-45,Other,Intro,App
UUS00546,2026-03-03,Phoenix,AZ,26-35,Female,Standard,Website
UUS00547,2025-12-02,New York,NY,36-45,Male,Elite,App
UUS00548,2024-06-08,Philadelphia,PA,56+,Male,Elite,App
UUS00549,2024-05-30,Philadelphia,PA,46-55,Male,Standard,Website
UUS00550,2024-03-26,San Jose,CA,36-45,Female,Standard,App
UUS00551,2025-06-19,San Diego,CA,26-35,Female,Intro,Website
UUS00552,2025-08-02,Phoenix,AZ,26-35,Female,Intro,App
UUS00553,2025-08-19,Phoenix,AZ,46-55,Female,Elite,App
UUS00554,2024-10-14,Philadelphia,PA,36-45,Female,Elite,Website
UUS00555,2025-07-03,Houston,TX,26-35,Female,Standard,App
UUS00556,2025-04-08,Los Angeles,CA,46-55,Male,Standard,Website
UUS00557,2025-09-15,Los Angeles,CA,18-25,Male,Standard,Website
UUS00558,2024-07-31,Seattle,WA,36-45,Male,Standard,App
UUS00559,2025-07-01,Los Angeles,CA,46-55,Male,Standard,Website
UUS00560,2025-09-20,Dallas,TX,26-35,Male,Standard,Website
UUS00561,2025-09-25,Philadelphia,PA,26-35,Female,Intro,App
UUS00562,2024-05-30,Phoenix,AZ,36-45,Female,Standard,App
UUS00563,2025-09-12,Philadelphia,PA,26-35,Female,Standard,App
UUS00564,2026-03-21,Phoenix,AZ,18-25,Male,Standard,App
UUS00565,2025-12-15,Houston,TX,36-45,Male,Standard,App
UUS00566,2025-05-08,Seattle,WA,46-55,Male,Elite,App
UUS00567,2025-06-03,Dallas,TX,26-35,Female,Intro,Website
UUS00568,2026-03-06,San Diego,CA,26-35,Female,Standard,App
UUS00569,2025-12-13,Phoenix,AZ,26-35,Male,Standard,App
UUS00570,2024-05-08,Boston,MA,18-25,Male,Standard,App
UUS00571,2025-11-14,Austin,TX,18-25,Female,Intro,App
UUS00572,2026-01-12,San Diego,CA,36-45,Female,Intro,App
UUS00573,2025-04-16,Seattle,WA,26-35,Female,Standard,App
UUS00574,2024-02-23,Houston,TX,18-25,Other,Standard,App
UUS00575,2026-03-25,Houston,TX,26-35,Male,Intro,App
UUS00576,2025-07-20,New York,NY,46-55,Male,Intro,Website
UUS00577,2024-04-22,New York,NY,36-45,Male,Standard,App
UUS00578,2025-06-30,New York,NY,46-55,Female,Intro,App
UUS00579,2024-02-09,Seattle,WA,36-45,Female,Standard,App
UUS00580,2026-02-03,Seattle,WA,26-35,Male,Standard,App
UUS00581,2025-10-23,Austin,TX,26-35,Male,Standard,App
UUS00582,2024-07-13,Dallas,TX,36-45,Male,Standard,App
UUS00583,2025-05-16,Dallas,TX,46-55,Female,Intro,App
UUS00584,2024-12-20,Chicago,IL,36-45,Other,Standard,App
UUS00585,2025-01-27,Philadelphia,PA,46-55,Female,Intro,App
UUS00586,2024-05-03,Philadelphia,PA,36-45,Male,Intro,Website
UUS00587,2025-10-18,Dallas,TX,26-35,Male,Standard,App
UUS00588,2024-04-13,Phoenix,AZ,18-25,Male,Intro,Website
UUS00589,2026-01-01,Phoenix,AZ,36-45,Male,Standard,App
UUS00590,2024-10-02,Dallas,TX,18-25,Male,Elite,App
UUS00591,2024-03-02,San Jose,CA,36-45,Female,Elite,App
UUS00592,2024-03-02,Los Angeles,CA,36-45,Male,Standard,App
UUS00593,2024-10-22,San Diego,CA,18-25,Male,Standard,App
UUS00594,2025-08-11,Austin,TX,56+,Female,Intro,App
UUS00595,2025-07-15,Dallas,TX,46-55,Other,Elite,App
UUS00596,2025-11-04,New York,NY,18-25,Female,Elite,App
UUS00597,2024-03-13,New York,NY,26-35,Male,Standard,Website
UUS00598,2024-09-19,Houston,TX,46-55,Female,Intro,Website
UUS00599,2024-05-08,San Jose,CA,26-35,Female,Standard,App
UUS00600,2024-01-28,Los Angeles,CA,46-55,Female,Standard,App
UUS00601,2024-09-05,Los Angeles,CA,46-55,Male,Standard,App
UUS00602,2025-02-23,Phoenix,AZ,46-55,Female,Standard,App
UUS00603,2024-07-22,Chicago,IL,36-45,Female,Intro,App
UUS00604,2024-11-30,Chicago,IL,36-45,Female,Intro,App
UUS00605,2025-09-03,Phoenix,AZ,46-55,Female,Standard,App
UUS00606,2024-12-23,San Jose,CA,18-25,Female,Intro,App
UUS00607,2024-05-29,Dallas,TX,36-45,Female,Standard,App
UUS00608,2024-12-28,Phoenix,AZ,26-35,Female,Standard,Website
UUS00609,2024-09-28,Dallas,TX,26-35,Female,Standard,App
UUS00610,2025-02-26,Los Angeles,CA,26-35,Female,Standard,Website
UUS00611,2024-05-18,Dallas,TX,26-35,Female,Standard,Website
UUS00612,2025-04-03,Boston,MA,18-25,Other,Elite,App
UUS00613,2025-10-30,Dallas,TX,26-35,Female,Elite,App
UUS00614,2024-02-20,San Jose,CA,18-25,Male,Standard,Website
UUS00615,2025-12-09,Austin,TX,18-25,Male,Standard,App
UUS00616,2024-09-03,Austin,TX,26-35,Female,Elite,App
UUS00617,2024-08-22,Boston,MA,36-45,Male,Elite,App
UUS00618,2025-04-03,Phoenix,AZ,36-45,Female,Standard,Website
UUS00619,2025-12-19,Seattle,WA,26-35,Female,Elite,App
UUS00620,2025-09-04,Houston,TX,26-35,Male,Elite,App
UUS00621,2024-12-20,Phoenix,AZ,26-35,Female,Standard,App
UUS00622,2026-01-11,Houston,TX,36-45,Male,Standard,App
UUS00623,2024-09-23,Houston,TX,46-55,Female,Elite,Website
UUS00624,2024-11-27,Chicago,IL,36-45,Male,Intro,App
UUS00625,2025-03-11,San Jose,CA,46-55,Female,Standard,App
UUS00626,2025-02-17,Seattle,WA,26-35,Male,Standard,Website
UUS00627,2026-01-26,Dallas,TX,26-35,Male,Standard,App
UUS00628,2025-09-07,Chicago,IL,26-35,Male,Elite,App
UUS00629,2024-08-26,Phoenix,AZ,36-45,Female,Standard,App
UUS00630,2026-03-15,Phoenix,AZ,26-35,Female,Intro,App
UUS00631,2024-04-23,Philadelphia,PA,36-45,Male,Elite,App
UUS00632,2026-02-14,Dallas,TX,18-25,Male,Elite,Website
UUS00633,2024-05-27,Houston,TX,26-35,Male,Elite,App
UUS00634,2024-10-29,Austin,TX,26-35,Female,Intro,App
UUS00635,2025-12-05,Chicago,IL,26-35,Male,Standard,Website
UUS00636,2025-10-28,Houston,TX,56+,Female,Elite,App
UUS00637,2026-02-15,Los Angeles,CA,46-55,Male,Intro,App
UUS00638,2024-03-09,New York,NY,26-35,Female,Elite,App
UUS00639,2025-12-05,Boston,MA,26-35,Male,Standard,App
UUS00640,2025-11-07,Philadelphia,PA,26-35,Other,Standard,App
UUS00641,2025-07-01,San Diego,CA,36-45,Female,Standard,App
UUS00642,2025-03-29,Chicago,IL,36-45,Male,Intro,App
UUS00643,2025-05-21,Phoenix,AZ,18-25,Male,Standard,Website
UUS00644,2024-11-09,Chicago,IL,56+,Male,Standard,Website
UUS00645,2026-02-12,Boston,MA,56+,Male,Standard,App
UUS00646,2025-11-19,Boston,MA,56+,Male,Elite,App
UUS00647,2023-12-27,Chicago,IL,26-35,Female,Standard,Website
UUS00648,2026-02-19,Phoenix,AZ,46-55,Female,Intro,App
UUS00649,2026-03-18,Los Angeles,CA,26-35,Other,Standard,App
UUS00650,2025-10-21,San Jose,CA,26-35,Female,Standard,App
UUS00651,2024-10-10,Houston,TX,36-45,Male,Intro,App
UUS00652,2025-11-22,Seattle,WA,18-25,Female,Standard,App
UUS00653,2025-02-17,San Diego,CA,18-25,Male,Standard,App
UUS00654,2024-03-21,Phoenix,AZ,56+,Male,Intro,App
UUS00655,2025-12-28,Boston,MA,46-55,Male,Standard,App
UUS00656,2025-07-06,Boston,MA,56+,Female,Standard,App
UUS00657,2025-12-31,Dallas,TX,36-45,Male,Standard,Website
UUS00658,2026-02-02,Boston,MA,26-35,Male,Elite,App
UUS00659,2024-10-03,Boston,MA,26-35,Male,Standard,App
UUS00660,2025-02-12,New York,NY,46-55,Female,Intro,App
UUS00661,2025-11-11,Dallas,TX,46-55,Female,Intro,App
UUS00662,2026-03-13,Houston,TX,56+,Male,Standard,App
UUS00663,2026-01-04,Houston,TX,56+,Male,Elite,Website
UUS00664,2024-11-12,Seattle,WA,36-45,Female,Elite,Website
UUS00665,2025-11-14,San Diego,CA,26-35,Female,Standard,App
UUS00666,2024-09-08,Phoenix,AZ,26-35,Female,Standard,App
UUS00667,2024-05-26,Seattle,WA,56+,Female,Standard,App
UUS00668,2024-05-29,San Jose,CA,26-35,Male,Standard,App
UUS00669,2025-04-13,Houston,TX,18-25,Female,Elite,App
UUS00670,2025-11-05,Chicago,IL,26-35,Female,Standard,App
UUS00671,2025-06-13,Dallas,TX,56+,Female,Elite,App
UUS00672,2024-05-16,Austin,TX,26-35,Female,Standard,App
UUS00673,2025-04-09,Boston,MA,18-25,Female,Elite,App
UUS00674,2024-11-08,Los Angeles,CA,36-45,Male,Elite,App
UUS00675,2025-11-05,Phoenix,AZ,56+,Male,Standard,Website
UUS00676,2025-11-08,San Diego,CA,36-45,Male,Standard,App
UUS00677,2024-02-20,Phoenix,AZ,26-35,Male,Standard,App
UUS00678,2024-05-18,Austin,TX,26-35,Male,Elite,Website
UUS00679,2025-12-01,Chicago,IL,18-25,Male,Elite,App
UUS00680,2024-12-23,Boston,MA,36-45,Male,Intro,Website
UUS00681,2024-06-17,Houston,TX,36-45,Female,Elite,Website
UUS00682,2024-07-05,Houston,TX,36-45,Female,Elite,Website
UUS00683,2025-06-03,Seattle,WA,36-45,Female,Standard,Website
UUS00684,2026-01-17,San Jose,CA,18-25,Female,Intro,App
UUS00685,2024-11-03,Austin,TX,46-55,Male,Elite,App
UUS00686,2024-03-30,Austin,TX,46-55,Female,Standard,App
UUS00687,2025-09-25,Los Angeles,CA,18-25,Male,Standard,App
UUS00688,2024-12-07,Phoenix,AZ,46-55,Female,Elite,Website
UUS00689,2025-12-17,Chicago,IL,26-35,Female,Standard,App
UUS00690,2026-04-14,San Diego,CA,56+,Male,Intro,Website
UUS00691,2026-02-03,Houston,TX,26-35,Male,Standard,Website
UUS00692,2024-03-23,San Jose,CA,26-35,Female,Standard,Website
UUS00693,2024-07-10,Houston,TX,26-35,Male,Elite,App
UUS00694,2024-01-07,Dallas,TX,26-35,Male,Standard,Website
UUS00695,2024-07-30,Austin,TX,56+,Female,Intro,App
UUS00696,2025-02-01,San Jose,CA,26-35,Female,Intro,App
UUS00697,2024-08-25,New York,NY,18-25,Female,Standard,App
UUS00698,2025-11-12,Houston,TX,26-35,Male,Standard,App
UUS00699,2025-08-11,San Diego,CA,46-55,Male,Elite,Website
UUS00700,2024-12-05,Dallas,TX,26-35,Female,Standard,Website
UUS00701,2025-04-30,Chicago,IL,46-55,Female,Standard,App
UUS00702,2024-05-24,New York,NY,46-55,Male,Standard,App
UUS00703,2026-03-05,Dallas,TX,36-45,Male,Standard,App
UUS00704,2024-06-13,Houston,TX,26-35,Female,Standard,App
UUS00705,2025-09-21,Phoenix,AZ,36-45,Female,Intro,App
UUS00706,2026-01-22,Houston,TX,18-25,Female,Standard,Website
UUS00707,2025-10-28,Houston,TX,56+,Female,Standard,App
UUS00708,2024-10-06,San Jose,CA,26-35,Female,Standard,Website
UUS00709,2025-07-14,New York,NY,36-45,Female,Standard,App
UUS00710,2024-09-21,Phoenix,AZ,26-35,Male,Standard,App
UUS00711,2024-08-18,San Diego,CA,26-35,Male,Standard,App
UUS00712,2025-12-30,Boston,MA,26-35,Female,Standard,App
UUS00713,2025-01-19,San Diego,CA,36-45,Female,Elite,Website
UUS00714,2025-04-09,Dallas,TX,36-45,Female,Standard,App
UUS00715,2025-07-21,Philadelphia,PA,46-55,Female,Standard,Website
UUS00716,2026-01-10,Phoenix,AZ,18-25,Female,Standard,Website
UUS00717,2025-03-02,Houston,TX,18-25,Female,Elite,App
UUS00718,2024-11-24,Los Angeles,CA,36-45,Male,Standard,Website
UUS00719,2024-11-03,San Jose,CA,56+,Male,Elite,Website
UUS00720,2024-12-08,Chicago,IL,26-35,Female,Standard,App
UUS00721,2024-04-30,Austin,TX,26-35,Male,Intro,App
UUS00722,2025-03-13,Los Angeles,CA,56+,Female,Standard,App
UUS00723,2024-12-30,San Jose,CA,26-35,Male,Standard,App
UUS00724,2025-03-16,Los Angeles,CA,26-35,Female,Intro,App
UUS00725,2024-10-24,Chicago,IL,26-35,Male,Standard,App
UUS00726,2025-09-26,San Jose,CA,18-25,Female,Intro,Website
UUS00727,2025-10-10,Dallas,TX,46-55,Other,Standard,App
UUS00728,2024-06-18,Austin,TX,18-25,Male,Elite,App
UUS00729,2025-04-20,Philadelphia,PA,26-35,Female,Standard,App
UUS00730,2025-02-23,Chicago,IL,36-45,Female,Standard,App
UUS00731,2024-11-05,Austin,TX,18-25,Male,Elite,App
UUS00732,2025-06-07,Chicago,IL,36-45,Male,Standard,App
UUS00733,2024-09-04,Houston,TX,36-45,Female,Intro,App
UUS00734,2024-07-06,Los Angeles,CA,26-35,Female,Elite,App
UUS00735,2025-11-17,Philadelphia,PA,26-35,Male,Standard,App
UUS00736,2026-03-19,Seattle,WA,18-25,Female,Standard,App
UUS00737,2024-08-22,San Jose,CA,36-45,Male,Standard,App
UUS00738,2024-12-11,Los Angeles,CA,36-45,Male,Elite,App
UUS00739,2025-11-17,San Diego,CA,26-35,Female,Standard,Website
UUS00740,2024-04-10,San Diego,CA,56+,Female,Elite,App
UUS00741,2024-11-11,Boston,MA,56+,Female,Standard,App
UUS00742,2024-06-24,Houston,TX,36-45,Female,Intro,App
UUS00743,2025-12-28,San Diego,CA,46-55,Female,Standard,App
UUS00744,2024-06-14,Los Angeles,CA,26-35,Male,Standard,App
UUS00745,2024-10-23,Phoenix,AZ,56+,Male,Standard,App
UUS00746,2025-03-17,Seattle,WA,26-35,Female,Intro,App
UUS00747,2025-01-11,San Diego,CA,46-55,Male,Standard,Website
UUS00748,2025-10-25,Philadelphia,PA,26-35,Female,Standard,App
UUS00749,2024-12-19,Phoenix,AZ,26-35,Female,Standard,App
UUS00750,2026-02-09,Houston,TX,26-35,Male,Intro,App
UUS00751,2025-05-11,Houston,TX,26-35,Male,Intro,App
UUS00752,2024-06-30,Phoenix,AZ,26-35,Female,Elite,App
UUS00753,2026-01-29,San Diego,CA,36-45,Male,Elite,App
UUS00754,2025-10-17,New York,NY,46-55,Male,Standard,Website
UUS00755,2024-03-27,Boston,MA,36-45,Female,Standard,App
UUS00756,2025-06-13,Austin,TX,18-25,Male,Intro,Website
UUS00757,2024-10-23,Boston,MA,18-25,Female,Elite,App
UUS00758,2024-02-03,San Jose,CA,46-55,Female,Standard,App
UUS00759,2025-12-19,Houston,TX,26-35,Female,Intro,App
UUS00760,2025-11-09,Houston,TX,46-55,Female,Elite,App
UUS00761,2024-09-26,Austin,TX,46-55,Male,Intro,App
UUS00762,2024-10-05,Houston,TX,46-55,Female,Standard,App
UUS00763,2025-02-07,Boston,MA,26-35,Other,Standard,App
UUS00764,2025-01-21,Los Angeles,CA,46-55,Female,Standard,App
UUS00765,2025-12-06,Houston,TX,26-35,Male,Elite,App
UUS00766,2025-01-30,San Diego,CA,56+,Female,Standard,App
UUS00767,2026-03-31,Philadelphia,PA,18-25,Female,Intro,App
UUS00768,2025-09-17,Los Angeles,CA,26-35,Male,Standard,Website
UUS00769,2024-03-30,Austin,TX,36-45,Male,Standard,App
UUS00770,2025-09-06,Houston,TX,56+,Female,Standard,App
UUS00771,2024-06-07,Seattle,WA,18-25,Male,Standard,App
UUS00772,2024-02-08,Seattle,WA,46-55,Female,Standard,App
UUS00773,2024-01-28,Philadelphia,PA,26-35,Other,Standard,App
UUS00774,2025-12-22,Philadelphia,PA,36-45,Male,Standard,App
UUS00775,2025-01-30,Houston,TX,56+,Female,Intro,App
UUS00776,2024-08-27,Houston,TX,56+,Female,Standard,App
UUS00777,2025-12-10,Houston,TX,26-35,Male,Standard,Website
UUS00778,2024-12-26,Boston,MA,36-45,Female,Elite,App
UUS00779,2025-07-22,San Jose,CA,26-35,Male,Standard,App
UUS00780,2024-06-29,San Diego,CA,18-25,Female,Standard,App
UUS00781,2025-11-25,Phoenix,AZ,46-55,Male,Elite,App
UUS00782,2025-11-17,Chicago,IL,18-25,Male,Intro,App
UUS00783,2025-12-29,Houston,TX,46-55,Male,Standard,App
UUS00784,2024-08-02,Austin,TX,36-45,Male,Intro,App
UUS00785,2025-01-16,Philadelphia,PA,18-25,Female,Standard,App
UUS00786,2025-02-12,San Diego,CA,26-35,Male,Standard,App
UUS00787,2026-03-13,New York,NY,56+,Male,Standard,Website
UUS00788,2024-07-18,Boston,MA,26-35,Female,Standard,App
UUS00789,2025-03-26,Houston,TX,56+,Female,Standard,App
UUS00790,2025-09-24,San Diego,CA,46-55,Female,Intro,Website
UUS00791,2024-09-17,Los Angeles,CA,46-55,Male,Standard,App
UUS00792,2024-03-10,San Jose,CA,36-45,Male,Standard,App
UUS00793,2025-05-19,Seattle,WA,46-55,Male,Standard,App
UUS00794,2025-07-06,Chicago,IL,36-45,Female,Standard,App
UUS00795,2024-10-15,Los Angeles,CA,36-45,Male,Elite,App
UUS00796,2025-08-09,New York,NY,26-35,Male,Standard,App
UUS00797,2026-02-14,Los Angeles,CA,18-25,Female,Standard,App
UUS00798,2026-01-11,New York,NY,46-55,Female,Standard,App
UUS00799,2025-10-09,Seattle,WA,26-35,Male,Standard,App
UUS00800,2023-12-20,Austin,TX,18-25,Male,Standard,App
UUS00801,2025-03-16,Dallas,TX,26-35,Female,Intro,App
UUS00802,2024-05-11,New York,NY,56+,Male,Intro,Website
UUS00803,2025-08-26,Boston,MA,36-45,Male,Standard,App
UUS00804,2024-09-25,Austin,TX,26-35,Female,Intro,App
UUS00805,2024-11-24,Houston,TX,26-35,Male,Elite,App
UUS00806,2025-09-10,Philadelphia,PA,46-55,Female,Elite,App
UUS00807,2025-05-23,Boston,MA,36-45,Male,Standard,App
UUS00808,2024-03-27,Houston,TX,46-55,Female,Intro,App
UUS00809,2025-06-11,Chicago,IL,36-45,Female,Intro,App
UUS00810,2024-12-19,Philadelphia,PA,56+,Other,Standard,App
UUS00811,2025-07-16,Dallas,TX,46-55,Female,Standard,App
UUS00812,2025-12-17,San Diego,CA,26-35,Male,Standard,App
UUS00813,2025-01-12,Dallas,TX,46-55,Male,Standard,App
UUS00814,2024-06-09,Chicago,IL,18-25,Female,Elite,App
UUS00815,2025-10-15,San Diego,CA,18-25,Other,Elite,App
UUS00816,2025-04-25,Houston,TX,36-45,Female,Elite,Website
UUS00817,2024-04-24,Chicago,IL,46-55,Female,Elite,App
UUS00818,2026-04-26,Austin,TX,46-55,Male,Elite,App
UUS00819,2024-01-10,Chicago,IL,18-25,Female,Elite,Website
UUS00820,2024-02-21,Philadelphia,PA,26-35,Female,Standard,Website
UUS00821,2025-09-07,Seattle,WA,26-35,Male,Standard,Website
UUS00822,2024-06-25,Phoenix,AZ,26-35,Male,Standard,App
UUS00823,2024-04-12,Phoenix,AZ,26-35,Male,Intro,App
UUS00824,2025-10-04,Houston,TX,18-25,Female,Standard,App
UUS00825,2024-10-20,San Jose,CA,36-45,Female,Elite,App
UUS00826,2024-04-29,Philadelphia,PA,36-45,Male,Standard,App
UUS00827,2024-12-07,Los Angeles,CA,36-45,Female,Standard,App
UUS00828,2026-01-30,Austin,TX,56+,Male,Standard,App
UUS00829,2024-10-31,Houston,TX,26-35,Male,Standard,App
UUS00830,2024-05-14,San Jose,CA,36-45,Female,Elite,Website
UUS00831,2024-07-09,Seattle,WA,56+,Male,Standard,Website
UUS00832,2025-02-13,Chicago,IL,46-55,Male,Standard,App
UUS00833,2024-07-25,Seattle,WA,26-35,Female,Elite,App
UUS00834,2026-04-11,New York,NY,36-45,Male,Intro,App
UUS00835,2024-07-19,Boston,MA,26-35,Female,Elite,App
UUS00836,2025-05-18,Phoenix,AZ,36-45,Male,Standard,App
UUS00837,2024-02-10,Chicago,IL,26-35,Male,Standard,App
UUS00838,2025-09-10,Boston,MA,36-45,Female,Intro,App
UUS00839,2026-01-02,Philadelphia,PA,26-35,Male,Standard,App
UUS00840,2025-06-04,Phoenix,AZ,18-25,Male,Elite,App
UUS00841,2024-11-14,San Diego,CA,56+,Female,Standard,App
UUS00842,2024-10-26,Dallas,TX,18-25,Other,Elite,App
UUS00843,2024-01-28,Los Angeles,CA,36-45,Male,Standard,Website
UUS00844,2024-03-26,San Diego,CA,26-35,Female,Standard,App
UUS00845,2025-04-16,Austin,TX,36-45,Female,Standard,App
UUS00846,2026-01-19,Boston,MA,18-25,Male,Standard,Website
UUS00847,2025-09-12,San Diego,CA,36-45,Male,Elite,Website
UUS00848,2025-10-05,San Diego,CA,36-45,Female,Intro,App
UUS00849,2026-01-01,Phoenix,AZ,36-45,Male,Standard,App
UUS00850,2026-01-21,Boston,MA,26-35,Female,Standard,App
UUS00851,2024-07-28,Dallas,TX,36-45,Male,Standard,App
UUS00852,2025-05-31,Houston,TX,46-55,Female,Standard,App
UUS00853,2025-06-15,Houston,TX,26-35,Female,Standard,App
UUS00854,2025-06-05,Dallas,TX,36-45,Female,Standard,App
UUS00855,2024-05-21,San Diego,CA,36-45,Female,Standard,App
UUS00856,2025-02-07,Phoenix,AZ,18-25,Female,Standard,Website
UUS00857,2025-09-26,New York,NY,26-35,Female,Standard,App
UUS00858,2024-08-09,Dallas,TX,36-45,Male,Elite,App
UUS00859,2025-06-18,Philadelphia,PA,26-35,Male,Intro,Website
UUS00860,2025-12-17,Philadelphia,PA,36-45,Female,Standard,Website
UUS00861,2025-02-01,Philadelphia,PA,56+,Male,Standard,App
UUS00862,2026-01-02,Los Angeles,CA,36-45,Male,Elite,App
UUS00863,2024-06-27,San Jose,CA,36-45,Male,Standard,App
UUS00864,2023-12-27,Houston,TX,36-45,Male,Elite,App
UUS00865,2024-09-07,New York,NY,26-35,Female,Intro,App
UUS00866,2026-01-29,Houston,TX,18-25,Male,Standard,App
UUS00867,2025-11-27,Philadelphia,PA,36-45,Male,Intro,App
UUS00868,2025-09-12,New York,NY,26-35,Female,Standard,Website
UUS00869,2024-03-25,Boston,MA,26-35,Female,Intro,App
UUS00870,2026-01-06,New York,NY,26-35,Female,Standard,Website
UUS00871,2026-02-06,Philadelphia,PA,36-45,Female,Standard,App
UUS00872,2024-11-06,Seattle,WA,46-55,Male,Standard,Website
UUS00873,2024-04-08,Phoenix,AZ,46-55,Female,Standard,Website
UUS00874,2024-08-29,San Diego,CA,26-35,Female,Elite,App
UUS00875,2025-01-22,Philadelphia,PA,46-55,Female,Intro,App
UUS00876,2024-07-29,San Diego,CA,46-55,Female,Standard,App
UUS00877,2025-06-08,Chicago,IL,26-35,Female,Standard,App
UUS00878,2024-08-21,San Jose,CA,36-45,Male,Standard,App
UUS00879,2024-06-24,Dallas,TX,26-35,Male,Standard,App
UUS00880,2024-11-17,Seattle,WA,36-45,Female,Standard,App
UUS00881,2024-09-28,Houston,TX,18-25,Male,Standard,Website
UUS00882,2024-11-23,New York,NY,36-45,Male,Intro,Website
UUS00883,2025-05-03,Seattle,WA,36-45,Male,Standard,App
UUS00884,2025-03-31,Austin,TX,18-25,Male,Standard,App
UUS00885,2024-06-26,Chicago,IL,56+,Male,Intro,App
UUS00886,2025-03-23,Los Angeles,CA,26-35,Female,Elite,App
UUS00887,2026-04-21,Boston,MA,26-35,Female,Standard,App
UUS00888,2024-07-03,Seattle,WA,18-25,Male,Standard,App
UUS00889,2025-12-06,Houston,TX,26-35,Male,Standard,App
UUS00890,2025-04-16,Philadelphia,PA,26-35,Male,Elite,App
UUS00891,2025-02-26,San Diego,CA,18-25,Male,Elite,App
UUS00892,2026-02-05,Chicago,IL,26-35,Male,Intro,App
UUS00893,2025-02-11,Boston,MA,26-35,Female,Standard,App
UUS00894,2024-02-23,Los Angeles,CA,18-25,Male,Standard,App
UUS00895,2026-01-22,Boston,MA,56+,Female,Standard,App
UUS00896,2025-09-02,San Diego,CA,56+,Male,Elite,App
UUS00897,2024-04-07,New York,NY,36-45,Male,Elite,App
UUS00898,2024-01-09,Phoenix,AZ,46-55,Male,Elite,Website
UUS00899,2026-01-21,Boston,MA,26-35,Female,Standard,App
UUS00900,2026-01-22,Philadelphia,PA,46-55,Female,Elite,App
UUS00901,2024-01-01,San Diego,CA,36-45,Female,Intro,App
UUS00902,2024-05-26,Houston,TX,26-35,Female,Intro,App
UUS00903,2026-01-12,Philadelphia,PA,46-55,Male,Intro,App
UUS00904,2025-03-06,Philadelphia,PA,18-25,Female,Intro,Website
UUS00905,2025-10-14,Dallas,TX,26-35,Male,Standard,App
UUS00906,2024-09-06,New York,NY,36-45,Male,Standard,App
UUS00907,2025-07-25,Dallas,TX,26-35,Female,Elite,Website
UUS00908,2025-02-21,Houston,TX,26-35,Male,Standard,App
UUS00909,2025-04-08,Boston,MA,36-45,Female,Standard,App
UUS00910,2026-02-13,Houston,TX,56+,Female,Standard,App
UUS00911,2026-01-10,Austin,TX,46-55,Female,Elite,Website
UUS00912,2025-05-18,Philadelphia,PA,36-45,Female,Standard,App
UUS00913,2024-12-10,San Jose,CA,36-45,Female,Intro,App
UUS00914,2024-12-18,Seattle,WA,26-35,Female,Standard,App
UUS00915,2025-10-24,Austin,TX,26-35,Male,Standard,Website
UUS00916,2024-03-14,Philadelphia,PA,56+,Female,Elite,Website
UUS00917,2024-08-08,Dallas,TX,26-35,Male,Standard,App
UUS00918,2024-07-18,San Diego,CA,18-25,Male,Intro,App
UUS00919,2025-05-07,Austin,TX,26-35,Male,Standard,App
UUS00920,2023-12-22,San Diego,CA,26-35,Female,Standard,App
UUS00921,2025-06-17,San Diego,CA,56+,Male,Standard,App
UUS00922,2025-04-10,San Diego,CA,36-45,Female,Standard,App
UUS00923,2025-03-06,Boston,MA,26-35,Female,Standard,App
UUS00924,2025-05-17,San Diego,CA,36-45,Female,Standard,App
UUS00925,2024-05-02,Phoenix,AZ,26-35,Male,Elite,App
UUS00926,2024-12-05,Austin,TX,18-25,Male,Standard,App
UUS00927,2024-11-06,Dallas,TX,46-55,Male,Standard,Website
UUS00928,2026-04-01,Austin,TX,36-45,Female,Standard,Website
UUS00929,2024-01-09,New York,NY,18-25,Female,Standard,App
UUS00930,2026-01-30,Houston,TX,36-45,Male,Elite,Website
UUS00931,2025-09-09,Phoenix,AZ,36-45,Female,Standard,Website
UUS00932,2024-04-19,Phoenix,AZ,56+,Female,Standard,App
UUS00933,2024-01-26,Boston,MA,26-35,Female,Standard,App
UUS00934,2025-06-23,Boston,MA,26-35,Female,Standard,App
UUS00935,2025-02-07,Seattle,WA,36-45,Male,Standard,App
UUS00936,2024-04-16,Seattle,WA,56+,Male,Standard,Website
UUS00937,2025-04-22,Boston,MA,26-35,Female,Standard,App
UUS00938,2026-02-28,Dallas,TX,26-35,Female,Standard,App
UUS00939,2026-01-11,San Jose,CA,26-35,Male,Standard,App
UUS00940,2025-10-31,Houston,TX,26-35,Female,Elite,Website
UUS00941,2025-09-24,San Jose,CA,26-35,Other,Intro,App
UUS00942,2025-04-03,Boston,MA,56+,Male,Standard,App
UUS00943,2024-02-06,San Jose,CA,46-55,Male,Standard,App
UUS00944,2024-04-21,Boston,MA,26-35,Male,Elite,Website
UUS00945,2024-11-23,San Jose,CA,36-45,Male,Intro,App
UUS00946,2024-08-25,Austin,TX,46-55,Male,Standard,Website
UUS00947,2025-02-10,Philadelphia,PA,26-35,Male,Standard,App
UUS00948,2025-01-30,Chicago,IL,46-55,Male,Standard,Website
UUS00949,2025-02-23,New York,NY,46-55,Male,Intro,App
UUS00950,2024-06-09,Los Angeles,CA,26-35,Female,Elite,App
UUS00951,2024-12-31,Boston,MA,36-45,Male,Standard,App
UUS00952,2025-09-24,Phoenix,AZ,26-35,Male,Intro,App
UUS00953,2026-04-04,Seattle,WA,36-45,Male,Standard,Website
UUS00954,2025-06-13,Boston,MA,36-45,Male,Standard,App
UUS00955,2024-05-03,San Diego,CA,18-25,Male,Standard,App
UUS00956,2025-10-24,New York,NY,26-35,Male,Elite,App
UUS00957,2025-01-13,Philadelphia,PA,46-55,Female,Elite,App
UUS00958,2024-08-30,Boston,MA,26-35,Male,Intro,App
UUS00959,2024-04-17,San Diego,CA,36-45,Female,Standard,App
UUS00960,2024-02-14,Los Angeles,CA,26-35,Male,Intro,App
UUS00961,2025-12-03,Austin,TX,46-55,Female,Elite,App
UUS00962,2025-04-29,Chicago,IL,26-35,Female,Standard,App
UUS00963,2024-03-09,San Jose,CA,26-35,Male,Standard,App
UUS00964,2024-08-15,Philadelphia,PA,56+,Female,Standard,App
UUS00965,2024-07-09,New York,NY,36-45,Female,Standard,App
UUS00966,2024-11-29,Los Angeles,CA,36-45,Male,Intro,App
UUS00967,2025-02-14,Austin,TX,36-45,Male,Standard,App
UUS00968,2024-11-23,Seattle,WA,46-55,Male,Standard,App
UUS00969,2025-12-16,Los Angeles,CA,26-35,Male,Standard,App
UUS00970,2024-03-28,Phoenix,AZ,36-45,Female,Intro,Website
UUS00971,2026-03-22,Los Angeles,CA,18-25,Male,Standard,App
UUS00972,2025-10-05,Boston,MA,46-55,Male,Standard,App
UUS00973,2024-05-03,Phoenix,AZ,36-45,Male,Standard,Website
UUS00974,2024-04-06,Dallas,TX,36-45,Female,Standard,App
UUS00975,2025-08-20,Los Angeles,CA,26-35,Male,Elite,App
UUS00976,2024-07-28,New York,NY,36-45,Other,Standard,App
UUS00977,2025-04-06,Philadelphia,PA,26-35,Male,Standard,Website
UUS00978,2026-02-03,Dallas,TX,56+,Male,Intro,Website
UUS00979,2026-03-08,New York,NY,56+,Female,Elite,Website
UUS00980,2025-08-02,New York,NY,56+,Male,Standard,App
UUS00981,2025-11-09,Dallas,TX,26-35,Female,Intro,App
UUS00982,2025-10-17,Chicago,IL,26-35,Male,Standard,App
UUS00983,2025-06-13,New York,NY,36-45,Female,Standard,App
UUS00984,2024-10-09,San Diego,CA,26-35,Male,Standard,App
UUS00985,2025-07-14,Los Angeles,CA,26-35,Male,Standard,App
UUS00986,2026-01-01,Dallas,TX,36-45,Other,Standard,App
UUS00987,2024-07-02,Dallas,TX,26-35,Other,Standard,App
UUS00988,2024-06-10,Chicago,IL,46-55,Female,Intro,Website
UUS00989,2025-08-29,San Jose,CA,26-35,Male,Standard,App
UUS00990,2024-10-22,Dallas,TX,56+,Female,Standard,App
UUS00991,2024-08-24,Austin,TX,46-55,Female,Standard,Website
UUS00992,2025-03-11,Houston,TX,36-45,Male,Elite,App
UUS00993,2024-05-16,Chicago,IL,36-45,Male,Standard,App
UUS00994,2024-01-27,Austin,TX,46-55,Male,Standard,Website
UUS00995,2024-07-15,San Diego,CA,18-25,Female,Intro,App
UUS00996,2025-12-13,Seattle,WA,26-35,Male,Intro,App
UUS00997,2026-01-09,Dallas,TX,36-45,Female,Intro,App
UUS00998,2024-01-11,Houston,TX,46-55,Male,Intro,App
UUS00999,2025-09-03,Los Angeles,CA,36-45,Male,Elite,App
UUS01000,2025-10-27,Chicago,IL,46-55,Male,Standard,App
UUS01001,2025-07-09,San Diego,CA,46-55,Male,Elite,App
UUS01002,2025-01-03,San Jose,CA,36-45,Female,Standard,App
UUS01003,2024-09-12,Phoenix,AZ,36-45,Male,Elite,App
UUS01004,2024-08-29,Dallas,TX,36-45,Female,Standard,App
UUS01005,2025-09-15,Phoenix,AZ,46-55,Male,Standard,App
UUS01006,2025-04-29,Chicago,IL,56+,Female,Standard,App
UUS01007,2025-02-27,Los Angeles,CA,26-35,Female,Elite,App
UUS01008,2024-12-18,Phoenix,AZ,26-35,Male,Standard,Website
UUS01009,2026-03-19,Dallas,TX,56+,Male,Standard,App
UUS01010,2024-11-06,Phoenix,AZ,36-45,Female,Standard,App
UUS01011,2024-09-27,Seattle,WA,46-55,Female,Intro,Website
UUS01012,2024-06-21,Austin,TX,26-35,Male,Standard,App
UUS01013,2024-11-18,Chicago,IL,18-25,Female,Standard,App
UUS01014,2024-05-30,Dallas,TX,36-45,Male,Standard,App
UUS01015,2023-12-08,Dallas,TX,36-45,Female,Standard,Website
UUS01016,2024-08-26,Phoenix,AZ,36-45,Male,Standard,App
UUS01017,2025-11-26,Los Angeles,CA,56+,Female,Intro,App
UUS01018,2025-01-23,Philadelphia,PA,36-45,Female,Standard,App
UUS01019,2025-03-25,Dallas,TX,46-55,Female,Standard,App
UUS01020,2025-09-12,Los Angeles,CA,56+,Female,Intro,Website
UUS01021,2026-03-15,San Diego,CA,36-45,Male,Intro,App
UUS01022,2025-07-19,New York,NY,26-35,Male,Standard,App
UUS01023,2024-06-12,Phoenix,AZ,36-45,Male,Intro,App
UUS01024,2024-08-14,Philadelphia,PA,36-45,Female,Standard,App
UUS01025,2026-02-02,Dallas,TX,36-45,Male,Intro,App
UUS01026,2024-06-14,Dallas,TX,46-55,Female,Intro,App
UUS01027,2025-06-01,Seattle,WA,26-35,Other,Intro,App
UUS01028,2025-10-22,Seattle,WA,36-45,Male,Standard,App
UUS01029,2024-07-14,Dallas,TX,26-35,Female,Elite,App
UUS01030,2024-04-08,Chicago,IL,46-55,Male,Intro,App
UUS01031,2025-02-15,Houston,TX,26-35,Female,Elite,App
UUS01032,2024-03-16,Seattle,WA,18-25,Male,Elite,App
UUS01033,2024-07-10,Houston,TX,18-25,Female,Standard,App
UUS01034,2024-05-04,Philadelphia,PA,26-35,Female,Standard,App
UUS01035,2025-06-16,Houston,TX,36-45,Male,Standard,App
UUS01036,2024-07-22,Seattle,WA,46-55,Male,Intro,App
UUS01037,2025-07-05,San Diego,CA,36-45,Male,Elite,App
UUS01038,2024-07-28,New York,NY,56+,Male,Intro,App
UUS01039,2024-04-01,Dallas,TX,36-45,Female,Intro,Website
UUS01040,2025-06-27,Philadelphia,PA,18-25,Female,Standard,App
UUS01041,2026-03-04,Boston,MA,26-35,Male,Elite,Website
UUS01042,2024-07-31,New York,NY,26-35,Female,Intro,App
UUS01043,2024-03-17,Seattle,WA,18-25,Male,Intro,App
UUS01044,2025-06-25,San Diego,CA,18-25,Male,Standard,App
UUS01045,2026-03-14,Boston,MA,36-45,Female,Standard,App
UUS01046,2025-12-24,Philadelphia,PA,46-55,Male,Intro,Website
UUS01047,2025-12-10,Los Angeles,CA,26-35,Female,Intro,Website
UUS01048,2024-08-25,Dallas,TX,56+,Male,Standard,App
UUS01049,2026-02-17,New York,NY,26-35,Female,Standard,App
UUS01050,2024-06-16,Philadelphia,PA,36-45,Female,Elite,App
UUS01051,2025-10-12,Phoenix,AZ,36-45,Male,Intro,Website
UUS01052,2024-08-30,Los Angeles,CA,26-35,Male,Standard,App
UUS01053,2025-01-11,Los Angeles,CA,26-35,Male,Standard,Website
UUS01054,2025-05-04,Chicago,IL,26-35,Male,Standard,App
UUS01055,2025-11-20,Phoenix,AZ,26-35,Female,Standard,App
UUS01056,2025-12-21,Los Angeles,CA,26-35,Male,Standard,App
UUS01057,2025-03-02,Los Angeles,CA,26-35,Female,Standard,App
UUS01058,2026-03-31,Phoenix,AZ,26-35,Male,Elite,App
UUS01059,2025-03-03,Seattle,WA,26-35,Female,Intro,App
UUS01060,2024-06-03,Austin,TX,26-35,Male,Elite,App
UUS01061,2025-04-06,Philadelphia,PA,18-25,Male,Standard,App
UUS01062,2026-02-05,Seattle,WA,18-25,Female,Intro,App
UUS01063,2024-09-02,Dallas,TX,36-45,Male,Standard,App
UUS01064,2024-01-05,San Jose,CA,26-35,Male,Standard,App
UUS01065,2024-03-02,Dallas,TX,26-35,Female,Standard,App
UUS01066,2024-04-30,New York,NY,18-25,Female,Elite,App
UUS01067,2025-03-28,Los Angeles,CA,36-45,Female,Standard,App
UUS01068,2024-03-20,Boston,MA,46-55,Female,Elite,App
UUS01069,2026-02-09,Dallas,TX,26-35,Female,Standard,App
UUS01070,2024-01-28,Austin,TX,26-35,Male,Standard,App
UUS01071,2025-06-16,San Diego,CA,46-55,Female,Elite,App
UUS01072,2026-03-18,Philadelphia,PA,26-35,Female,Standard,Website
UUS01073,2024-07-14,San Diego,CA,26-35,Female,Standard,App
UUS01074,2025-12-16,Boston,MA,36-45,Female,Standard,App
UUS01075,2026-03-29,Chicago,IL,36-45,Female,Elite,App
UUS01076,2024-11-22,Chicago,IL,26-35,Male,Standard,Website
UUS01077,2025-05-29,Austin,TX,26-35,Female,Intro,App
UUS01078,2025-07-15,San Jose,CA,18-25,Female,Standard,App
UUS01079,2025-08-11,New York,NY,26-35,Male,Standard,App
UUS01080,2025-11-29,Dallas,TX,36-45,Male,Standard,App
UUS01081,2024-12-18,New York,NY,26-35,Male,Standard,App
UUS01082,2026-03-09,Houston,TX,18-25,Female,Standard,Website
UUS01083,2025-07-24,Philadelphia,PA,36-45,Male,Standard,App
UUS01084,2024-06-07,Los Angeles,CA,26-35,Female,Elite,App
UUS01085,2025-09-02,Philadelphia,PA,18-25,Female,Standard,App
UUS01086,2024-05-14,San Diego,CA,56+,Female,Standard,Website
UUS01087,2025-10-08,Austin,TX,46-55,Other,Standard,App
UUS01088,2025-01-01,Seattle,WA,36-45,Female,Standard,App
UUS01089,2025-01-13,Houston,TX,18-25,Female,Standard,App
UUS01090,2024-02-20,Phoenix,AZ,36-45,Female,Standard,App
UUS01091,2025-11-23,Chicago,IL,18-25,Male,Intro,App
UUS01092,2025-03-28,Chicago,IL,36-45,Female,Elite,App
UUS01093,2025-11-08,Seattle,WA,26-35,Female,Standard,App
UUS01094,2024-02-18,San Diego,CA,46-55,Female,Elite,App
UUS01095,2026-01-09,Phoenix,AZ,36-45,Female,Standard,Website
UUS01096,2024-05-02,Dallas,TX,46-55,Male,Intro,App
UUS01097,2025-05-06,Houston,TX,26-35,Female,Intro,Website
UUS01098,2025-11-17,Dallas,TX,46-55,Male,Standard,App
UUS01099,2025-06-01,Philadelphia,PA,36-45,Male,Standard,App
UUS01100,2025-06-02,Boston,MA,36-45,Male,Standard,App
UUS01101,2026-03-01,Los Angeles,CA,18-25,Female,Standard,App
UUS01102,2026-01-29,Boston,MA,26-35,Other,Intro,Website
UUS01103,2025-01-01,Philadelphia,PA,26-35,Female,Standard,Website
UUS01104,2026-02-19,San Diego,CA,18-25,Male,Elite,App
UUS01105,2024-12-14,Chicago,IL,26-35,Female,Elite,App
UUS01106,2024-04-14,Chicago,IL,26-35,Male,Standard,App
UUS01107,2024-12-24,Houston,TX,56+,Male,Standard,App
UUS01108,2025-08-06,Boston,MA,26-35,Female,Standard,App
UUS01109,2025-06-28,San Diego,CA,46-55,Male,Standard,App
UUS01110,2024-03-10,Los Angeles,CA,26-35,Male,Standard,App
UUS01111,2025-03-09,Boston,MA,18-25,Female,Standard,App
UUS01112,2026-04-01,Dallas,TX,26-35,Male,Intro,App
UUS01113,2024-07-04,Dallas,TX,26-35,Female,Standard,App
UUS01114,2024-11-05,Dallas,TX,46-55,Male,Elite,App
UUS01115,2024-01-27,Boston,MA,26-35,Female,Intro,Website
UUS01116,2024-04-23,Dallas,TX,26-35,Female,Standard,App
UUS01117,2025-02-14,Houston,TX,36-45,Female,Standard,App
UUS01118,2025-05-16,Austin,TX,56+,Male,Standard,App
UUS01119,2024-05-13,Philadelphia,PA,46-55,Other,Intro,Website
UUS01120,2024-11-12,Seattle,WA,36-45,Female,Standard,App
UUS01121,2025-07-19,Boston,MA,26-35,Other,Standard,Website
UUS01122,2024-12-26,San Diego,CA,36-45,Male,Standard,App
UUS01123,2024-02-12,Boston,MA,36-45,Male,Standard,Website
UUS01124,2025-09-05,Dallas,TX,26-35,Male,Standard,Website
UUS01125,2024-11-10,San Diego,CA,26-35,Female,Standard,App
UUS01126,2025-10-18,New York,NY,36-45,Female,Elite,App
UUS01127,2025-09-30,San Diego,CA,26-35,Female,Standard,Website
UUS01128,2024-09-08,Dallas,TX,36-45,Female,Standard,Website
UUS01129,2025-06-16,Phoenix,AZ,36-45,Male,Standard,App
UUS01130,2026-02-19,San Diego,CA,26-35,Male,Elite,App
UUS01131,2025-12-25,Phoenix,AZ,26-35,Female,Elite,App
UUS01132,2025-04-07,San Diego,CA,46-55,Female,Standard,App
UUS01133,2025-04-13,Los Angeles,CA,18-25,Female,Elite,App
UUS01134,2024-12-30,Dallas,TX,36-45,Female,Standard,App
UUS01135,2025-04-05,Los Angeles,CA,26-35,Female,Standard,App
UUS01136,2025-06-29,Chicago,IL,36-45,Male,Intro,App
UUS01137,2024-11-09,Chicago,IL,26-35,Male,Standard,App
UUS01138,2026-02-26,Austin,TX,46-55,Male,Standard,App
UUS01139,2025-02-18,San Diego,CA,26-35,Male,Standard,Website
UUS01140,2025-08-25,Dallas,TX,26-35,Male,Elite,App
UUS01141,2024-06-06,Seattle,WA,46-55,Male,Standard,App
UUS01142,2024-03-10,San Jose,CA,36-45,Other,Standard,Website
UUS01143,2025-10-13,Los Angeles,CA,18-25,Female,Standard,App
UUS01144,2024-08-28,Boston,MA,18-25,Male,Elite,Website
UUS01145,2024-01-25,Phoenix,AZ,56+,Female,Intro,App
UUS01146,2024-04-22,Houston,TX,26-35,Male,Intro,App
UUS01147,2024-01-12,Phoenix,AZ,18-25,Female,Standard,App
UUS01148,2024-09-29,Houston,TX,18-25,Female,Elite,App
UUS01149,2024-06-08,Austin,TX,36-45,Other,Standard,App
UUS01150,2026-03-29,New York,NY,36-45,Female,Intro,App
UUS01151,2025-03-11,Phoenix,AZ,26-35,Male,Elite,App
UUS01152,2024-05-23,San Diego,CA,36-45,Female,Elite,App
UUS01153,2024-07-11,Los Angeles,CA,18-25,Male,Standard,App
UUS01154,2025-03-06,Chicago,IL,26-35,Female,Standard,App
UUS01155,2025-08-21,Houston,TX,26-35,Male,Standard,App
UUS01156,2024-05-14,Phoenix,AZ,46-55,Male,Standard,App
UUS01157,2025-07-16,San Diego,CA,36-45,Female,Standard,App
UUS01158,2025-05-26,San Jose,CA,46-55,Male,Intro,App
UUS01159,2024-01-14,Phoenix,AZ,36-45,Female,Standard,App
UUS01160,2025-02-10,Houston,TX,46-55,Male,Standard,App
UUS01161,2026-02-16,Los Angeles,CA,26-35,Female,Standard,App
UUS01162,2025-10-03,Boston,MA,26-35,Male,Standard,App
UUS01163,2025-07-06,Dallas,TX,36-45,Female,Standard,App
UUS01164,2024-02-02,Dallas,TX,46-55,Male,Standard,App
UUS01165,2025-07-28,Phoenix,AZ,36-45,Male,Standard,Website
UUS01166,2026-01-14,San Diego,CA,26-35,Female,Intro,App
UUS01167,2024-07-14,New York,NY,36-45,Female,Standard,Website
UUS01168,2025-07-02,San Diego,CA,18-25,Female,Standard,App
UUS01169,2025-03-21,New York,NY,26-35,Female,Standard,App
UUS01170,2025-04-21,San Diego,CA,46-55,Female,Standard,App
UUS01171,2024-04-16,Chicago,IL,26-35,Female,Standard,App
UUS01172,2026-03-11,Los Angeles,CA,36-45,Male,Standard,App
UUS01173,2025-10-23,New York,NY,36-45,Male,Standard,App
UUS01174,2025-10-30,San Diego,CA,36-45,Male,Standard,App
UUS01175,2024-04-22,Chicago,IL,18-25,Female,Elite,App
UUS01176,2026-03-20,Philadelphia,PA,36-45,Male,Intro,Website
UUS01177,2024-08-16,Seattle,WA,56+,Female,Standard,App
UUS01178,2026-01-16,Austin,TX,26-35,Female,Elite,App
UUS01179,2025-09-04,San Diego,CA,18-25,Other,Elite,Website
UUS01180,2025-03-25,Dallas,TX,18-25,Female,Standard,App
UUS01181,2025-02-14,Austin,TX,26-35,Male,Elite,App
UUS01182,2025-11-04,Chicago,IL,26-35,Male,Intro,App
UUS01183,2025-08-28,Seattle,WA,46-55,Male,Standard,Website
UUS01184,2025-03-20,San Jose,CA,26-35,Female,Elite,App
UUS01185,2024-06-10,New York,NY,36-45,Female,Standard,App
UUS01186,2026-04-14,San Jose,CA,36-45,Male,Standard,App
UUS01187,2024-04-29,Chicago,IL,18-25,Female,Intro,App
UUS01188,2026-01-25,Seattle,WA,26-35,Female,Standard,App
UUS01189,2024-03-23,San Diego,CA,26-35,Female,Standard,App
UUS01190,2025-06-12,Houston,TX,36-45,Male,Elite,App
UUS01191,2024-08-20,Los Angeles,CA,36-45,Male,Standard,App
UUS01192,2026-01-09,Los Angeles,CA,36-45,Female,Elite,App
UUS01193,2026-03-12,San Jose,CA,56+,Male,Standard,App
UUS01194,2024-04-23,San Diego,CA,18-25,Female,Standard,Website
UUS01195,2026-01-01,Dallas,TX,26-35,Female,Standard,Website
UUS01196,2025-05-12,Chicago,IL,36-45,Female,Standard,Website
UUS01197,2025-09-27,Philadelphia,PA,36-45,Female,Standard,App
UUS01198,2025-04-09,Phoenix,AZ,26-35,Male,Elite,App
UUS01199,2025-01-05,New York,NY,46-55,Male,Standard,App
UUS01200,2025-11-25,Austin,TX,26-35,Female,Standard,App
UUS01201,2025-12-12,Philadelphia,PA,26-35,Female,Intro,App
UUS01202,2025-06-15,Dallas,TX,26-35,Female,Standard,App
UUS01203,2026-03-05,Austin,TX,18-25,Male,Standard,App
UUS01204,2025-06-17,Chicago,IL,36-45,Female,Standard,Website
UUS01205,2025-12-12,Philadelphia,PA,56+,Male,Standard,App
UUS01206,2025-09-15,Dallas,TX,26-35,Male,Standard,App
UUS01207,2025-01-07,Dallas,TX,26-35,Other,Standard,Website
UUS01208,2024-10-19,San Diego,CA,36-45,Female,Elite,App
UUS01209,2025-08-17,Dallas,TX,26-35,Female,Intro,App
UUS01210,2024-03-18,San Jose,CA,26-35,Other,Standard,App
UUS01211,2025-05-03,Austin,TX,26-35,Male,Standard,App
UUS01212,2025-07-07,Dallas,TX,56+,Female,Intro,App
UUS01213,2024-05-10,Austin,TX,26-35,Male,Intro,App
UUS01214,2024-11-17,New York,NY,26-35,Female,Standard,App
UUS01215,2024-10-30,New York,NY,26-35,Male,Elite,App
UUS01216,2026-01-04,San Diego,CA,36-45,Male,Intro,Website
UUS01217,2024-04-26,San Diego,CA,36-45,Female,Intro,App
UUS01218,2025-03-24,San Diego,CA,56+,Female,Standard,App
UUS01219,2025-03-11,Seattle,WA,18-25,Female,Intro,App
UUS01220,2024-03-05,New York,NY,26-35,Female,Intro,App
UUS01221,2026-01-23,Boston,MA,26-35,Male,Elite,App
UUS01222,2025-03-28,Houston,TX,36-45,Female,Standard,App
UUS01223,2024-03-26,San Diego,CA,18-25,Female,Standard,Website
UUS01224,2024-03-09,Houston,TX,26-35,Male,Elite,App
UUS01225,2025-02-14,Houston,TX,56+,Female,Standard,App
UUS01226,2025-03-11,Phoenix,AZ,36-45,Female,Elite,App
UUS01227,2025-05-02,San Diego,CA,46-55,Female,Standard,App
UUS01228,2024-12-12,Dallas,TX,18-25,Female,Standard,App
UUS01229,2024-06-27,Philadelphia,PA,26-35,Female,Standard,App
UUS01230,2025-10-29,San Jose,CA,26-35,Other,Standard,App
UUS01231,2024-03-02,Austin,TX,36-45,Male,Intro,Website
UUS01232,2025-12-14,Philadelphia,PA,46-55,Female,Intro,Website
UUS01233,2025-11-22,Los Angeles,CA,18-25,Female,Standard,Website
UUS01234,2025-05-20,San Jose,CA,36-45,Male,Elite,App
UUS01235,2024-05-22,Phoenix,AZ,56+,Male,Intro,App
UUS01236,2024-09-01,Phoenix,AZ,56+,Female,Elite,Website
UUS01237,2026-01-17,San Jose,CA,18-25,Male,Elite,App
UUS01238,2024-07-31,Austin,TX,46-55,Female,Elite,App
UUS01239,2025-09-24,Chicago,IL,36-45,Female,Standard,Website
UUS01240,2026-02-12,San Jose,CA,46-55,Male,Elite,App
UUS01241,2025-09-02,Houston,TX,46-55,Male,Elite,App
UUS01242,2024-06-06,San Diego,CA,46-55,Female,Standard,App
UUS01243,2026-03-26,Los Angeles,CA,46-55,Female,Standard,App
UUS01244,2025-09-10,Boston,MA,36-45,Male,Elite,Website
UUS01245,2024-11-16,Seattle,WA,36-45,Female,Intro,App
UUS01246,2026-01-08,Seattle,WA,26-35,Female,Standard,App
UUS01247,2024-07-05,Austin,TX,36-45,Female,Intro,App
UUS01248,2025-05-10,San Jose,CA,26-35,Female,Standard,App
UUS01249,2025-07-27,Austin,TX,36-45,Male,Intro,App
UUS01250,2024-03-18,Los Angeles,CA,26-35,Female,Standard,App
UUS01251,2025-05-08,Philadelphia,PA,18-25,Male,Elite,App
UUS01252,2025-02-05,Dallas,TX,18-25,Other,Standard,App
UUS01253,2024-05-18,Los Angeles,CA,36-45,Female,Elite,App
UUS01254,2025-10-06,Chicago,IL,36-45,Male,Intro,App
UUS01255,2026-01-28,San Jose,CA,18-25,Male,Standard,App
UUS01256,2024-08-07,New York,NY,46-55,Other,Elite,App
UUS01257,2025-02-02,Austin,TX,18-25,Female,Standard,App
UUS01258,2024-12-06,Austin,TX,46-55,Male,Standard,App
UUS01259,2026-02-13,San Diego,CA,46-55,Female,Standard,App
UUS01260,2025-02-04,San Jose,CA,46-55,Female,Elite,App
UUS01261,2025-10-27,Seattle,WA,18-25,Male,Elite,App
UUS01262,2025-12-17,Houston,TX,36-45,Male,Intro,App
UUS01263,2024-10-10,Seattle,WA,26-35,Male,Elite,App
UUS01264,2025-10-09,Dallas,TX,26-35,Male,Elite,App
UUS01265,2024-06-27,Seattle,WA,36-45,Male,Standard,App
UUS01266,2024-09-04,Seattle,WA,46-55,Male,Elite,Website
UUS01267,2025-03-19,Los Angeles,CA,56+,Male,Elite,App
UUS01268,2024-06-26,Austin,TX,56+,Female,Standard,App
UUS01269,2024-03-25,Los Angeles,CA,26-35,Male,Intro,App
UUS01270,2024-04-10,San Diego,CA,36-45,Female,Elite,Website
UUS01271,2025-10-28,Boston,MA,26-35,Female,Standard,Website
UUS01272,2025-04-17,Austin,TX,26-35,Female,Elite,App
UUS01273,2025-02-27,San Diego,CA,56+,Female,Intro,App
UUS01274,2024-08-09,San Jose,CA,36-45,Male,Standard,App
UUS01275,2025-05-01,Phoenix,AZ,36-45,Male,Elite,App
UUS01276,2024-06-22,Los Angeles,CA,56+,Male,Standard,App
UUS01277,2025-09-18,Boston,MA,26-35,Male,Standard,Website
UUS01278,2024-04-23,Phoenix,AZ,56+,Female,Standard,App
UUS01279,2026-01-07,Dallas,TX,46-55,Other,Intro,App
UUS01280,2024-09-22,Seattle,WA,56+,Female,Intro,App
UUS01281,2024-07-26,Seattle,WA,36-45,Female,Intro,App
UUS01282,2024-06-05,New York,NY,18-25,Male,Standard,Website
UUS01283,2024-08-23,San Jose,CA,18-25,Female,Standard,App
UUS01284,2024-03-16,Austin,TX,36-45,Female,Elite,App
UUS01285,2025-12-05,Houston,TX,56+,Female,Intro,App
UUS01286,2026-02-20,Chicago,IL,26-35,Male,Intro,App
UUS01287,2024-12-05,Los Angeles,CA,18-25,Male,Intro,App
UUS01288,2024-06-17,San Diego,CA,56+,Female,Standard,Website
UUS01289,2024-08-15,San Jose,CA,46-55,Male,Standard,App
UUS01290,2024-09-16,Dallas,TX,36-45,Female,Standard,App
UUS01291,2026-01-21,Phoenix,AZ,36-45,Male,Standard,App
UUS01292,2024-09-17,New York,NY,26-35,Female,Standard,Website
UUS01293,2024-09-01,Houston,TX,56+,Male,Elite,App
UUS01294,2026-03-03,Houston,TX,46-55,Female,Standard,App
UUS01295,2025-07-01,San Jose,CA,46-55,Female,Elite,Website
UUS01296,2024-09-05,Phoenix,AZ,36-45,Female,Standard,Website
UUS01297,2025-01-08,Dallas,TX,46-55,Female,Standard,App
UUS01298,2025-08-24,San Diego,CA,18-25,Female,Standard,App
UUS01299,2026-03-04,Philadelphia,PA,26-35,Male,Intro,App
UUS01300,2024-10-09,San Diego,CA,18-25,Female,Intro,App
UUS01301,2025-02-28,Chicago,IL,26-35,Male,Elite,App
UUS01302,2026-01-30,Austin,TX,36-45,Female,Standard,Website
UUS01303,2024-03-11,Phoenix,AZ,26-35,Male,Intro,App
UUS01304,2024-08-13,Dallas,TX,26-35,Female,Elite,App
UUS01305,2026-01-24,Phoenix,AZ,26-35,Male,Intro,App
UUS01306,2024-09-21,Los Angeles,CA,26-35,Male,Standard,App
UUS01307,2026-02-02,Austin,TX,26-35,Female,Standard,Website
UUS01308,2025-04-22,San Diego,CA,26-35,Female,Intro,App
UUS01309,2025-04-22,Boston,MA,26-35,Female,Standard,Website
UUS01310,2026-01-31,Seattle,WA,26-35,Female,Elite,App
UUS01311,2024-11-22,Philadelphia,PA,26-35,Male,Intro,App
UUS01312,2025-01-14,Dallas,TX,26-35,Female,Elite,App
UUS01313,2025-02-14,Chicago,IL,18-25,Male,Elite,App
UUS01314,2025-08-07,Phoenix,AZ,26-35,Male,Standard,Website
UUS01315,2024-07-03,San Jose,CA,56+,Female,Standard,App
UUS01316,2025-01-02,Chicago,IL,26-35,Female,Standard,App
UUS01317,2024-10-09,New York,NY,46-55,Male,Intro,Website
UUS01318,2026-02-22,Los Angeles,CA,26-35,Female,Intro,App
UUS01319,2024-06-15,Austin,TX,46-55,Male,Elite,App
UUS01320,2024-09-09,Philadelphia,PA,46-55,Female,Standard,App
UUS01321,2024-06-18,Chicago,IL,36-45,Male,Standard,App
UUS01322,2025-09-30,Seattle,WA,46-55,Male,Intro,App
UUS01323,2025-04-04,San Jose,CA,26-35,Male,Standard,App
UUS01324,2024-06-19,Chicago,IL,56+,Male,Standard,App
UUS01325,2025-08-31,New York,NY,56+,Male,Intro,App
UUS01326,2024-03-06,Los Angeles,CA,26-35,Male,Standard,App
UUS01327,2024-05-04,Dallas,TX,26-35,Male,Standard,Website
UUS01328,2025-09-07,Los Angeles,CA,46-55,Female,Standard,App
UUS01329,2026-01-23,Austin,TX,26-35,Female,Elite,App
UUS01330,2025-05-20,New York,NY,36-45,Male,Elite,App
UUS01331,2025-09-04,Dallas,TX,26-35,Female,Standard,App
UUS01332,2024-04-24,San Diego,CA,36-45,Female,Standard,App
UUS01333,2025-06-03,Dallas,TX,56+,Male,Standard,App
UUS01334,2026-02-02,Houston,TX,46-55,Male,Standard,App
UUS01335,2024-04-10,Seattle,WA,36-45,Male,Intro,App
UUS01336,2025-01-08,Los Angeles,CA,26-35,Other,Intro,App
UUS01337,2024-03-13,Houston,TX,26-35,Male,Standard,Website
UUS01338,2024-05-17,San Diego,CA,26-35,Female,Standard,App
UUS01339,2024-11-13,San Diego,CA,56+,Female,Elite,App
UUS01340,2024-02-02,Dallas,TX,18-25,Male,Standard,App
UUS01341,2024-10-29,Chicago,IL,56+,Male,Intro,App
UUS01342,2026-01-13,Phoenix,AZ,26-35,Male,Standard,App
UUS01343,2025-03-25,Los Angeles,CA,56+,Male,Standard,App
UUS01344,2026-01-10,San Jose,CA,46-55,Female,Standard,Website
UUS01345,2025-11-09,Phoenix,AZ,36-45,Female,Elite,App
UUS01346,2024-05-19,Austin,TX,26-35,Male,Intro,Website
UUS01347,2024-06-16,Los Angeles,CA,36-45,Female,Standard,App
UUS01348,2025-03-26,Seattle,WA,18-25,Male,Standard,Website
UUS01349,2025-09-21,Houston,TX,26-35,Female,Intro,Website
UUS01350,2024-12-02,Boston,MA,56+,Male,Standard,App
UUS01351,2026-04-12,Chicago,IL,18-25,Female,Elite,App
UUS01352,2025-04-03,Houston,TX,36-45,Male,Standard,App
UUS01353,2026-02-06,Houston,TX,36-45,Female,Standard,Website
UUS01354,2025-06-03,San Diego,CA,26-35,Male,Intro,Website
UUS01355,2024-04-21,Boston,MA,46-55,Male,Elite,Website
UUS01356,2025-01-24,Los Angeles,CA,56+,Female,Elite,Website
UUS01357,2025-07-08,New York,NY,26-35,Male,Standard,App
UUS01358,2025-11-18,Austin,TX,26-35,Female,Intro,App
UUS01359,2025-10-28,Austin,TX,18-25,Female,Standard,App
UUS01360,2025-08-05,Houston,TX,46-55,Female,Standard,App
UUS01361,2024-04-14,Seattle,WA,36-45,Female,Standard,App
UUS01362,2024-11-08,San Diego,CA,18-25,Female,Intro,App
UUS01363,2025-01-10,Austin,TX,36-45,Male,Standard,App
UUS01364,2025-02-23,Philadelphia,PA,18-25,Female,Standard,App
UUS01365,2024-07-08,Phoenix,AZ,18-25,Female,Elite,Website
UUS01366,2024-09-29,Houston,TX,46-55,Female,Intro,Website
UUS01367,2024-08-21,Chicago,IL,26-35,Female,Standard,App
UUS01368,2024-12-25,San Jose,CA,36-45,Female,Elite,Website
UUS01369,2024-01-15,Philadelphia,PA,36-45,Male,Elite,Website
UUS01370,2026-03-15,Los Angeles,CA,46-55,Other,Standard,App
UUS01371,2026-01-31,Los Angeles,CA,18-25,Male,Elite,Website
UUS01372,2024-12-20,Houston,TX,36-45,Male,Intro,Website
UUS01373,2025-03-27,Austin,TX,36-45,Male,Standard,App
UUS01374,2025-09-03,San Jose,CA,26-35,Male,Intro,App
UUS01375,2026-03-28,New York,NY,36-45,Male,Standard,App
UUS01376,2025-03-04,Los Angeles,CA,26-35,Male,Standard,App
UUS01377,2025-03-06,Seattle,WA,18-25,Male,Standard,App
UUS01378,2025-06-04,Chicago,IL,26-35,Male,Standard,App
UUS01379,2024-03-19,Seattle,WA,36-45,Male,Standard,App
UUS01380,2024-03-19,Boston,MA,18-25,Male,Standard,App
UUS01381,2024-03-16,New York,NY,18-25,Male,Standard,App
UUS01382,2025-08-14,San Diego,CA,18-25,Male,Elite,Website
UUS01383,2025-04-18,Phoenix,AZ,18-25,Female,Standard,Website
UUS01384,2025-05-14,San Diego,CA,26-35,Female,Intro,App
UUS01385,2024-01-08,Austin,TX,26-35,Male,Elite,App
UUS01386,2024-02-18,San Diego,CA,26-35,Male,Intro,App
UUS01387,2024-06-27,San Diego,CA,18-25,Female,Intro,App
UUS01388,2025-07-02,Dallas,TX,46-55,Other,Intro,Website
UUS01389,2024-02-03,Houston,TX,18-25,Female,Standard,App
UUS01390,2025-09-26,Philadelphia,PA,46-55,Male,Standard,App
UUS01391,2024-06-29,Los Angeles,CA,36-45,Female,Standard,App
UUS01392,2024-09-11,Houston,TX,18-25,Female,Standard,App
UUS01393,2025-12-23,Houston,TX,26-35,Female,Standard,App
UUS01394,2023-12-30,Dallas,TX,26-35,Female,Standard,Website
UUS01395,2024-04-10,San Jose,CA,56+,Female,Elite,App
UUS01396,2025-04-07,Seattle,WA,18-25,Female,Elite,Website
UUS01397,2025-06-22,Dallas,TX,36-45,Male,Standard,Website
UUS01398,2025-05-29,Austin,TX,26-35,Female,Elite,App
UUS01399,2025-10-27,Phoenix,AZ,56+,Female,Intro,App
UUS01400,2025-12-05,Houston,TX,26-35,Female,Standard,Website
UUS01401,2025-08-07,Seattle,WA,46-55,Female,Standard,App
UUS01402,2025-12-30,Chicago,IL,18-25,Male,Elite,App
UUS01403,2024-05-31,Phoenix,AZ,46-55,Female,Standard,App
UUS01404,2025-08-16,Los Angeles,CA,36-45,Female,Elite,App
UUS01405,2024-06-03,Philadelphia,PA,18-25,Male,Intro,App
UUS01406,2025-12-26,New York,NY,56+,Male,Intro,App
UUS01407,2025-01-11,Phoenix,AZ,26-35,Male,Elite,Website
UUS01408,2025-09-17,San Diego,CA,26-35,Female,Standard,App
UUS01409,2025-05-31,Chicago,IL,26-35,Male,Standard,App
UUS01410,2024-01-23,Philadelphia,PA,26-35,Male,Standard,Website
UUS01411,2024-12-05,Los Angeles,CA,26-35,Female,Standard,App
UUS01412,2025-07-09,New York,NY,36-45,Female,Intro,App
UUS01413,2024-03-14,Austin,TX,26-35,Female,Elite,App
UUS01414,2024-05-25,San Diego,CA,46-55,Female,Standard,Website
UUS01415,2025-06-12,Los Angeles,CA,18-25,Female,Standard,App
UUS01416,2025-04-18,Philadelphia,PA,18-25,Male,Standard,App
UUS01417,2025-03-11,Chicago,IL,56+,Female,Intro,Website
UUS01418,2025-01-04,Los Angeles,CA,56+,Female,Intro,App
UUS01419,2025-08-20,Los Angeles,CA,36-45,Female,Standard,App
UUS01420,2025-09-24,New York,NY,56+,Female,Elite,App
UUS01421,2024-11-20,Los Angeles,CA,56+,Male,Standard,App
UUS01422,2025-10-03,Philadelphia,PA,56+,Male,Standard,Website
UUS01423,2025-09-26,New York,NY,46-55,Male,Standard,App
UUS01424,2025-08-21,Philadelphia,PA,26-35,Female,Standard,Website
UUS01425,2024-12-08,Austin,TX,26-35,Female,Intro,App
UUS01426,2026-01-11,Seattle,WA,36-45,Male,Standard,App
UUS01427,2025-08-16,Austin,TX,18-25,Female,Intro,Website
UUS01428,2024-11-28,San Diego,CA,26-35,Female,Standard,App
UUS01429,2025-09-29,Philadelphia,PA,56+,Male,Intro,Website
UUS01430,2025-05-18,San Diego,CA,36-45,Female,Elite,App
UUS01431,2026-02-04,Phoenix,AZ,46-55,Female,Intro,Website
UUS01432,2025-01-23,Houston,TX,46-55,Female,Standard,App
UUS01433,2025-10-25,New York,NY,36-45,Male,Elite,Website
UUS01434,2026-04-05,Seattle,WA,36-45,Male,Standard,App
UUS01435,2025-01-24,Philadelphia,PA,56+,Female,Standard,App
UUS01436,2024-09-11,Seattle,WA,18-25,Male,Intro,Website
UUS01437,2025-06-23,Chicago,IL,26-35,Female,Standard,App
UUS01438,2024-11-02,Houston,TX,46-55,Male,Standard,Website
UUS01439,2024-11-20,Seattle,WA,46-55,Male,Standard,App
UUS01440,2025-11-20,New York,NY,36-45,Female,Elite,Website
UUS01441,2026-03-04,New York,NY,26-35,Female,Intro,App
UUS01442,2025-07-17,Boston,MA,36-45,Male,Intro,App
UUS01443,2024-08-12,New York,NY,46-55,Other,Standard,App
UUS01444,2026-04-11,Houston,TX,26-35,Female,Standard,Website
UUS01445,2025-10-25,Los Angeles,CA,46-55,Male,Standard,App
UUS01446,2026-02-21,Chicago,IL,26-35,Male,Standard,App
UUS01447,2024-02-04,Houston,TX,46-55,Female,Standard,Website
UUS01448,2025-08-05,Los Angeles,CA,36-45,Female,Standard,Website
UUS01449,2025-06-23,Austin,TX,26-35,Female,Elite,App
UUS01450,2024-03-23,Philadelphia,PA,18-25,Female,Standard,Website
UUS01451,2025-02-26,Chicago,IL,36-45,Other,Standard,App
UUS01452,2025-10-26,Houston,TX,26-35,Male,Intro,Website
UUS01453,2024-07-22,Dallas,TX,26-35,Female,Elite,App
UUS01454,2025-09-17,Chicago,IL,36-45,Male,Intro,App
UUS01455,2025-04-09,Los Angeles,CA,36-45,Male,Standard,Website
UUS01456,2025-12-12,San Diego,CA,36-45,Male,Standard,App
UUS01457,2026-02-28,Houston,TX,46-55,Female,Elite,App
UUS01458,2025-09-24,Boston,MA,46-55,Female,Standard,App
UUS01459,2025-03-15,Seattle,WA,26-35,Male,Elite,App
UUS01460,2025-10-19,Houston,TX,26-35,Other,Standard,App
UUS01461,2024-12-01,Phoenix,AZ,26-35,Female,Standard,Website
UUS01462,2024-07-09,Dallas,TX,36-45,Male,Standard,App
UUS01463,2025-10-04,New York,NY,26-35,Male,Intro,Website
UUS01464,2024-08-10,Phoenix,AZ,36-45,Male,Standard,App
UUS01465,2024-08-14,Dallas,TX,46-55,Male,Elite,App
UUS01466,2025-09-22,Chicago,IL,46-55,Male,Intro,App
UUS01467,2024-12-10,Houston,TX,36-45,Female,Standard,Website
UUS01468,2025-02-17,Seattle,WA,36-45,Other,Standard,App
UUS01469,2025-01-05,Los Angeles,CA,46-55,Male,Standard,App
UUS01470,2024-03-04,Houston,TX,46-55,Female,Standard,App
UUS01471,2025-09-27,Philadelphia,PA,26-35,Female,Elite,Website
UUS01472,2024-03-14,Boston,MA,26-35,Male,Standard,App
UUS01473,2026-01-04,Dallas,TX,26-35,Female,Standard,App
UUS01474,2024-03-12,New York,NY,36-45,Female,Standard,App
UUS01475,2025-07-27,Phoenix,AZ,26-35,Male,Intro,App
UUS01476,2024-02-02,New York,NY,26-35,Female,Standard,App
UUS01477,2025-06-26,Chicago,IL,46-55,Male,Standard,App
UUS01478,2024-10-23,San Diego,CA,26-35,Male,Standard,App
UUS01479,2024-05-07,Austin,TX,26-35,Female,Intro,Website
UUS01480,2025-08-14,Houston,TX,26-35,Female,Intro,App
UUS01481,2024-03-02,New York,NY,18-25,Female,Standard,Website
UUS01482,2024-01-26,Dallas,TX,46-55,Male,Elite,Website
UUS01483,2024-06-14,Boston,MA,26-35,Male,Standard,App
UUS01484,2024-12-24,Chicago,IL,46-55,Male,Elite,App
UUS01485,2025-09-07,Boston,MA,46-55,Male,Elite,App
UUS01486,2025-05-19,Houston,TX,36-45,Male,Intro,App
UUS01487,2024-05-08,Chicago,IL,36-45,Female,Standard,App
UUS01488,2025-11-16,Chicago,IL,26-35,Female,Intro,App
UUS01489,2025-10-31,Austin,TX,26-35,Female,Standard,App
UUS01490,2024-05-01,Houston,TX,36-45,Female,Intro,Website
UUS01491,2024-06-21,Austin,TX,18-25,Male,Standard,Website
UUS01492,2025-09-03,Boston,MA,36-45,Male,Standard,App
UUS01493,2026-02-01,San Diego,CA,36-45,Female,Intro,App
UUS01494,2024-10-07,Phoenix,AZ,26-35,Male,Elite,App
UUS01495,2024-03-13,Boston,MA,26-35,Female,Standard,App
UUS01496,2025-10-23,San Jose,CA,18-25,Female,Standard,App
UUS01497,2023-12-26,Seattle,WA,18-25,Female,Standard,App
UUS01498,2025-04-12,Chicago,IL,36-45,Male,Intro,App
UUS01499,2025-07-20,Boston,MA,26-35,Female,Elite,App
UUS01500,2024-09-06,San Jose,CA,56+,Female,Standard,App
UUS01501,2024-11-30,San Diego,CA,36-45,Female,Intro,App
UUS01502,2024-08-30,Chicago,IL,36-45,Female,Intro,App
UUS01503,2026-01-16,Dallas,TX,26-35,Female,Standard,App
UUS01504,2025-09-29,Houston,TX,26-35,Female,Intro,App
UUS01505,2024-11-28,Austin,TX,26-35,Female,Standard,Website
UUS01506,2025-12-03,Boston,MA,56+,Male,Standard,Website
UUS01507,2024-10-12,San Jose,CA,26-35,Male,Standard,App
UUS01508,2025-04-28,San Jose,CA,56+,Female,Elite,App
UUS01509,2025-01-18,Boston,MA,36-45,Female,Standard,App
UUS01510,2026-02-05,Seattle,WA,26-35,Female,Standard,App
UUS01511,2025-10-05,Austin,TX,56+,Male,Standard,App
UUS01512,2025-12-07,Houston,TX,18-25,Male,Intro,App
UUS01513,2025-01-08,Phoenix,AZ,36-45,Female,Standard,App
UUS01514,2025-06-13,New York,NY,26-35,Female,Intro,App
UUS01515,2025-07-13,Dallas,TX,18-25,Female,Standard,Website
UUS01516,2026-01-13,Dallas,TX,18-25,Female,Intro,App
UUS01517,2024-09-03,Dallas,TX,18-25,Female,Standard,App
UUS01518,2024-03-26,New York,NY,26-35,Female,Elite,App
UUS01519,2024-02-27,San Diego,CA,26-35,Male,Intro,App
UUS01520,2025-11-10,Austin,TX,36-45,Female,Standard,App
UUS01521,2024-10-27,Chicago,IL,26-35,Male,Standard,App
UUS01522,2024-04-23,Austin,TX,46-55,Female,Standard,Website
UUS01523,2025-05-09,Houston,TX,46-55,Female,Standard,App
UUS01524,2025-10-09,Austin,TX,46-55,Male,Intro,App
UUS01525,2025-06-02,Phoenix,AZ,26-35,Male,Standard,Website
UUS01526,2025-09-19,Boston,MA,36-45,Male,Standard,App
UUS01527,2025-07-02,San Jose,CA,46-55,Other,Intro,App
UUS01528,2024-03-18,San Jose,CA,18-25,Female,Standard,App
UUS01529,2024-09-16,San Jose,CA,46-55,Female,Standard,App
UUS01530,2026-02-13,Houston,TX,46-55,Female,Standard,App
UUS01531,2024-12-07,Dallas,TX,18-25,Female,Standard,App
UUS01532,2024-05-16,Dallas,TX,18-25,Male,Elite,Website
UUS01533,2025-02-08,San Jose,CA,18-25,Female,Elite,App
UUS01534,2026-03-13,Austin,TX,26-35,Male,Intro,App
UUS01535,2024-07-21,Chicago,IL,46-55,Female,Standard,App
UUS01536,2025-01-03,Boston,MA,36-45,Male,Elite,App
UUS01537,2026-02-04,Seattle,WA,46-55,Male,Standard,Website
UUS01538,2026-01-28,Seattle,WA,36-45,Female,Intro,Website
UUS01539,2025-04-05,Austin,TX,36-45,Male,Standard,App
UUS01540,2024-09-26,Phoenix,AZ,36-45,Female,Intro,App
UUS01541,2025-04-12,San Diego,CA,56+,Male,Elite,App
UUS01542,2025-11-30,Seattle,WA,36-45,Female,Intro,App
UUS01543,2025-10-23,Austin,TX,36-45,Female,Intro,App
UUS01544,2026-03-03,San Diego,CA,18-25,Female,Standard,App
UUS01545,2025-08-19,San Jose,CA,18-25,Female,Standard,App
UUS01546,2026-03-14,San Diego,CA,26-35,Male,Elite,App
UUS01547,2026-02-27,Seattle,WA,26-35,Other,Standard,App
UUS01548,2024-02-28,San Jose,CA,56+,Female,Intro,App
UUS01549,2024-10-10,San Diego,CA,36-45,Female,Standard,App
UUS01550,2026-01-10,Seattle,WA,18-25,Female,Standard,App
UUS01551,2024-06-09,Houston,TX,26-35,Male,Elite,App
UUS01552,2024-08-30,Austin,TX,26-35,Female,Standard,App
UUS01553,2026-02-16,Houston,TX,46-55,Female,Standard,App
UUS01554,2025-09-04,Los Angeles,CA,26-35,Male,Standard,App
UUS01555,2024-07-18,Phoenix,AZ,26-35,Male,Elite,Website
UUS01556,2024-03-01,Seattle,WA,26-35,Female,Elite,App
UUS01557,2025-10-09,Chicago,IL,18-25,Male,Standard,App
UUS01558,2025-07-13,Austin,TX,18-25,Male,Standard,App
UUS01559,2026-02-09,Philadelphia,PA,26-35,Female,Standard,Website
UUS01560,2024-05-24,San Jose,CA,56+,Female,Elite,App
UUS01561,2025-01-23,New York,NY,26-35,Female,Intro,App
UUS01562,2024-11-30,Chicago,IL,26-35,Female,Standard,App
UUS01563,2025-08-04,Phoenix,AZ,26-35,Male,Standard,App
UUS01564,2024-05-02,Chicago,IL,56+,Male,Intro,App
UUS01565,2025-03-15,New York,NY,26-35,Female,Standard,App
UUS01566,2024-03-11,Boston,MA,26-35,Female,Standard,App
UUS01567,2025-03-29,New York,NY,46-55,Male,Standard,App
UUS01568,2026-02-06,Dallas,TX,18-25,Male,Standard,App
UUS01569,2024-02-27,Dallas,TX,56+,Female,Standard,App
UUS01570,2025-11-10,Seattle,WA,26-35,Female,Intro,App
UUS01571,2024-11-24,New York,NY,46-55,Female,Intro,App
UUS01572,2025-07-06,Chicago,IL,46-55,Male,Intro,Website
UUS01573,2024-01-27,Dallas,TX,46-55,Male,Intro,App
UUS01574,2025-12-17,Philadelphia,PA,26-35,Male,Standard,Website
UUS01575,2025-01-20,Los Angeles,CA,46-55,Male,Elite,App
UUS01576,2024-05-24,New York,NY,46-55,Male,Elite,App
UUS01577,2024-06-15,Philadelphia,PA,26-35,Female,Elite,App
UUS01578,2025-10-04,Philadelphia,PA,26-35,Female,Standard,App
UUS01579,2025-10-08,Philadelphia,PA,18-25,Male,Standard,App
UUS01580,2025-06-13,New York,NY,36-45,Female,Intro,App
UUS01581,2024-05-02,Phoenix,AZ,26-35,Female,Standard,App
UUS01582,2025-11-11,Los Angeles,CA,56+,Male,Standard,App
UUS01583,2025-02-23,Boston,MA,36-45,Female,Standard,App
UUS01584,2024-10-01,Phoenix,AZ,56+,Female,Intro,Website
UUS01585,2026-02-19,San Jose,CA,26-35,Male,Standard,App
UUS01586,2024-01-18,Dallas,TX,36-45,Female,Intro,App
UUS01587,2024-12-27,Phoenix,AZ,26-35,Male,Standard,App
UUS01588,2026-01-20,Boston,MA,26-35,Male,Standard,Website
UUS01589,2024-12-18,Dallas,TX,36-45,Male,Intro,Website
UUS01590,2024-03-03,New York,NY,36-45,Female,Standard,App
UUS01591,2024-04-01,San Jose,CA,26-35,Female,Elite,App
UUS01592,2024-11-22,Houston,TX,36-45,Male,Standard,Website
UUS01593,2025-01-09,Austin,TX,46-55,Male,Standard,App
UUS01594,2025-10-30,Los Angeles,CA,36-45,Female,Standard,App
UUS01595,2026-03-28,Boston,MA,36-45,Female,Elite,Website
UUS01596,2024-05-28,San Diego,CA,26-35,Male,Standard,Website
UUS01597,2025-07-14,Chicago,IL,36-45,Female,Standard,Website
UUS01598,2025-02-10,Los Angeles,CA,26-35,Female,Standard,Website
UUS01599,2025-06-13,New York,NY,26-35,Male,Intro,Website
UUS01600,2024-11-01,Philadelphia,PA,26-35,Female,Elite,Website
UUS01601,2024-01-29,Houston,TX,46-55,Other,Standard,App
UUS01602,2024-12-21,Austin,TX,18-25,Female,Elite,App
UUS01603,2025-05-17,Boston,MA,26-35,Female,Elite,Website
UUS01604,2025-10-08,Houston,TX,26-35,Male,Elite,Website
UUS01605,2024-02-10,Philadelphia,PA,56+,Female,Standard,Website
UUS01606,2024-04-09,New York,NY,46-55,Male,Standard,App
UUS01607,2025-07-18,Chicago,IL,26-35,Male,Standard,App
UUS01608,2024-09-28,Seattle,WA,36-45,Male,Intro,App
UUS01609,2024-01-24,Austin,TX,46-55,Male,Standard,App
UUS01610,2024-09-24,Houston,TX,46-55,Male,Standard,App
UUS01611,2024-10-13,Houston,TX,18-25,Male,Elite,App
UUS01612,2024-01-16,San Jose,CA,26-35,Female,Standard,App
UUS01613,2025-06-03,Boston,MA,26-35,Male,Standard,App
UUS01614,2025-09-18,Austin,TX,36-45,Female,Standard,Website
UUS01615,2024-09-24,Los Angeles,CA,46-55,Female,Standard,App
UUS01616,2026-01-14,Los Angeles,CA,56+,Female,Elite,Website
UUS01617,2024-06-20,Boston,MA,46-55,Male,Standard,App
UUS01618,2024-06-24,Chicago,IL,26-35,Male,Elite,App
UUS01619,2024-10-13,Los Angeles,CA,36-45,Male,Standard,App
UUS01620,2024-09-15,New York,NY,56+,Male,Intro,App
UUS01621,2024-05-09,Boston,MA,36-45,Male,Intro,App
UUS01622,2025-04-20,New York,NY,36-45,Female,Intro,App
UUS01623,2025-01-30,Houston,TX,36-45,Male,Intro,App
UUS01624,2024-09-20,Phoenix,AZ,26-35,Female,Elite,App
UUS01625,2024-09-06,Chicago,IL,36-45,Male,Elite,App
UUS01626,2024-01-28,Austin,TX,26-35,Male,Intro,App
UUS01627,2024-04-25,Boston,MA,26-35,Male,Standard,App
UUS01628,2025-12-31,Phoenix,AZ,56+,Female,Elite,App
UUS01629,2024-08-08,Boston,MA,26-35,Male,Standard,App
UUS01630,2024-06-10,San Diego,CA,36-45,Male,Elite,App
UUS01631,2024-11-30,Seattle,WA,36-45,Female,Elite,App
UUS01632,2025-01-18,Los Angeles,CA,18-25,Female,Standard,App
UUS01633,2024-03-17,New York,NY,26-35,Male,Elite,Website
UUS01634,2025-01-31,San Jose,CA,26-35,Female,Elite,App
UUS01635,2025-05-13,Houston,TX,36-45,Female,Elite,App
UUS01636,2025-03-06,Seattle,WA,36-45,Female,Standard,App
UUS01637,2025-12-03,Philadelphia,PA,36-45,Female,Standard,App
UUS01638,2025-03-02,Austin,TX,56+,Male,Standard,Website
UUS01639,2026-03-04,New York,NY,26-35,Female,Standard,Website
UUS01640,2024-12-27,Los Angeles,CA,26-35,Male,Standard,App
UUS01641,2025-05-13,Houston,TX,26-35,Female,Standard,App
UUS01642,2025-09-27,Dallas,TX,26-35,Male,Standard,Website
UUS01643,2025-08-29,Los Angeles,CA,18-25,Male,Elite,App
UUS01644,2024-09-28,Chicago,IL,46-55,Male,Standard,App
UUS01645,2024-01-16,Austin,TX,46-55,Female,Standard,App
UUS01646,2025-09-12,Phoenix,AZ,36-45,Other,Standard,App
UUS01647,2026-03-20,Dallas,TX,18-25,Female,Standard,Website
UUS01648,2025-06-10,Dallas,TX,26-35,Male,Elite,App
UUS01649,2024-11-30,Los Angeles,CA,46-55,Female,Intro,App
UUS01650,2024-06-17,Houston,TX,26-35,Male,Elite,App
UUS01651,2025-04-28,Chicago,IL,56+,Male,Intro,App
UUS01652,2025-12-09,Philadelphia,PA,36-45,Female,Elite,App
UUS01653,2024-10-01,San Jose,CA,36-45,Male,Standard,App
UUS01654,2024-02-19,Houston,TX,26-35,Female,Elite,Website
UUS01655,2024-12-29,Houston,TX,56+,Male,Elite,App
UUS01656,2025-12-11,Seattle,WA,18-25,Female,Intro,App
UUS01657,2025-10-28,Phoenix,AZ,18-25,Female,Intro,App
UUS01658,2025-11-13,Boston,MA,46-55,Female,Standard,App
UUS01659,2024-10-01,Houston,TX,46-55,Female,Standard,App
UUS01660,2026-04-24,New York,NY,18-25,Female,Elite,Website
UUS01661,2025-05-24,Phoenix,AZ,26-35,Female,Standard,Website
UUS01662,2024-06-07,Chicago,IL,36-45,Male,Elite,App
UUS01663,2024-08-03,San Jose,CA,36-45,Male,Standard,App
UUS01664,2025-07-01,Philadelphia,PA,26-35,Female,Elite,App
UUS01665,2024-08-13,Austin,TX,46-55,Female,Standard,App
UUS01666,2025-09-01,Dallas,TX,26-35,Male,Standard,App
UUS01667,2024-07-09,Austin,TX,46-55,Male,Standard,App
UUS01668,2025-02-20,Houston,TX,46-55,Male,Intro,App
UUS01669,2024-01-22,Phoenix,AZ,36-45,Female,Standard,App
UUS01670,2024-06-11,Houston,TX,26-35,Male,Elite,Website
UUS01671,2024-08-04,Chicago,IL,56+,Male,Standard,App
UUS01672,2025-03-11,Austin,TX,36-45,Male,Intro,App
UUS01673,2024-01-27,New York,NY,18-25,Male,Standard,Website
UUS01674,2024-09-25,New York,NY,26-35,Male,Standard,Website
UUS01675,2024-11-19,Phoenix,AZ,26-35,Male,Standard,Website
UUS01676,2024-05-04,New York,NY,26-35,Male,Standard,Website
UUS01677,2025-01-27,Seattle,WA,18-25,Male,Intro,Website
UUS01678,2026-02-17,Phoenix,AZ,36-45,Male,Standard,App
UUS01679,2025-11-05,New York,NY,18-25,Male,Elite,App
UUS01680,2024-02-27,Austin,TX,36-45,Female,Standard,App
UUS01681,2025-01-24,New York,NY,26-35,Female,Intro,App
UUS01682,2024-10-04,New York,NY,36-45,Male,Standard,App
UUS01683,2024-08-30,New York,NY,26-35,Female,Intro,Website
UUS01684,2024-04-23,Boston,MA,46-55,Male,Standard,Website
UUS01685,2026-04-18,Seattle,WA,26-35,Other,Standard,Website
UUS01686,2025-02-14,Austin,TX,18-25,Female,Standard,App
UUS01687,2024-02-17,Houston,TX,18-25,Male,Standard,App
UUS01688,2024-11-14,Houston,TX,46-55,Male,Standard,Website
UUS01689,2024-09-04,Chicago,IL,36-45,Male,Standard,App
UUS01690,2024-07-25,Houston,TX,18-25,Male,Standard,App
UUS01691,2026-01-24,Houston,TX,46-55,Female,Standard,App
UUS01692,2024-05-08,Houston,TX,18-25,Male,Elite,Website
UUS01693,2024-08-20,Philadelphia,PA,46-55,Male,Standard,App
UUS01694,2025-05-25,San Diego,CA,36-45,Male,Elite,Website
UUS01695,2024-02-28,Phoenix,AZ,18-25,Female,Standard,App
UUS01696,2024-11-01,San Jose,CA,56+,Other,Standard,Website
UUS01697,2026-01-04,New York,NY,36-45,Male,Standard,App
UUS01698,2025-09-28,Chicago,IL,56+,Female,Standard,App
UUS01699,2024-12-26,Boston,MA,46-55,Female,Standard,App
UUS01700,2024-11-05,Phoenix,AZ,36-45,Female,Intro,Website
UUS01701,2025-03-16,New York,NY,26-35,Male,Elite,Website
UUS01702,2025-09-17,Austin,TX,26-35,Male,Intro,App
UUS01703,2025-12-21,Boston,MA,26-35,Female,Standard,Website
UUS01704,2024-07-02,Phoenix,AZ,36-45,Male,Standard,Website
UUS01705,2024-11-23,Houston,TX,26-35,Male,Intro,App
UUS01706,2026-03-02,Austin,TX,26-35,Male,Elite,App
UUS01707,2024-12-19,Houston,TX,56+,Male,Intro,Website
UUS01708,2024-05-20,Seattle,WA,56+,Female,Elite,App
UUS01709,2024-03-29,Boston,MA,26-35,Female,Standard,App
UUS01710,2025-06-13,San Jose,CA,46-55,Female,Standard,Website
UUS01711,2023-12-26,Los Angeles,CA,26-35,Male,Standard,App
UUS01712,2024-08-12,Seattle,WA,26-35,Female,Elite,Website
UUS01713,2024-06-17,Houston,TX,18-25,Female,Standard,App
UUS01714,2025-08-21,New York,NY,26-35,Female,Standard,App
UUS01715,2023-12-30,San Diego,CA,56+,Male,Elite,App
UUS01716,2025-09-09,San Diego,CA,18-25,Female,Standard,App
UUS01717,2024-06-25,Boston,MA,36-45,Female,Standard,App
UUS01718,2024-04-11,Philadelphia,PA,46-55,Female,Standard,App
UUS01719,2025-12-28,Seattle,WA,26-35,Female,Standard,App
UUS01720,2025-09-24,Houston,TX,26-35,Male,Intro,App
UUS01721,2024-10-20,Dallas,TX,26-35,Female,Elite,Website
UUS01722,2024-10-26,Philadelphia,PA,26-35,Female,Standard,Website
UUS01723,2024-11-12,San Jose,CA,36-45,Female,Elite,Website
UUS01724,2026-03-09,San Diego,CA,46-55,Male,Intro,Website
UUS01725,2025-11-06,Los Angeles,CA,26-35,Female,Standard,App
UUS01726,2024-02-28,Austin,TX,36-45,Female,Intro,App
UUS01727,2024-08-05,Los Angeles,CA,18-25,Male,Standard,App
UUS01728,2025-04-13,Austin,TX,36-45,Male,Standard,App
UUS01729,2025-08-22,Los Angeles,CA,18-25,Male,Standard,App
UUS01730,2025-06-14,New York,NY,46-55,Male,Elite,App
UUS01731,2025-07-08,Houston,TX,56+,Male,Standard,App
UUS01732,2024-12-14,Seattle,WA,36-45,Male,Intro,Website
UUS01733,2025-03-24,Phoenix,AZ,56+,Female,Intro,App
UUS01734,2024-09-18,Austin,TX,46-55,Male,Intro,App
UUS01735,2024-03-27,Austin,TX,26-35,Male,Intro,App
UUS01736,2024-11-11,Phoenix,AZ,26-35,Female,Elite,App
UUS01737,2025-05-18,San Diego,CA,26-35,Male,Elite,Website
UUS01738,2024-10-03,Chicago,IL,26-35,Male,Elite,Website
UUS01739,2024-10-15,Boston,MA,36-45,Female,Standard,App
UUS01740,2024-10-09,Austin,TX,36-45,Female,Intro,App
UUS01741,2025-12-10,Seattle,WA,56+,Female,Standard,App
UUS01742,2025-07-02,Houston,TX,36-45,Male,Standard,App
UUS01743,2024-08-02,Los Angeles,CA,36-45,Male,Intro,App
UUS01744,2025-12-21,New York,NY,26-35,Female,Elite,App
UUS01745,2025-07-30,Phoenix,AZ,18-25,Male,Standard,Website
UUS01746,2024-11-25,San Diego,CA,26-35,Female,Standard,App
UUS01747,2025-08-21,Chicago,IL,26-35,Female,Standard,App
UUS01748,2023-12-13,Houston,TX,18-25,Female,Standard,App
UUS01749,2026-02-07,Boston,MA,36-45,Female,Standard,Website
UUS01750,2024-10-03,Los Angeles,CA,46-55,Female,Intro,Website
UUS01751,2025-12-29,Phoenix,AZ,36-45,Male,Standard,Website
UUS01752,2025-09-12,Los Angeles,CA,26-35,Male,Elite,App
UUS01753,2025-02-05,Los Angeles,CA,26-35,Female,Elite,Website
UUS01754,2025-06-08,New York,NY,36-45,Female,Standard,App
UUS01755,2025-10-13,Boston,MA,46-55,Male,Elite,App
UUS01756,2025-08-02,Dallas,TX,26-35,Female,Intro,App
UUS01757,2024-03-17,Houston,TX,46-55,Female,Intro,Website
UUS01758,2024-01-06,Seattle,WA,26-35,Male,Elite,App
UUS01759,2025-12-18,Austin,TX,26-35,Male,Standard,App
UUS01760,2026-02-01,San Diego,CA,18-25,Male,Elite,Website
UUS01761,2024-10-21,Philadelphia,PA,56+,Male,Elite,App
UUS01762,2025-11-26,Los Angeles,CA,36-45,Female,Intro,App
UUS01763,2025-05-29,New York,NY,46-55,Male,Standard,App
UUS01764,2025-11-07,Dallas,TX,26-35,Female,Standard,App
UUS01765,2025-09-23,San Diego,CA,18-25,Female,Standard,Website
UUS01766,2024-05-05,Austin,TX,36-45,Female,Standard,Website
UUS01767,2024-04-16,San Jose,CA,26-35,Female,Standard,App
UUS01768,2025-01-07,Austin,TX,18-25,Female,Standard,Website
UUS01769,2025-04-25,Seattle,WA,36-45,Female,Standard,App
UUS01770,2025-05-08,San Diego,CA,26-35,Male,Standard,Website
UUS01771,2025-11-05,Dallas,TX,36-45,Female,Elite,App
UUS01772,2024-09-29,San Diego,CA,18-25,Female,Standard,App
UUS01773,2024-01-23,Dallas,TX,36-45,Female,Elite,App
UUS01774,2025-08-05,Los Angeles,CA,26-35,Male,Standard,App
UUS01775,2025-08-20,Austin,TX,46-55,Female,Standard,App
UUS01776,2024-04-18,San Jose,CA,26-35,Male,Standard,App
UUS01777,2024-08-06,Chicago,IL,36-45,Female,Standard,Website
UUS01778,2025-08-24,Phoenix,AZ,36-45,Male,Standard,App
UUS01779,2024-04-06,San Jose,CA,26-35,Female,Standard,App
UUS01780,2024-05-14,Houston,TX,18-25,Female,Elite,App
UUS01781,2024-12-23,Phoenix,AZ,46-55,Female,Standard,App
UUS01782,2025-04-17,Los Angeles,CA,56+,Male,Standard,Website
UUS01783,2025-02-02,Phoenix,AZ,46-55,Male,Intro,Website
UUS01784,2024-03-06,Seattle,WA,36-45,Female,Standard,App
UUS01785,2025-03-26,Phoenix,AZ,18-25,Male,Standard,App
UUS01786,2025-08-04,Seattle,WA,18-25,Female,Intro,Website
UUS01787,2024-07-10,Dallas,TX,56+,Female,Standard,App
UUS01788,2025-04-10,Phoenix,AZ,46-55,Female,Standard,App
UUS01789,2024-02-14,New York,NY,26-35,Female,Standard,Website
UUS01790,2024-10-14,Philadelphia,PA,46-55,Male,Intro,App
UUS01791,2025-05-18,Austin,TX,36-45,Female,Standard,Website
UUS01792,2024-08-23,Phoenix,AZ,56+,Male,Standard,App
UUS01793,2024-11-05,Austin,TX,18-25,Female,Elite,App
UUS01794,2025-09-25,Austin,TX,36-45,Male,Standard,Website
UUS01795,2025-11-22,Chicago,IL,36-45,Female,Standard,App
UUS01796,2024-07-26,Houston,TX,46-55,Female,Intro,App
UUS01797,2024-03-09,Dallas,TX,26-35,Female,Standard,App
UUS01798,2024-10-10,Phoenix,AZ,46-55,Male,Elite,App
UUS01799,2025-02-15,Seattle,WA,56+,Male,Standard,App
UUS01800,2025-08-10,Phoenix,AZ,18-25,Male,Standard,App
UUS01801,2024-10-03,Los Angeles,CA,46-55,Female,Elite,Website
UUS01802,2025-10-05,Philadelphia,PA,26-35,Male,Standard,App
UUS01803,2024-02-22,Seattle,WA,26-35,Male,Standard,Website
UUS01804,2024-10-09,Los Angeles,CA,18-25,Female,Intro,App
UUS01805,2025-10-27,Austin,TX,26-35,Male,Intro,App
UUS01806,2024-07-02,Chicago,IL,36-45,Male,Standard,App
UUS01807,2025-05-28,Phoenix,AZ,46-55,Male,Elite,App
UUS01808,2025-04-27,Houston,TX,56+,Male,Standard,App
UUS01809,2026-01-08,New York,NY,46-55,Male,Standard,Website
UUS01810,2024-09-17,Dallas,TX,26-35,Male,Intro,Website
UUS01811,2026-02-15,Boston,MA,46-55,Female,Elite,App
UUS01812,2024-02-04,Chicago,IL,18-25,Female,Standard,App
UUS01813,2025-10-18,San Jose,CA,56+,Female,Standard,Website
UUS01814,2024-05-08,Phoenix,AZ,56+,Female,Standard,App
UUS01815,2024-02-19,Austin,TX,56+,Female,Standard,App
UUS01816,2025-06-13,Chicago,IL,26-35,Female,Intro,App
UUS01817,2024-09-13,New York,NY,26-35,Male,Standard,App
UUS01818,2024-07-25,San Diego,CA,18-25,Female,Elite,Website
UUS01819,2024-11-11,Austin,TX,18-25,Female,Intro,App
UUS01820,2024-08-06,Austin,TX,26-35,Female,Intro,App
UUS01821,2026-01-25,Chicago,IL,46-55,Female,Standard,App
UUS01822,2025-09-26,Chicago,IL,46-55,Female,Elite,Website
UUS01823,2025-08-02,Phoenix,AZ,26-35,Male,Intro,App
UUS01824,2025-11-28,San Diego,CA,26-35,Female,Standard,App
UUS01825,2025-06-30,San Jose,CA,46-55,Male,Standard,App
UUS01826,2026-03-13,Chicago,IL,46-55,Female,Standard,App
UUS01827,2025-05-17,Philadelphia,PA,36-45,Female,Elite,App
UUS01828,2025-12-10,Dallas,TX,26-35,Female,Elite,App
UUS01829,2025-03-15,Los Angeles,CA,26-35,Male,Standard,App
UUS01830,2024-02-14,New York,NY,36-45,Male,Standard,App
UUS01831,2024-08-25,San Jose,CA,46-55,Male,Standard,App
UUS01832,2025-12-28,Seattle,WA,18-25,Female,Standard,App
UUS01833,2025-07-12,San Jose,CA,46-55,Female,Intro,App
UUS01834,2024-06-26,Dallas,TX,26-35,Female,Elite,Website
UUS01835,2025-10-14,Austin,TX,56+,Female,Standard,App
UUS01836,2024-05-07,Philadelphia,PA,26-35,Female,Standard,Website
UUS01837,2024-08-09,Philadelphia,PA,18-25,Female,Intro,Website
UUS01838,2025-05-07,Phoenix,AZ,56+,Male,Standard,App
UUS01839,2025-05-26,Dallas,TX,26-35,Female,Intro,Website
UUS01840,2024-05-14,San Jose,CA,46-55,Female,Standard,App
UUS01841,2024-07-28,Austin,TX,26-35,Female,Standard,App
UUS01842,2025-06-18,Los Angeles,CA,26-35,Male,Standard,App
UUS01843,2024-09-18,New York,NY,26-35,Male,Standard,App
UUS01844,2024-07-02,Boston,MA,46-55,Male,Intro,App
UUS01845,2024-05-23,San Diego,CA,36-45,Female,Elite,App
UUS01846,2024-02-20,Seattle,WA,18-25,Female,Elite,App
UUS01847,2025-10-12,New York,NY,18-25,Other,Standard,App
UUS01848,2025-02-26,Dallas,TX,18-25,Male,Elite,Website
UUS01849,2025-09-28,Dallas,TX,26-35,Female,Standard,App
UUS01850,2024-06-06,Chicago,IL,46-55,Male,Standard,App
UUS01851,2025-04-08,Houston,TX,26-35,Female,Standard,App
UUS01852,2025-10-04,Chicago,IL,18-25,Male,Intro,App
UUS01853,2025-04-01,Los Angeles,CA,26-35,Male,Standard,Website
UUS01854,2025-02-11,Houston,TX,56+,Other,Elite,App
UUS01855,2025-07-07,Phoenix,AZ,36-45,Female,Intro,App
UUS01856,2024-11-28,Chicago,IL,26-35,Other,Standard,App
UUS01857,2024-04-14,San Jose,CA,18-25,Male,Standard,App
UUS01858,2025-11-07,Chicago,IL,18-25,Other,Standard,Website
UUS01859,2024-11-11,Dallas,TX,26-35,Female,Elite,App
UUS01860,2024-08-07,Houston,TX,26-35,Female,Intro,App
UUS01861,2025-10-02,Boston,MA,36-45,Male,Elite,App
UUS01862,2026-01-11,Phoenix,AZ,18-25,Female,Elite,Website
UUS01863,2026-01-12,New York,NY,26-35,Female,Intro,App
UUS01864,2025-05-19,New York,NY,26-35,Male,Standard,Website
UUS01865,2026-03-22,Austin,TX,36-45,Male,Standard,Website
UUS01866,2024-03-05,New York,NY,46-55,Female,Standard,App
UUS01867,2025-08-22,Phoenix,AZ,18-25,Male,Intro,App
UUS01868,2024-08-21,Chicago,IL,46-55,Female,Standard,App
UUS01869,2026-04-06,Dallas,TX,46-55,Male,Standard,App
UUS01870,2024-04-06,Houston,TX,36-45,Male,Intro,App
UUS01871,2025-11-15,San Jose,CA,26-35,Male,Standard,App
UUS01872,2025-01-11,Dallas,TX,18-25,Male,Standard,App
UUS01873,2024-02-20,Boston,MA,18-25,Other,Standard,App
UUS01874,2024-04-07,San Diego,CA,18-25,Female,Standard,Website
UUS01875,2024-12-04,Boston,MA,18-25,Female,Elite,App
UUS01876,2024-06-11,Chicago,IL,18-25,Female,Standard,App
UUS01877,2024-03-06,Austin,TX,36-45,Male,Standard,Website
UUS01878,2025-08-31,Houston,TX,26-35,Male,Standard,App
UUS01879,2025-02-10,Austin,TX,26-35,Female,Standard,App
UUS01880,2024-03-24,Philadelphia,PA,46-55,Female,Intro,App
UUS01881,2025-11-15,Chicago,IL,46-55,Female,Standard,App
UUS01882,2025-02-18,Philadelphia,PA,26-35,Female,Elite,App
UUS01883,2025-10-08,Philadelphia,PA,36-45,Male,Elite,App
UUS01884,2024-08-14,Austin,TX,46-55,Female,Standard,App
UUS01885,2024-09-14,San Jose,CA,26-35,Male,Elite,App
UUS01886,2024-04-06,New York,NY,26-35,Female,Intro,App
UUS01887,2025-12-27,New York,NY,26-35,Female,Standard,App
UUS01888,2025-08-14,San Diego,CA,46-55,Female,Standard,App
UUS01889,2024-10-23,Chicago,IL,36-45,Female,Standard,App
UUS01890,2024-05-23,Boston,MA,56+,Male,Elite,App
UUS01891,2025-04-01,Boston,MA,26-35,Female,Elite,App
UUS01892,2024-01-26,Phoenix,AZ,46-55,Female,Intro,App
UUS01893,2024-03-27,San Diego,CA,36-45,Male,Standard,App
UUS01894,2025-06-16,Boston,MA,36-45,Male,Elite,App
UUS01895,2024-05-21,Boston,MA,46-55,Female,Standard,Website
UUS01896,2024-09-24,San Jose,CA,56+,Female,Elite,App
UUS01897,2025-01-15,San Diego,CA,26-35,Male,Standard,App
UUS01898,2024-09-07,Los Angeles,CA,26-35,Female,Elite,App
UUS01899,2024-02-08,Los Angeles,CA,26-35,Female,Intro,App
UUS01900,2025-11-04,New York,NY,46-55,Male,Standard,App
UUS01901,2024-07-02,Austin,TX,56+,Male,Elite,App
UUS01902,2024-09-13,Houston,TX,18-25,Female,Standard,App
UUS01903,2025-02-13,San Diego,CA,46-55,Male,Intro,App
UUS01904,2024-10-09,Phoenix,AZ,46-55,Female,Standard,App
UUS01905,2024-01-28,Seattle,WA,46-55,Male,Standard,App
UUS01906,2025-01-29,San Jose,CA,26-35,Male,Elite,App
UUS01907,2025-12-08,Dallas,TX,18-25,Male,Standard,App
UUS01908,2025-05-13,Seattle,WA,26-35,Male,Standard,App
UUS01909,2025-07-28,Houston,TX,18-25,Male,Standard,App
UUS01910,2026-01-20,Chicago,IL,18-25,Other,Elite,App
UUS01911,2024-10-29,Chicago,IL,26-35,Female,Intro,App
UUS01912,2024-06-10,San Jose,CA,18-25,Male,Intro,Website
UUS01913,2024-03-29,Los Angeles,CA,26-35,Male,Standard,Website
UUS01914,2024-04-30,Houston,TX,46-55,Female,Standard,App
UUS01915,2024-03-23,San Jose,CA,36-45,Female,Standard,App
UUS01916,2025-08-02,New York,NY,36-45,Other,Standard,App
UUS01917,2025-12-09,Austin,TX,26-35,Male,Elite,Website
UUS01918,2024-06-30,Boston,MA,26-35,Female,Elite,App
UUS01919,2025-01-24,Boston,MA,26-35,Female,Intro,App
UUS01920,2025-09-07,Seattle,WA,36-45,Female,Elite,App
UUS01921,2024-11-24,Seattle,WA,26-35,Male,Standard,App
UUS01922,2024-04-28,Dallas,TX,36-45,Female,Standard,Website
UUS01923,2025-02-02,Phoenix,AZ,26-35,Female,Elite,App
UUS01924,2026-01-24,Seattle,WA,46-55,Male,Standard,App
UUS01925,2024-04-11,Austin,TX,26-35,Female,Standard,App
UUS01926,2025-05-05,Austin,TX,36-45,Male,Standard,App
UUS01927,2024-04-15,Chicago,IL,26-35,Male,Elite,App
UUS01928,2025-02-09,San Diego,CA,26-35,Female,Standard,App
UUS01929,2025-01-11,San Jose,CA,36-45,Female,Intro,App
UUS01930,2026-04-01,San Diego,CA,26-35,Female,Standard,App
UUS01931,2025-02-15,Philadelphia,PA,26-35,Male,Standard,App
UUS01932,2024-03-30,Phoenix,AZ,46-55,Male,Intro,App
UUS01933,2024-11-16,Phoenix,AZ,26-35,Female,Standard,App
UUS01934,2024-02-09,Phoenix,AZ,36-45,Male,Standard,Website
UUS01935,2024-12-12,Houston,TX,46-55,Male,Standard,App
UUS01936,2025-11-02,Los Angeles,CA,36-45,Male,Standard,App
UUS01937,2024-03-18,San Diego,CA,18-25,Female,Standard,App
UUS01938,2025-03-04,Boston,MA,36-45,Female,Intro,App
UUS01939,2024-12-20,Seattle,WA,36-45,Male,Standard,App
UUS01940,2024-08-05,New York,NY,18-25,Male,Elite,App
UUS01941,2025-05-27,Philadelphia,PA,26-35,Female,Elite,App
UUS01942,2025-06-12,San Jose,CA,46-55,Female,Standard,App
UUS01943,2024-06-18,Los Angeles,CA,56+,Female,Standard,App
UUS01944,2024-10-11,Seattle,WA,56+,Male,Elite,App
UUS01945,2025-12-30,Chicago,IL,26-35,Female,Standard,App
UUS01946,2024-07-06,Chicago,IL,36-45,Female,Intro,App
UUS01947,2025-12-07,San Diego,CA,26-35,Female,Elite,App
UUS01948,2024-06-22,San Diego,CA,26-35,Female,Standard,App
UUS01949,2025-11-09,Philadelphia,PA,36-45,Female,Standard,Website
UUS01950,2024-03-05,Dallas,TX,18-25,Male,Standard,App
UUS01951,2025-01-27,Dallas,TX,26-35,Female,Standard,App
UUS01952,2024-02-14,Philadelphia,PA,36-45,Female,Standard,App
UUS01953,2024-04-01,Houston,TX,46-55,Other,Intro,App
UUS01954,2025-09-10,Austin,TX,26-35,Female,Standard,Website
UUS01955,2024-11-04,Boston,MA,56+,Female,Elite,App
UUS01956,2024-06-20,Seattle,WA,56+,Male,Intro,App
UUS01957,2024-09-03,San Jose,CA,26-35,Female,Standard,App
UUS01958,2025-10-27,Austin,TX,36-45,Female,Standard,Website
UUS01959,2024-01-12,Seattle,WA,26-35,Male,Intro,App
UUS01960,2024-11-12,San Diego,CA,26-35,Female,Elite,App
UUS01961,2025-07-28,Boston,MA,18-25,Female,Standard,App
UUS01962,2026-03-03,Dallas,TX,36-45,Male,Intro,Website
UUS01963,2024-07-09,Dallas,TX,56+,Female,Standard,App
UUS01964,2024-02-23,Boston,MA,46-55,Female,Elite,Website
UUS01965,2026-01-15,Boston,MA,36-45,Female,Standard,App
UUS01966,2026-02-13,Boston,MA,26-35,Other,Standard,App
UUS01967,2025-05-29,Phoenix,AZ,36-45,Female,Intro,App
UUS01968,2025-10-19,Austin,TX,26-35,Other,Intro,App
UUS01969,2024-10-13,Seattle,WA,46-55,Male,Standard,App
UUS01970,2025-03-30,Philadelphia,PA,18-25,Female,Standard,App
UUS01971,2024-08-28,Boston,MA,36-45,Male,Elite,App
UUS01972,2025-05-05,Boston,MA,26-35,Female,Intro,Website
UUS01973,2025-11-18,Philadelphia,PA,26-35,Male,Standard,App
UUS01974,2024-07-11,San Jose,CA,26-35,Female,Intro,App
UUS01975,2025-11-14,Dallas,TX,26-35,Female,Elite,Website
UUS01976,2024-02-09,Austin,TX,56+,Female,Standard,App
UUS01977,2025-12-02,Chicago,IL,46-55,Female,Standard,App
UUS01978,2025-08-25,Seattle,WA,26-35,Female,Standard,App
UUS01979,2024-08-27,San Jose,CA,46-55,Male,Intro,App
UUS01980,2025-10-27,Boston,MA,36-45,Male,Standard,App
UUS01981,2025-11-07,Seattle,WA,26-35,Male,Elite,Website
UUS01982,2024-09-17,Los Angeles,CA,26-35,Male,Standard,App
UUS01983,2025-06-23,Dallas,TX,26-35,Male,Intro,App
UUS01984,2025-02-04,Los Angeles,CA,46-55,Female,Standard,App
UUS01985,2025-06-10,Boston,MA,18-25,Female,Standard,App
UUS01986,2025-08-18,Boston,MA,36-45,Female,Elite,App
UUS01987,2025-07-10,Philadelphia,PA,26-35,Female,Standard,App
UUS01988,2025-07-30,Philadelphia,PA,26-35,Female,Elite,App
UUS01989,2024-04-10,Phoenix,AZ,56+,Female,Elite,App
UUS01990,2025-08-02,Dallas,TX,26-35,Male,Intro,Website
UUS01991,2024-06-10,New York,NY,46-55,Male,Elite,Website
UUS01992,2025-05-13,Dallas,TX,46-55,Female,Intro,App
UUS01993,2024-10-29,Dallas,TX,18-25,Male,Standard,App
UUS01994,2025-12-19,Seattle,WA,26-35,Female,Standard,App
UUS01995,2025-06-17,Houston,TX,36-45,Female,Standard,App
UUS01996,2024-02-28,New York,NY,46-55,Male,Intro,App
UUS01997,2025-04-22,New York,NY,26-35,Male,Elite,App
UUS01998,2025-09-08,Seattle,WA,56+,Male,Standard,App
UUS01999,2026-03-21,Seattle,WA,36-45,Female,Standard,App
UUS02000,2024-07-05,New York,NY,56+,Male,Intro,Website
UUS02001,2025-05-30,Los Angeles,CA,36-45,Male,Intro,Website
UUS02002,2025-11-15,Austin,TX,36-45,Female,Standard,App
UUS02003,2025-12-30,San Diego,CA,26-35,Female,Standard,Website
UUS02004,2024-07-31,San Diego,CA,36-45,Female,Standard,App
UUS02005,2025-09-24,Austin,TX,18-25,Male,Standard,App
UUS02006,2026-01-25,Houston,TX,36-45,Male,Intro,Website
UUS02007,2024-06-28,Los Angeles,CA,56+,Male,Elite,App
UUS02008,2025-04-18,Austin,TX,36-45,Female,Standard,Website
UUS02009,2024-05-07,Chicago,IL,26-35,Female,Standard,Website
UUS02010,2026-01-01,New York,NY,36-45,Female,Intro,App
UUS02011,2025-09-29,Dallas,TX,26-35,Male,Standard,App
UUS02012,2025-06-15,Dallas,TX,26-35,Male,Intro,Website
UUS02013,2025-09-18,Houston,TX,56+,Female,Elite,App
UUS02014,2024-07-09,Austin,TX,18-25,Female,Standard,Website
UUS02015,2026-01-05,Houston,TX,36-45,Male,Intro,Website
UUS02016,2024-11-23,Los Angeles,CA,18-25,Female,Standard,App
UUS02017,2024-10-02,Dallas,TX,36-45,Female,Standard,App
UUS02018,2025-04-13,Chicago,IL,56+,Female,Standard,App
UUS02019,2024-02-27,Phoenix,AZ,46-55,Male,Standard,Website
UUS02020,2025-12-17,Boston,MA,26-35,Female,Standard,App
UUS02021,2025-03-06,San Diego,CA,26-35,Male,Elite,App
UUS02022,2025-02-10,Austin,TX,18-25,Female,Elite,App
UUS02023,2024-05-18,San Diego,CA,36-45,Male,Standard,App
UUS02024,2024-12-21,Los Angeles,CA,46-55,Female,Intro,App
UUS02025,2024-12-01,Houston,TX,36-45,Male,Elite,App
UUS02026,2025-11-08,Dallas,TX,26-35,Male,Elite,App
UUS02027,2024-04-30,Boston,MA,36-45,Female,Elite,Website
UUS02028,2024-08-05,San Jose,CA,18-25,Female,Elite,App
UUS02029,2026-04-03,San Diego,CA,26-35,Male,Standard,Website
UUS02030,2024-07-29,Dallas,TX,36-45,Female,Standard,Website
UUS02031,2025-04-28,Philadelphia,PA,36-45,Female,Standard,App
UUS02032,2024-03-11,Houston,TX,36-45,Female,Standard,App
UUS02033,2023-12-21,Houston,TX,36-45,Male,Standard,App
UUS02034,2025-06-13,Dallas,TX,46-55,Male,Intro,Website
UUS02035,2024-08-29,Los Angeles,CA,26-35,Male,Intro,App
UUS02036,2025-07-02,Seattle,WA,26-35,Male,Standard,App
UUS02037,2024-10-30,New York,NY,26-35,Female,Elite,Website
UUS02038,2024-01-18,San Jose,CA,36-45,Male,Standard,App
UUS02039,2026-04-20,New York,NY,18-25,Male,Standard,App
UUS02040,2025-09-04,Boston,MA,18-25,Male,Intro,App
UUS02041,2025-08-15,Phoenix,AZ,36-45,Male,Elite,Website
UUS02042,2024-07-06,Phoenix,AZ,56+,Male,Intro,App
UUS02043,2024-03-29,San Jose,CA,18-25,Male,Standard,App
UUS02044,2025-05-09,Boston,MA,26-35,Male,Standard,App
UUS02045,2026-03-22,Phoenix,AZ,26-35,Female,Intro,App
UUS02046,2025-09-28,Chicago,IL,26-35,Other,Standard,App
UUS02047,2024-03-26,Los Angeles,CA,46-55,Male,Standard,Website
UUS02048,2024-05-13,San Jose,CA,56+,Female,Elite,Website
UUS02049,2025-07-20,New York,NY,26-35,Female,Standard,App
UUS02050,2025-06-05,Austin,TX,56+,Female,Standard,App
UUS02051,2024-02-22,Austin,TX,46-55,Female,Standard,App
UUS02052,2024-04-30,Chicago,IL,26-35,Male,Standard,App
UUS02053,2024-09-07,San Jose,CA,26-35,Female,Standard,App
UUS02054,2025-01-15,Houston,TX,46-55,Male,Intro,Website
UUS02055,2024-05-15,Phoenix,AZ,46-55,Female,Standard,App
UUS02056,2024-11-08,Chicago,IL,46-55,Female,Standard,App
UUS02057,2025-05-12,Dallas,TX,36-45,Male,Standard,App
UUS02058,2026-04-06,Phoenix,AZ,56+,Female,Standard,App
UUS02059,2024-10-31,San Jose,CA,36-45,Male,Elite,App
UUS02060,2024-10-31,Phoenix,AZ,46-55,Male,Standard,App
UUS02061,2024-10-20,Los Angeles,CA,18-25,Male,Intro,App
UUS02062,2024-09-26,Boston,MA,26-35,Male,Standard,App
UUS02063,2025-06-07,Boston,MA,56+,Male,Standard,App
UUS02064,2024-03-23,Boston,MA,36-45,Female,Standard,App
UUS02065,2025-09-10,Seattle,WA,18-25,Male,Standard,App
UUS02066,2026-02-17,Dallas,TX,26-35,Male,Standard,Website
UUS02067,2025-08-23,San Jose,CA,56+,Male,Standard,App
UUS02068,2024-05-01,Houston,TX,56+,Male,Standard,App
UUS02069,2026-03-04,Seattle,WA,26-35,Female,Standard,App
UUS02070,2024-09-30,Boston,MA,26-35,Female,Standard,App
UUS02071,2026-03-17,Los Angeles,CA,46-55,Male,Elite,Website
UUS02072,2025-04-12,Boston,MA,18-25,Female,Elite,App
UUS02073,2024-02-22,San Jose,CA,56+,Male,Standard,App
UUS02074,2025-04-30,Los Angeles,CA,46-55,Male,Elite,App
UUS02075,2024-12-18,Chicago,IL,26-35,Female,Standard,App
UUS02076,2024-04-13,Chicago,IL,36-45,Male,Standard,Website
UUS02077,2026-02-01,San Jose,CA,36-45,Male,Standard,App
UUS02078,2024-02-22,Austin,TX,18-25,Male,Intro,App
UUS02079,2025-04-24,Philadelphia,PA,36-45,Male,Intro,App
UUS02080,2025-08-01,New York,NY,46-55,Male,Elite,Website
UUS02081,2025-05-09,New York,NY,36-45,Male,Standard,Website
UUS02082,2025-03-27,Seattle,WA,18-25,Male,Standard,App
UUS02083,2024-09-05,Chicago,IL,46-55,Female,Standard,App
UUS02084,2025-06-14,San Jose,CA,18-25,Female,Intro,App
UUS02085,2026-01-12,Chicago,IL,36-45,Female,Standard,Website
UUS02086,2026-01-20,Austin,TX,36-45,Female,Standard,App
UUS02087,2026-04-15,Philadelphia,PA,18-25,Male,Elite,App
UUS02088,2025-12-16,New York,NY,18-25,Male,Standard,App
UUS02089,2024-02-21,Los Angeles,CA,36-45,Male,Elite,App
UUS02090,2025-10-25,Austin,TX,26-35,Male,Standard,App
UUS02091,2024-05-18,Seattle,WA,26-35,Male,Elite,App
UUS02092,2025-05-23,Los Angeles,CA,46-55,Male,Standard,Website
UUS02093,2026-01-25,Phoenix,AZ,36-45,Male,Intro,App
UUS02094,2025-04-02,Dallas,TX,36-45,Female,Intro,App
UUS02095,2024-11-23,Seattle,WA,26-35,Male,Intro,App
UUS02096,2024-09-17,Boston,MA,26-35,Female,Standard,App
UUS02097,2024-06-14,Chicago,IL,18-25,Female,Intro,App
UUS02098,2026-03-09,Austin,TX,36-45,Male,Elite,App
UUS02099,2024-12-18,Chicago,IL,36-45,Female,Elite,App
UUS02100,2024-03-11,San Jose,CA,26-35,Male,Elite,App
UUS02101,2025-10-15,Phoenix,AZ,46-55,Male,Standard,App
UUS02102,2025-01-25,Houston,TX,26-35,Male,Standard,App
UUS02103,2025-10-16,Houston,TX,36-45,Female,Elite,App
UUS02104,2024-03-27,Philadelphia,PA,26-35,Female,Standard,Website
UUS02105,2024-06-22,Boston,MA,26-35,Male,Intro,Website
UUS02106,2024-01-10,New York,NY,26-35,Male,Elite,App
UUS02107,2024-02-06,Chicago,IL,46-55,Female,Elite,App
UUS02108,2025-06-23,Chicago,IL,26-35,Male,Intro,App
UUS02109,2024-01-14,Dallas,TX,36-45,Male,Elite,App
UUS02110,2025-07-02,San Diego,CA,36-45,Other,Elite,Website
UUS02111,2024-06-09,Austin,TX,36-45,Male,Standard,App
UUS02112,2024-11-24,Seattle,WA,26-35,Female,Intro,App
UUS02113,2025-02-24,Chicago,IL,26-35,Female,Standard,App
UUS02114,2025-05-16,New York,NY,36-45,Female,Standard,App
UUS02115,2026-03-14,New York,NY,46-55,Male,Elite,App
UUS02116,2024-08-17,Seattle,WA,26-35,Female,Standard,App
UUS02117,2025-11-13,Houston,TX,26-35,Female,Standard,App
UUS02118,2024-01-10,San Diego,CA,18-25,Male,Intro,App
UUS02119,2024-02-20,San Jose,CA,46-55,Male,Standard,App
UUS02120,2024-09-20,Los Angeles,CA,46-55,Male,Standard,App
UUS02121,2025-06-13,Philadelphia,PA,18-25,Female,Standard,App
UUS02122,2024-09-10,Boston,MA,18-25,Male,Standard,App
UUS02123,2025-12-17,Seattle,WA,46-55,Female,Standard,App
UUS02124,2025-05-26,Austin,TX,18-25,Male,Standard,Website
UUS02125,2024-03-07,New York,NY,46-55,Female,Standard,App
UUS02126,2025-06-03,New York,NY,36-45,Female,Standard,App
UUS02127,2025-08-28,Seattle,WA,26-35,Male,Standard,App
UUS02128,2024-06-30,Austin,TX,26-35,Male,Elite,App
UUS02129,2025-04-27,Houston,TX,26-35,Female,Intro,App
UUS02130,2025-11-26,San Jose,CA,36-45,Male,Intro,App
UUS02131,2024-02-19,Dallas,TX,56+,Male,Elite,App
UUS02132,2024-06-29,Seattle,WA,56+,Female,Standard,App
UUS02133,2026-04-24,Boston,MA,26-35,Male,Standard,Website
UUS02134,2025-09-13,Los Angeles,CA,36-45,Male,Standard,App
UUS02135,2026-01-21,Austin,TX,56+,Female,Standard,Website
UUS02136,2024-10-07,New York,NY,26-35,Female,Standard,Website
UUS02137,2024-02-08,Philadelphia,PA,46-55,Male,Elite,App
UUS02138,2026-03-04,Boston,MA,26-35,Female,Standard,App
UUS02139,2025-07-20,Los Angeles,CA,26-35,Male,Intro,App
UUS02140,2025-06-12,Boston,MA,36-45,Male,Standard,Website
UUS02141,2025-05-31,New York,NY,18-25,Male,Standard,App
UUS02142,2025-11-13,Houston,TX,56+,Male,Standard,Website
UUS02143,2024-04-14,Boston,MA,18-25,Male,Standard,App
UUS02144,2024-04-06,Los Angeles,CA,26-35,Male,Standard,App
UUS02145,2024-08-09,Chicago,IL,46-55,Female,Standard,App
UUS02146,2025-12-21,San Diego,CA,26-35,Male,Standard,App
UUS02147,2024-07-27,Houston,TX,18-25,Male,Standard,Website
UUS02148,2026-02-15,San Diego,CA,26-35,Female,Standard,Website
UUS02149,2024-10-18,Austin,TX,26-35,Male,Intro,Website
UUS02150,2024-07-26,Seattle,WA,18-25,Male,Standard,App
UUS02151,2024-11-24,San Jose,CA,46-55,Other,Elite,Website
UUS02152,2024-12-06,San Diego,CA,36-45,Male,Standard,App
UUS02153,2024-09-04,Los Angeles,CA,18-25,Female,Standard,App
UUS02154,2025-05-26,Chicago,IL,26-35,Male,Intro,Website
UUS02155,2025-09-03,San Jose,CA,56+,Male,Standard,App
UUS02156,2025-10-02,Seattle,WA,36-45,Male,Intro,App
UUS02157,2024-11-13,New York,NY,26-35,Male,Intro,App
UUS02158,2024-10-15,Phoenix,AZ,36-45,Male,Standard,App
UUS02159,2026-04-07,San Diego,CA,26-35,Male,Standard,App
UUS02160,2024-09-27,Austin,TX,26-35,Male,Standard,Website
UUS02161,2026-03-21,Philadelphia,PA,36-45,Male,Standard,Website
UUS02162,2024-02-18,Phoenix,AZ,26-35,Male,Standard,App
UUS02163,2024-12-09,Dallas,TX,18-25,Male,Standard,App
UUS02164,2025-05-25,San Jose,CA,46-55,Male,Standard,App
UUS02165,2024-10-07,Austin,TX,18-25,Female,Standard,Website
UUS02166,2025-08-27,Seattle,WA,26-35,Male,Elite,App
UUS02167,2024-07-02,Chicago,IL,26-35,Female,Standard,App
UUS02168,2024-01-10,Boston,MA,36-45,Female,Standard,Website
UUS02169,2024-04-21,Boston,MA,46-55,Male,Intro,App
UUS02170,2024-10-06,Los Angeles,CA,36-45,Male,Standard,App
UUS02171,2024-06-24,Philadelphia,PA,26-35,Male,Standard,App
UUS02172,2025-03-21,Philadelphia,PA,36-45,Female,Elite,App
UUS02173,2025-04-17,Philadelphia,PA,36-45,Male,Elite,App
UUS02174,2024-04-19,Austin,TX,36-45,Male,Intro,App
UUS02175,2026-03-24,Chicago,IL,46-55,Male,Intro,App
UUS02176,2025-01-04,Dallas,TX,36-45,Male,Standard,Website
UUS02177,2026-02-26,Boston,MA,26-35,Male,Standard,App
UUS02178,2024-02-18,Los Angeles,CA,56+,Male,Standard,App
UUS02179,2025-02-20,Boston,MA,36-45,Male,Standard,App
UUS02180,2025-10-16,Seattle,WA,36-45,Other,Elite,App
UUS02181,2026-03-23,Dallas,TX,26-35,Male,Standard,App
UUS02182,2024-02-23,Philadelphia,PA,46-55,Female,Standard,App
UUS02183,2024-10-07,Chicago,IL,46-55,Female,Elite,Website
UUS02184,2024-04-24,Houston,TX,46-55,Male,Standard,Website
UUS02185,2025-10-23,Los Angeles,CA,18-25,Male,Standard,App
UUS02186,2024-12-01,Chicago,IL,56+,Female,Standard,Website
UUS02187,2025-06-11,Seattle,WA,56+,Female,Intro,App
UUS02188,2025-06-29,San Diego,CA,26-35,Female,Standard,App
UUS02189,2024-01-01,Dallas,TX,36-45,Male,Standard,Website
UUS02190,2026-04-07,Houston,TX,26-35,Female,Elite,Website
UUS02191,2024-04-10,San Jose,CA,26-35,Female,Standard,App
UUS02192,2024-06-22,Phoenix,AZ,26-35,Other,Elite,App
UUS02193,2024-03-22,San Diego,CA,46-55,Male,Elite,App
UUS02194,2024-04-27,San Jose,CA,36-45,Female,Standard,App
UUS02195,2025-02-12,Los Angeles,CA,46-55,Male,Standard,App
UUS02196,2026-02-11,Los Angeles,CA,56+,Male,Standard,App
UUS02197,2025-07-03,Seattle,WA,56+,Female,Standard,Website
UUS02198,2025-04-17,Chicago,IL,26-35,Male,Intro,Website
UUS02199,2025-11-27,Seattle,WA,26-35,Male,Standard,App
UUS02200,2025-12-14,Austin,TX,46-55,Female,Standard,Website
UUS02201,2025-04-23,Boston,MA,18-25,Female,Standard,Website
UUS02202,2025-02-15,Boston,MA,26-35,Male,Standard,Website
UUS02203,2024-07-07,Seattle,WA,56+,Female,Elite,App
UUS02204,2025-07-17,New York,NY,18-25,Male,Standard,Website
UUS02205,2025-09-04,Seattle,WA,26-35,Female,Intro,App
UUS02206,2025-12-07,Los Angeles,CA,18-25,Male,Elite,App
UUS02207,2024-09-16,Houston,TX,46-55,Female,Standard,App
UUS02208,2025-04-08,Chicago,IL,46-55,Female,Intro,App
UUS02209,2024-05-23,Philadelphia,PA,56+,Male,Intro,App
UUS02210,2024-06-09,Houston,TX,26-35,Female,Standard,App
UUS02211,2025-06-15,San Jose,CA,56+,Male,Standard,Website
UUS02212,2025-12-13,Los Angeles,CA,36-45,Male,Standard,App
UUS02213,2026-02-04,San Jose,CA,18-25,Male,Elite,App
UUS02214,2024-07-15,Houston,TX,18-25,Female,Standard,App
UUS02215,2025-11-10,San Jose,CA,18-25,Female,Standard,App
UUS02216,2024-08-08,San Jose,CA,26-35,Male,Standard,App
UUS02217,2026-01-25,Phoenix,AZ,26-35,Male,Standard,App
UUS02218,2024-11-20,San Jose,CA,56+,Male,Standard,App
UUS02219,2025-03-07,Los Angeles,CA,36-45,Male,Intro,App
UUS02220,2024-09-26,Chicago,IL,26-35,Male,Intro,App
UUS02221,2025-12-17,Chicago,IL,26-35,Male,Standard,App
UUS02222,2025-02-21,Austin,TX,18-25,Other,Standard,App
UUS02223,2024-10-07,San Diego,CA,46-55,Female,Standard,App
UUS02224,2025-04-27,Seattle,WA,26-35,Male,Standard,App
UUS02225,2024-01-18,Dallas,TX,36-45,Male,Elite,App
UUS02226,2024-08-10,Phoenix,AZ,56+,Female,Elite,App
UUS02227,2025-12-02,Phoenix,AZ,26-35,Male,Elite,App
UUS02228,2024-07-25,Dallas,TX,36-45,Male,Intro,App
UUS02229,2024-06-15,Los Angeles,CA,26-35,Male,Standard,Website
UUS02230,2025-01-28,Los Angeles,CA,26-35,Male,Intro,App
UUS02231,2025-06-20,Chicago,IL,26-35,Female,Standard,Website
UUS02232,2026-01-02,Philadelphia,PA,26-35,Female,Standard,App
UUS02233,2025-01-21,Houston,TX,46-55,Male,Elite,App
UUS02234,2024-10-10,Austin,TX,26-35,Female,Standard,App
UUS02235,2025-09-16,Los Angeles,CA,26-35,Female,Standard,App
UUS02236,2024-11-15,Los Angeles,CA,26-35,Male,Standard,App
UUS02237,2025-09-08,Chicago,IL,46-55,Male,Elite,App
UUS02238,2026-01-01,San Jose,CA,26-35,Male,Standard,App
UUS02239,2026-01-21,San Jose,CA,26-35,Female,Elite,App
UUS02240,2024-12-24,Seattle,WA,26-35,Other,Standard,App
UUS02241,2025-12-19,New York,NY,56+,Male,Intro,App
UUS02242,2024-12-07,Dallas,TX,26-35,Female,Standard,Website
UUS02243,2025-12-10,Los Angeles,CA,18-25,Female,Standard,App
UUS02244,2024-02-27,San Jose,CA,36-45,Male,Standard,Website
UUS02245,2026-02-01,Austin,TX,26-35,Male,Intro,App
UUS02246,2025-01-06,Houston,TX,36-45,Female,Intro,App
UUS02247,2025-05-24,New York,NY,36-45,Male,Intro,App
UUS02248,2026-03-26,Boston,MA,26-35,Female,Standard,App
UUS02249,2023-12-23,Los Angeles,CA,18-25,Female,Elite,App
UUS02250,2025-11-23,Los Angeles,CA,26-35,Male,Intro,App
UUS02251,2024-02-09,New York,NY,26-35,Female,Standard,App
UUS02252,2025-08-02,San Jose,CA,26-35,Male,Elite,App
UUS02253,2024-01-12,Austin,TX,46-55,Female,Elite,App
UUS02254,2025-08-11,Chicago,IL,36-45,Female,Intro,Website
UUS02255,2024-09-05,Philadelphia,PA,26-35,Male,Standard,App
UUS02256,2026-02-25,Los Angeles,CA,18-25,Female,Standard,Website
UUS02257,2025-01-14,Houston,TX,56+,Male,Standard,App
UUS02258,2025-02-14,Austin,TX,36-45,Male,Standard,App
UUS02259,2024-07-05,Los Angeles,CA,26-35,Other,Standard,App
UUS02260,2025-03-09,Dallas,TX,26-35,Female,Standard,App
UUS02261,2025-06-29,San Diego,CA,18-25,Female,Elite,App
UUS02262,2025-05-16,Dallas,TX,18-25,Male,Elite,App
UUS02263,2024-05-15,Philadelphia,PA,46-55,Female,Standard,App
UUS02264,2025-10-17,Houston,TX,26-35,Female,Intro,Website
UUS02265,2024-10-28,Dallas,TX,18-25,Female,Intro,App
UUS02266,2025-10-09,Los Angeles,CA,26-35,Male,Standard,App
UUS02267,2026-02-08,Boston,MA,46-55,Male,Intro,App
UUS02268,2024-02-14,San Jose,CA,36-45,Male,Elite,Website
UUS02269,2024-09-04,Phoenix,AZ,36-45,Male,Elite,Website
UUS02270,2024-11-26,Chicago,IL,36-45,Male,Standard,App
UUS02271,2024-02-18,Chicago,IL,46-55,Female,Standard,App
UUS02272,2025-11-16,Boston,MA,36-45,Male,Elite,Website
UUS02273,2025-10-25,Philadelphia,PA,26-35,Female,Elite,App
UUS02274,2023-12-14,New York,NY,26-35,Female,Intro,App
UUS02275,2025-04-16,San Jose,CA,36-45,Female,Standard,Website
UUS02276,2025-04-21,Boston,MA,46-55,Female,Elite,App
UUS02277,2026-03-16,San Jose,CA,46-55,Male,Standard,Website
UUS02278,2025-11-13,Boston,MA,36-45,Female,Intro,App
UUS02279,2025-11-18,Los Angeles,CA,26-35,Female,Elite,App
UUS02280,2025-02-22,Chicago,IL,46-55,Female,Standard,App
UUS02281,2025-07-18,Boston,MA,18-25,Male,Standard,App
UUS02282,2024-03-25,Seattle,WA,36-45,Male,Intro,App
UUS02283,2024-02-21,Boston,MA,26-35,Male,Standard,App
UUS02284,2026-03-23,Philadelphia,PA,56+,Male,Standard,App
UUS02285,2024-12-15,Austin,TX,26-35,Male,Standard,App
UUS02286,2025-09-13,Seattle,WA,36-45,Female,Standard,App
UUS02287,2025-06-22,Chicago,IL,26-35,Male,Elite,App
UUS02288,2024-03-30,Boston,MA,36-45,Female,Standard,App
UUS02289,2025-02-20,Phoenix,AZ,18-25,Female,Standard,Website
UUS02290,2025-06-03,Phoenix,AZ,26-35,Male,Intro,App
UUS02291,2024-07-13,Boston,MA,18-25,Female,Standard,Website
UUS02292,2023-12-24,Dallas,TX,26-35,Female,Elite,App
UUS02293,2026-02-04,Boston,MA,18-25,Female,Standard,App
UUS02294,2025-07-19,Dallas,TX,26-35,Female,Standard,App
UUS02295,2024-12-30,Chicago,IL,36-45,Male,Intro,App
UUS02296,2025-09-14,Phoenix,AZ,26-35,Male,Elite,Website
UUS02297,2025-05-21,Boston,MA,46-55,Male,Intro,Website
UUS02298,2025-06-28,Seattle,WA,18-25,Female,Standard,App
UUS02299,2024-04-15,Dallas,TX,46-55,Male,Elite,App
UUS02300,2024-11-28,Philadelphia,PA,26-35,Male,Standard,App
UUS02301,2025-06-01,Los Angeles,CA,18-25,Female,Standard,App
UUS02302,2024-08-24,Austin,TX,26-35,Female,Standard,App
UUS02303,2025-12-13,Philadelphia,PA,36-45,Male,Standard,App
UUS02304,2023-12-27,Philadelphia,PA,36-45,Male,Intro,App
UUS02305,2026-02-10,Los Angeles,CA,46-55,Female,Standard,App
UUS02306,2024-04-20,Los Angeles,CA,36-45,Female,Standard,App
UUS02307,2024-05-07,Dallas,TX,36-45,Female,Elite,App
UUS02308,2024-03-03,Austin,TX,26-35,Male,Elite,App
UUS02309,2026-02-09,New York,NY,36-45,Male,Elite,Website
UUS02310,2025-11-06,Houston,TX,18-25,Male,Standard,Website
UUS02311,2025-09-08,Boston,MA,46-55,Female,Intro,App
UUS02312,2024-10-05,Philadelphia,PA,36-45,Female,Standard,App
UUS02313,2024-10-22,Seattle,WA,56+,Female,Elite,App
UUS02314,2025-11-02,Austin,TX,26-35,Female,Standard,App
UUS02315,2025-01-25,Austin,TX,18-25,Male,Standard,App
UUS02316,2024-01-28,Los Angeles,CA,18-25,Other,Elite,App
UUS02317,2024-09-23,San Diego,CA,26-35,Female,Standard,App
UUS02318,2025-02-23,Houston,TX,36-45,Female,Intro,App
UUS02319,2025-11-21,San Jose,CA,26-35,Male,Standard,App
UUS02320,2024-12-11,Houston,TX,46-55,Male,Elite,App
UUS02321,2026-01-03,Dallas,TX,26-35,Male,Intro,App
UUS02322,2024-03-28,New York,NY,26-35,Female,Elite,App
UUS02323,2025-11-14,Boston,MA,18-25,Male,Standard,App
UUS02324,2025-12-08,Seattle,WA,18-25,Female,Standard,App
UUS02325,2024-11-05,Chicago,IL,26-35,Male,Standard,App
UUS02326,2024-03-09,San Jose,CA,56+,Male,Intro,App
UUS02327,2025-11-12,San Diego,CA,46-55,Male,Standard,App
UUS02328,2025-12-26,Austin,TX,36-45,Female,Standard,Website
UUS02329,2026-01-08,Boston,MA,18-25,Male,Intro,App
UUS02330,2024-05-18,San Diego,CA,36-45,Female,Intro,App
UUS02331,2024-06-18,Boston,MA,46-55,Female,Standard,App
UUS02332,2024-04-27,Chicago,IL,56+,Male,Standard,App
UUS02333,2025-11-20,Seattle,WA,36-45,Female,Intro,App
UUS02334,2024-09-23,Los Angeles,CA,26-35,Male,Intro,App
UUS02335,2024-11-07,Los Angeles,CA,18-25,Male,Intro,App
UUS02336,2025-12-04,Los Angeles,CA,36-45,Female,Standard,App
UUS02337,2024-04-21,San Jose,CA,26-35,Female,Intro,App
UUS02338,2024-02-28,San Jose,CA,26-35,Male,Standard,Website
UUS02339,2024-03-04,San Diego,CA,46-55,Male,Intro,App
UUS02340,2026-02-02,Los Angeles,CA,18-25,Male,Standard,App
UUS02341,2025-03-18,New York,NY,56+,Female,Intro,Website
UUS02342,2025-05-11,Seattle,WA,26-35,Female,Intro,App
UUS02343,2024-08-01,Austin,TX,26-35,Male,Intro,Website
UUS02344,2024-10-10,Chicago,IL,36-45,Male,Intro,App
UUS02345,2024-03-23,Dallas,TX,26-35,Female,Elite,App
UUS02346,2025-06-19,Los Angeles,CA,18-25,Male,Intro,App
UUS02347,2024-04-21,Seattle,WA,46-55,Female,Standard,App
UUS02348,2026-03-21,Austin,TX,26-35,Female,Elite,App
UUS02349,2024-05-09,Houston,TX,56+,Female,Standard,App
UUS02350,2024-08-21,San Diego,CA,36-45,Female,Elite,App
UUS02351,2025-08-22,Phoenix,AZ,36-45,Male,Intro,App
UUS02352,2025-09-14,San Diego,CA,18-25,Female,Standard,App
UUS02353,2025-04-22,Los Angeles,CA,18-25,Female,Standard,App
UUS02354,2025-03-20,Los Angeles,CA,26-35,Female,Intro,Website
UUS02355,2024-04-12,Los Angeles,CA,26-35,Female,Standard,App
UUS02356,2025-05-27,New York,NY,36-45,Male,Standard,Website
UUS02357,2026-01-03,Dallas,TX,26-35,Female,Standard,Website
UUS02358,2025-12-22,Philadelphia,PA,26-35,Female,Standard,App
UUS02359,2024-04-12,Los Angeles,CA,36-45,Male,Elite,App
UUS02360,2025-01-17,New York,NY,26-35,Female,Standard,App
UUS02361,2024-08-17,New York,NY,26-35,Female,Standard,App
UUS02362,2024-05-09,Chicago,IL,18-25,Male,Intro,App
UUS02363,2024-06-16,Chicago,IL,56+,Male,Standard,App
UUS02364,2025-09-28,Phoenix,AZ,26-35,Female,Standard,Website
UUS02365,2025-07-22,Austin,TX,26-35,Male,Standard,App
UUS02366,2025-09-21,Phoenix,AZ,36-45,Female,Standard,Website
UUS02367,2025-02-06,Phoenix,AZ,18-25,Male,Intro,App
UUS02368,2024-08-08,Dallas,TX,56+,Male,Standard,Website
UUS02369,2025-10-02,San Jose,CA,26-35,Female,Standard,App
UUS02370,2024-10-04,Boston,MA,26-35,Male,Elite,App
UUS02371,2024-05-08,Los Angeles,CA,26-35,Male,Standard,App
UUS02372,2024-09-28,San Diego,CA,18-25,Male,Elite,Website
UUS02373,2024-08-04,Seattle,WA,36-45,Female,Intro,App
UUS02374,2025-01-19,Phoenix,AZ,18-25,Male,Standard,Website
UUS02375,2025-08-24,Los Angeles,CA,56+,Male,Standard,App
UUS02376,2024-02-14,Boston,MA,18-25,Male,Elite,App
UUS02377,2025-03-13,San Jose,CA,36-45,Male,Standard,App
UUS02378,2024-05-25,Phoenix,AZ,36-45,Female,Standard,Website
UUS02379,2024-03-27,Phoenix,AZ,36-45,Male,Standard,Website
UUS02380,2025-01-27,Phoenix,AZ,36-45,Female,Standard,Website
UUS02381,2024-09-30,Phoenix,AZ,36-45,Female,Standard,Website
UUS02382,2025-04-12,Philadelphia,PA,26-35,Female,Elite,Website
UUS02383,2024-07-27,Dallas,TX,36-45,Female,Standard,App
UUS02384,2025-08-13,Austin,TX,46-55,Female,Intro,App
UUS02385,2026-04-09,Austin,TX,36-45,Female,Elite,App
UUS02386,2025-07-19,Dallas,TX,46-55,Female,Standard,Website
UUS02387,2024-07-21,San Jose,CA,26-35,Female,Standard,App
UUS02388,2024-02-05,Houston,TX,36-45,Male,Standard,App
UUS02389,2025-02-13,Dallas,TX,46-55,Male,Standard,App
UUS02390,2025-07-17,Phoenix,AZ,26-35,Male,Standard,App
UUS02391,2024-09-20,Philadelphia,PA,46-55,Female,Elite,Website
UUS02392,2025-08-12,San Diego,CA,26-35,Male,Standard,App
UUS02393,2024-01-10,Austin,TX,46-55,Male,Intro,App
UUS02394,2025-08-10,Chicago,IL,26-35,Male,Elite,Website
UUS02395,2025-03-17,San Diego,CA,18-25,Male,Standard,Website
UUS02396,2025-01-25,Los Angeles,CA,18-25,Female,Elite,App
UUS02397,2025-12-23,Austin,TX,46-55,Male,Standard,App
UUS02398,2024-03-09,Houston,TX,46-55,Female,Standard,Website
UUS02399,2024-05-17,San Jose,CA,26-35,Female,Elite,App
UUS02400,2025-07-09,Boston,MA,46-55,Male,Intro,App
UUS02401,2025-09-04,Los Angeles,CA,46-55,Male,Standard,App
UUS02402,2025-08-15,Seattle,WA,56+,Female,Intro,App
UUS02403,2024-07-23,San Diego,CA,18-25,Male,Standard,Website
UUS02404,2025-03-10,San Jose,CA,26-35,Male,Elite,App
UUS02405,2024-08-07,Dallas,TX,26-35,Male,Intro,Website
UUS02406,2025-07-26,Austin,TX,56+,Female,Standard,App
UUS02407,2024-04-07,Chicago,IL,26-35,Female,Elite,App
UUS02408,2026-03-09,Los Angeles,CA,18-25,Male,Standard,App
UUS02409,2025-02-04,Phoenix,AZ,56+,Male,Standard,App
UUS02410,2025-12-17,Dallas,TX,26-35,Male,Elite,App
UUS02411,2026-02-27,San Jose,CA,26-35,Male,Standard,App
UUS02412,2024-11-02,Dallas,TX,36-45,Male,Standard,App
UUS02413,2025-09-14,San Jose,CA,18-25,Male,Standard,App
UUS02414,2024-03-08,San Diego,CA,36-45,Female,Elite,App
UUS02415,2024-04-07,San Jose,CA,36-45,Male,Intro,Website
UUS02416,2025-10-28,Seattle,WA,36-45,Male,Intro,App
UUS02417,2025-01-02,Phoenix,AZ,36-45,Female,Standard,Website
UUS02418,2024-09-06,Philadelphia,PA,18-25,Female,Standard,App
UUS02419,2025-03-24,San Diego,CA,46-55,Male,Intro,App
UUS02420,2024-11-05,Dallas,TX,18-25,Male,Standard,Website
UUS02421,2024-07-12,Austin,TX,26-35,Female,Intro,Website
UUS02422,2025-02-09,Los Angeles,CA,26-35,Male,Standard,App
UUS02423,2026-01-02,Houston,TX,26-35,Male,Standard,App
UUS02424,2025-07-02,Seattle,WA,46-55,Female,Elite,App
UUS02425,2025-03-17,Phoenix,AZ,26-35,Female,Standard,App
UUS02426,2025-10-12,Phoenix,AZ,56+,Male,Standard,App
UUS02427,2024-09-25,Seattle,WA,26-35,Female,Standard,App
UUS02428,2025-08-18,San Jose,CA,46-55,Male,Standard,Website
UUS02429,2024-04-14,Boston,MA,26-35,Male,Standard,App
UUS02430,2025-11-14,Houston,TX,56+,Male,Standard,App
UUS02431,2024-05-17,Philadelphia,PA,26-35,Male,Standard,App
UUS02432,2025-08-07,Los Angeles,CA,26-35,Male,Standard,App
UUS02433,2026-03-30,San Diego,CA,18-25,Female,Standard,App
UUS02434,2026-02-14,Austin,TX,46-55,Female,Standard,App
UUS02435,2025-05-22,Dallas,TX,46-55,Male,Elite,App
UUS02436,2026-02-03,New York,NY,56+,Female,Standard,App
UUS02437,2024-10-23,Austin,TX,18-25,Female,Standard,App
UUS02438,2024-05-19,San Diego,CA,26-35,Male,Elite,App
UUS02439,2024-03-05,Houston,TX,36-45,Female,Standard,App
UUS02440,2024-03-07,Phoenix,AZ,26-35,Male,Standard,App
UUS02441,2025-01-10,Dallas,TX,46-55,Male,Standard,Website
UUS02442,2025-05-09,San Diego,CA,46-55,Male,Standard,Website
UUS02443,2024-11-14,Boston,MA,36-45,Female,Standard,App
UUS02444,2024-02-08,Seattle,WA,18-25,Male,Standard,App
UUS02445,2024-09-16,Philadelphia,PA,18-25,Female,Intro,App
UUS02446,2025-07-13,Houston,TX,18-25,Female,Standard,App
UUS02447,2024-09-05,Phoenix,AZ,26-35,Female,Standard,App
UUS02448,2025-04-06,Austin,TX,18-25,Male,Elite,App
UUS02449,2024-09-10,Seattle,WA,56+,Male,Standard,App
UUS02450,2026-01-26,Phoenix,AZ,18-25,Female,Standard,Website
UUS02451,2025-08-29,San Jose,CA,26-35,Female,Elite,Website
UUS02452,2026-02-10,San Diego,CA,26-35,Male,Standard,App
UUS02453,2025-02-04,Phoenix,AZ,36-45,Male,Intro,Website
UUS02454,2023-12-20,New York,NY,26-35,Male,Intro,App
UUS02455,2026-04-03,Seattle,WA,26-35,Female,Elite,App
UUS02456,2025-11-19,Houston,TX,26-35,Male,Standard,App
UUS02457,2025-07-16,Philadelphia,PA,36-45,Male,Standard,Website
UUS02458,2024-06-06,Los Angeles,CA,26-35,Female,Elite,App
UUS02459,2025-02-13,San Diego,CA,56+,Male,Standard,App
UUS02460,2024-05-01,Phoenix,AZ,26-35,Female,Elite,App
UUS02461,2024-06-23,New York,NY,26-35,Male,Standard,App
UUS02462,2025-09-08,Boston,MA,18-25,Male,Standard,App
UUS02463,2025-09-25,San Jose,CA,26-35,Female,Intro,App
UUS02464,2024-09-26,Austin,TX,26-35,Male,Intro,App
UUS02465,2024-07-26,Los Angeles,CA,18-25,Female,Standard,App
UUS02466,2026-02-19,San Diego,CA,26-35,Male,Intro,App
UUS02467,2024-07-12,Seattle,WA,56+,Male,Standard,App
UUS02468,2025-05-31,Houston,TX,18-25,Female,Standard,App
UUS02469,2024-12-14,San Jose,CA,26-35,Male,Intro,Website
UUS02470,2024-10-19,Boston,MA,26-35,Female,Standard,Website
UUS02471,2026-01-03,San Jose,CA,56+,Male,Standard,App
UUS02472,2024-05-16,San Diego,CA,36-45,Male,Standard,App
UUS02473,2025-03-14,Boston,MA,36-45,Female,Standard,Website
UUS02474,2025-08-27,Houston,TX,18-25,Male,Standard,App
UUS02475,2025-01-07,Phoenix,AZ,36-45,Female,Elite,App
UUS02476,2024-06-22,Austin,TX,26-35,Female,Elite,App
UUS02477,2025-12-12,Boston,MA,26-35,Male,Intro,App
UUS02478,2025-02-01,Dallas,TX,46-55,Female,Standard,App
UUS02479,2025-05-01,Boston,MA,56+,Female,Intro,App
UUS02480,2025-06-03,Philadelphia,PA,56+,Female,Standard,App
UUS02481,2024-03-26,San Jose,CA,46-55,Male,Standard,Website
UUS02482,2024-01-15,San Diego,CA,26-35,Female,Standard,App
UUS02483,2024-06-27,Seattle,WA,46-55,Male,Standard,App
UUS02484,2024-08-06,San Jose,CA,36-45,Female,Standard,App
UUS02485,2025-07-17,Philadelphia,PA,36-45,Female,Standard,App
UUS02486,2025-09-22,Los Angeles,CA,18-25,Male,Intro,App
UUS02487,2024-04-27,Chicago,IL,26-35,Male,Elite,Website
UUS02488,2025-03-12,Phoenix,AZ,56+,Male,Elite,App
UUS02489,2026-02-14,Phoenix,AZ,26-35,Male,Standard,Website
UUS02490,2024-12-03,Phoenix,AZ,36-45,Female,Elite,App
UUS02491,2026-01-23,Boston,MA,46-55,Male,Intro,Website
UUS02492,2024-08-18,Seattle,WA,26-35,Male,Standard,Website
UUS02493,2024-06-18,Austin,TX,18-25,Female,Standard,App
UUS02494,2025-10-22,Phoenix,AZ,56+,Female,Standard,Website
UUS02495,2024-11-10,San Diego,CA,26-35,Female,Standard,Website
UUS02496,2025-11-28,San Diego,CA,26-35,Female,Standard,App
UUS02497,2025-05-12,San Diego,CA,26-35,Female,Standard,App
UUS02498,2025-11-28,San Diego,CA,46-55,Male,Standard,App
UUS02499,2024-01-14,San Diego,CA,18-25,Female,Standard,App
UUS02500,2024-12-12,Houston,TX,46-55,Male,Intro,App
UUS02501,2025-08-31,Los Angeles,CA,18-25,Female,Elite,App
UUS02502,2025-11-03,Boston,MA,18-25,Female,Intro,Website
UUS02503,2024-06-20,Philadelphia,PA,36-45,Female,Elite,App
UUS02504,2024-06-20,Los Angeles,CA,36-45,Male,Standard,App
UUS02505,2025-03-02,Philadelphia,PA,46-55,Male,Standard,App
UUS02506,2024-04-22,New York,NY,18-25,Male,Elite,Website
UUS02507,2024-09-20,Philadelphia,PA,26-35,Male,Standard,App
UUS02508,2026-02-03,San Jose,CA,36-45,Male,Elite,Website
UUS02509,2026-02-19,Philadelphia,PA,36-45,Female,Standard,Website
UUS02510,2025-08-21,San Jose,CA,46-55,Male,Intro,App
UUS02511,2025-01-21,San Jose,CA,36-45,Female,Standard,App
UUS02512,2024-12-22,Dallas,TX,36-45,Male,Intro,App
UUS02513,2025-07-01,San Jose,CA,46-55,Male,Standard,App
UUS02514,2025-09-20,Houston,TX,56+,Male,Standard,App
UUS02515,2025-02-23,Chicago,IL,46-55,Female,Standard,App
UUS02516,2025-08-20,Houston,TX,26-35,Female,Standard,App
UUS02517,2024-06-11,Seattle,WA,18-25,Female,Standard,App
UUS02518,2026-04-06,New York,NY,46-55,Male,Intro,Website
UUS02519,2024-10-27,New York,NY,36-45,Female,Standard,Website
UUS02520,2025-03-31,Austin,TX,18-25,Male,Standard,App
UUS02521,2024-11-17,Chicago,IL,36-45,Female,Elite,Website
UUS02522,2024-09-06,Houston,TX,26-35,Female,Standard,App
UUS02523,2024-03-09,Philadelphia,PA,56+,Female,Standard,App
UUS02524,2025-09-01,San Jose,CA,26-35,Female,Standard,Website
UUS02525,2024-05-12,New York,NY,26-35,Male,Standard,Website
UUS02526,2026-01-16,San Jose,CA,36-45,Female,Standard,App
UUS02527,2025-03-13,San Jose,CA,56+,Female,Standard,Website
UUS02528,2025-06-01,Philadelphia,PA,18-25,Other,Intro,App
UUS02529,2024-09-03,Boston,MA,18-25,Male,Standard,App
UUS02530,2024-08-12,San Jose,CA,36-45,Female,Standard,App
UUS02531,2025-05-04,New York,NY,36-45,Male,Elite,App
UUS02532,2025-07-02,New York,NY,36-45,Male,Standard,App
UUS02533,2025-04-27,Dallas,TX,26-35,Female,Standard,Website
UUS02534,2025-12-23,New York,NY,36-45,Male,Standard,Website
UUS02535,2024-06-20,New York,NY,26-35,Male,Standard,App
UUS02536,2024-08-28,Houston,TX,46-55,Female,Standard,App
UUS02537,2024-12-28,Dallas,TX,26-35,Other,Elite,Website
UUS02538,2026-03-05,Austin,TX,46-55,Male,Elite,App
UUS02539,2025-07-22,Philadelphia,PA,26-35,Male,Standard,Website
UUS02540,2024-05-03,Philadelphia,PA,26-35,Other,Standard,App
UUS02541,2024-06-03,Dallas,TX,36-45,Male,Standard,Website
UUS02542,2024-05-12,Boston,MA,26-35,Male,Standard,App
UUS02543,2025-05-17,San Jose,CA,56+,Male,Standard,App
UUS02544,2024-09-30,Philadelphia,PA,26-35,Female,Intro,App
UUS02545,2024-05-12,Seattle,WA,26-35,Male,Intro,App
UUS02546,2026-02-27,Houston,TX,36-45,Female,Standard,App
UUS02547,2025-09-28,Houston,TX,46-55,Male,Standard,App
UUS02548,2025-02-25,Chicago,IL,46-55,Other,Intro,App
UUS02549,2026-03-09,Austin,TX,36-45,Female,Standard,App
UUS02550,2024-10-12,Los Angeles,CA,18-25,Male,Elite,App
UUS02551,2024-03-25,Chicago,IL,36-45,Male,Standard,App
UUS02552,2024-08-22,Phoenix,AZ,26-35,Male,Standard,App
UUS02553,2024-07-08,Dallas,TX,18-25,Male,Standard,App
UUS02554,2026-03-20,Houston,TX,26-35,Male,Intro,Website
UUS02555,2024-10-17,Houston,TX,36-45,Female,Standard,Website
UUS02556,2024-01-25,San Diego,CA,26-35,Male,Standard,App
UUS02557,2024-04-10,Austin,TX,36-45,Female,Standard,App
UUS02558,2024-01-25,Austin,TX,26-35,Male,Elite,Website
UUS02559,2024-09-05,Austin,TX,36-45,Male,Intro,App
UUS02560,2025-08-01,Phoenix,AZ,36-45,Female,Elite,App
UUS02561,2025-08-15,Austin,TX,36-45,Male,Standard,App
UUS02562,2024-09-12,Phoenix,AZ,36-45,Male,Standard,Website
UUS02563,2024-09-15,Houston,TX,26-35,Male,Standard,App
UUS02564,2025-07-22,Philadelphia,PA,46-55,Female,Elite,App
UUS02565,2025-07-28,Los Angeles,CA,26-35,Male,Standard,App
UUS02566,2024-10-22,Austin,TX,26-35,Male,Intro,Website
UUS02567,2024-01-12,Dallas,TX,18-25,Male,Standard,App
UUS02568,2025-01-29,Houston,TX,36-45,Female,Standard,App
UUS02569,2025-01-29,Boston,MA,18-25,Female,Intro,App
UUS02570,2025-06-24,San Jose,CA,26-35,Male,Intro,Website
UUS02571,2025-10-15,Chicago,IL,26-35,Female,Standard,App
UUS02572,2025-08-08,New York,NY,46-55,Female,Intro,App
UUS02573,2025-02-16,Chicago,IL,36-45,Male,Elite,App
UUS02574,2024-08-29,Austin,TX,46-55,Male,Standard,App
UUS02575,2025-11-17,Dallas,TX,26-35,Male,Intro,Website
UUS02576,2025-10-10,Los Angeles,CA,26-35,Female,Elite,App
UUS02577,2026-01-24,Los Angeles,CA,46-55,Female,Standard,App
UUS02578,2024-09-12,Phoenix,AZ,18-25,Male,Standard,Website
UUS02579,2023-12-20,Phoenix,AZ,56+,Male,Elite,App
UUS02580,2025-04-06,Houston,TX,46-55,Male,Standard,App
UUS02581,2025-03-24,Chicago,IL,26-35,Male,Intro,Website
UUS02582,2026-01-15,Phoenix,AZ,26-35,Female,Intro,App
UUS02583,2025-05-28,Boston,MA,26-35,Female,Elite,App
UUS02584,2023-12-31,Boston,MA,36-45,Male,Standard,App
UUS02585,2024-01-14,Chicago,IL,46-55,Female,Standard,App
UUS02586,2026-03-27,Boston,MA,26-35,Male,Intro,App
UUS02587,2024-04-04,Houston,TX,36-45,Male,Standard,App
UUS02588,2024-11-12,Los Angeles,CA,36-45,Male,Intro,App
UUS02589,2024-12-09,Seattle,WA,46-55,Female,Standard,App
UUS02590,2024-04-28,Los Angeles,CA,46-55,Male,Elite,App
UUS02591,2025-06-22,New York,NY,46-55,Female,Standard,App
UUS02592,2024-10-24,New York,NY,26-35,Male,Standard,App
UUS02593,2024-08-06,San Jose,CA,56+,Male,Elite,App
UUS02594,2024-03-10,Austin,TX,56+,Male,Standard,App
UUS02595,2024-08-31,Houston,TX,26-35,Male,Elite,App
UUS02596,2026-01-03,Dallas,TX,36-45,Female,Standard,App
UUS02597,2024-06-15,Chicago,IL,46-55,Female,Intro,Website
UUS02598,2024-02-09,Dallas,TX,26-35,Male,Standard,App
UUS02599,2024-02-22,Boston,MA,26-35,Male,Standard,Website
UUS02600,2025-04-29,Boston,MA,26-35,Male,Standard,App
UUS02601,2025-04-07,Phoenix,AZ,26-35,Male,Standard,App
UUS02602,2025-07-14,Houston,TX,26-35,Male,Standard,App
UUS02603,2025-06-27,San Diego,CA,26-35,Female,Standard,App
UUS02604,2025-07-02,Philadelphia,PA,46-55,Female,Elite,App
UUS02605,2025-05-07,Philadelphia,PA,26-35,Male,Standard,Website
UUS02606,2025-03-10,San Diego,CA,26-35,Other,Standard,App
UUS02607,2025-06-07,San Jose,CA,18-25,Female,Intro,Website
UUS02608,2024-04-22,Phoenix,AZ,26-35,Female,Elite,App
UUS02609,2025-11-18,Boston,MA,36-45,Female,Intro,App
UUS02610,2025-07-05,Chicago,IL,18-25,Female,Intro,App
UUS02611,2025-03-15,Austin,TX,26-35,Female,Elite,App
UUS02612,2024-03-19,Austin,TX,46-55,Female,Intro,App
UUS02613,2024-05-02,Philadelphia,PA,36-45,Female,Intro,App
UUS02614,2025-12-27,Philadelphia,PA,18-25,Female,Standard,App
UUS02615,2024-06-27,New York,NY,56+,Female,Elite,App
UUS02616,2025-10-26,San Jose,CA,26-35,Male,Standard,App
UUS02617,2024-05-01,San Jose,CA,36-45,Female,Standard,App
UUS02618,2025-12-03,Seattle,WA,18-25,Male,Elite,Website
UUS02619,2025-09-06,Chicago,IL,36-45,Male,Intro,Website
UUS02620,2025-02-05,Houston,TX,26-35,Male,Intro,App
UUS02621,2024-07-19,Boston,MA,36-45,Male,Intro,Website
UUS02622,2025-07-10,Seattle,WA,18-25,Female,Standard,Website
UUS02623,2024-06-06,Dallas,TX,26-35,Male,Intro,App
UUS02624,2025-11-21,Boston,MA,18-25,Male,Standard,App
UUS02625,2024-04-24,Boston,MA,56+,Male,Standard,App
UUS02626,2025-11-16,San Diego,CA,36-45,Female,Standard,App
UUS02627,2026-01-10,San Jose,CA,36-45,Male,Standard,App
UUS02628,2024-06-27,New York,NY,36-45,Female,Standard,App
UUS02629,2024-03-04,New York,NY,46-55,Female,Standard,App
UUS02630,2024-04-29,Seattle,WA,26-35,Male,Intro,App
UUS02631,2024-10-19,New York,NY,26-35,Female,Intro,Website
UUS02632,2024-12-31,Seattle,WA,46-55,Female,Intro,App
UUS02633,2024-10-02,Boston,MA,46-55,Female,Elite,App
UUS02634,2024-07-05,Boston,MA,26-35,Female,Elite,App
UUS02635,2026-01-14,Phoenix,AZ,18-25,Female,Standard,Website
UUS02636,2026-03-02,Phoenix,AZ,36-45,Male,Elite,App
UUS02637,2026-02-08,Houston,TX,46-55,Male,Standard,App
UUS02638,2026-04-02,Seattle,WA,46-55,Male,Elite,App
UUS02639,2026-03-03,New York,NY,46-55,Female,Elite,Website
UUS02640,2024-09-02,Phoenix,AZ,46-55,Male,Intro,Website
UUS02641,2025-08-02,Philadelphia,PA,36-45,Female,Intro,Website
UUS02642,2026-02-21,Seattle,WA,46-55,Female,Standard,App
UUS02643,2024-09-17,Seattle,WA,36-45,Male,Standard,App
UUS02644,2025-10-27,New York,NY,18-25,Female,Standard,Website
UUS02645,2024-04-17,Phoenix,AZ,46-55,Male,Intro,App
UUS02646,2024-09-23,Phoenix,AZ,26-35,Male,Standard,App
UUS02647,2025-03-25,Boston,MA,26-35,Female,Elite,App
UUS02648,2024-03-19,Philadelphia,PA,36-45,Female,Elite,App
UUS02649,2025-09-16,Austin,TX,36-45,Female,Intro,Website
UUS02650,2026-02-13,Boston,MA,26-35,Male,Standard,App
UUS02651,2025-08-21,San Diego,CA,18-25,Male,Standard,Website
UUS02652,2024-10-24,San Diego,CA,18-25,Male,Standard,App
UUS02653,2025-06-14,San Jose,CA,18-25,Male,Standard,Website
UUS02654,2025-11-20,Boston,MA,26-35,Male,Intro,App
UUS02655,2025-02-18,New York,NY,26-35,Female,Elite,App
UUS02656,2024-08-24,San Diego,CA,56+,Female,Elite,App
UUS02657,2026-02-07,Philadelphia,PA,56+,Male,Standard,App
UUS02658,2024-09-05,Boston,MA,46-55,Female,Intro,App
UUS02659,2026-03-05,Phoenix,AZ,46-55,Female,Intro,App
UUS02660,2024-03-08,Los Angeles,CA,26-35,Male,Elite,App
UUS02661,2024-06-17,Austin,TX,26-35,Male,Standard,App
UUS02662,2025-03-31,San Diego,CA,36-45,Female,Elite,App
UUS02663,2025-09-04,Chicago,IL,26-35,Female,Elite,App
UUS02664,2025-04-07,Dallas,TX,26-35,Male,Elite,App
UUS02665,2025-09-21,San Diego,CA,26-35,Female,Intro,App
UUS02666,2025-04-27,Los Angeles,CA,26-35,Male,Elite,App
UUS02667,2025-11-15,New York,NY,26-35,Female,Standard,Website
UUS02668,2025-01-26,Los Angeles,CA,36-45,Male,Elite,App
UUS02669,2025-09-21,Austin,TX,36-45,Male,Intro,App
UUS02670,2026-01-30,Philadelphia,PA,36-45,Female,Standard,App
UUS02671,2025-08-05,Seattle,WA,36-45,Female,Standard,App
UUS02672,2025-09-10,Austin,TX,36-45,Female,Intro,App
UUS02673,2026-03-05,New York,NY,46-55,Female,Intro,App
UUS02674,2025-03-24,Dallas,TX,56+,Female,Standard,App
UUS02675,2025-11-21,Los Angeles,CA,36-45,Female,Intro,App
UUS02676,2024-03-16,Phoenix,AZ,26-35,Female,Elite,App
UUS02677,2025-07-09,Dallas,TX,36-45,Female,Standard,App
UUS02678,2024-07-21,Dallas,TX,26-35,Female,Intro,App
UUS02679,2024-03-25,Seattle,WA,26-35,Male,Standard,App
UUS02680,2025-03-30,Dallas,TX,26-35,Female,Standard,App
UUS02681,2025-02-16,Boston,MA,46-55,Male,Standard,App
UUS02682,2024-01-18,Houston,TX,26-35,Male,Standard,Website
UUS02683,2025-09-01,Dallas,TX,26-35,Other,Standard,App
UUS02684,2024-03-19,Los Angeles,CA,18-25,Female,Intro,Website
UUS02685,2024-10-01,Houston,TX,26-35,Male,Standard,App
UUS02686,2026-02-15,San Jose,CA,36-45,Female,Standard,App
UUS02687,2025-04-18,Los Angeles,CA,36-45,Male,Standard,App
UUS02688,2025-08-15,Dallas,TX,36-45,Male,Standard,Website
UUS02689,2025-03-04,Austin,TX,36-45,Male,Standard,App
UUS02690,2026-04-02,Seattle,WA,36-45,Male,Intro,App
UUS02691,2025-12-08,Dallas,TX,56+,Female,Standard,App
UUS02692,2026-02-17,Houston,TX,36-45,Female,Intro,App
UUS02693,2026-01-26,San Diego,CA,26-35,Female,Standard,App
UUS02694,2025-10-03,Phoenix,AZ,36-45,Female,Elite,App
UUS02695,2025-04-20,Boston,MA,18-25,Female,Standard,App
UUS02696,2025-08-03,Austin,TX,18-25,Female,Standard,App
UUS02697,2025-04-13,Philadelphia,PA,26-35,Female,Standard,App
UUS02698,2025-03-09,Seattle,WA,36-45,Male,Standard,App
UUS02699,2025-03-09,Seattle,WA,26-35,Male,Elite,App
UUS02700,2024-06-22,Philadelphia,PA,26-35,Male,Standard,App
UUS02701,2025-02-15,Boston,MA,36-45,Male,Intro,Website
UUS02702,2026-04-18,Austin,TX,46-55,Female,Standard,App
UUS02703,2025-10-02,San Diego,CA,56+,Male,Standard,App
UUS02704,2025-11-05,San Jose,CA,26-35,Female,Elite,Website
UUS02705,2025-04-04,Chicago,IL,26-35,Female,Elite,Website
UUS02706,2025-08-16,Phoenix,AZ,56+,Female,Standard,App
UUS02707,2025-04-23,Los Angeles,CA,26-35,Female,Standard,App
UUS02708,2025-05-22,Houston,TX,26-35,Female,Standard,App
UUS02709,2024-09-28,Los Angeles,CA,26-35,Male,Standard,Website
UUS02710,2024-04-14,San Jose,CA,26-35,Male,Elite,App
UUS02711,2025-05-28,Houston,TX,26-35,Male,Standard,App
UUS02712,2024-05-15,Houston,TX,36-45,Female,Intro,App
UUS02713,2025-09-27,Seattle,WA,18-25,Male,Standard,App
UUS02714,2024-11-02,Seattle,WA,18-25,Male,Elite,App
UUS02715,2024-11-15,Philadelphia,PA,36-45,Female,Standard,Website
UUS02716,2024-12-16,Phoenix,AZ,46-55,Male,Standard,App
UUS02717,2026-01-16,Boston,MA,26-35,Male,Standard,App
UUS02718,2025-07-19,San Diego,CA,18-25,Male,Elite,App
UUS02719,2024-02-16,Dallas,TX,46-55,Male,Standard,App
UUS02720,2025-11-21,San Jose,CA,26-35,Male,Intro,App
UUS02721,2024-03-02,Chicago,IL,56+,Female,Standard,App
UUS02722,2024-07-18,Boston,MA,18-25,Female,Standard,App
UUS02723,2025-05-30,New York,NY,18-25,Male,Intro,Website
UUS02724,2024-03-29,Philadelphia,PA,18-25,Male,Standard,App
UUS02725,2024-04-16,New York,NY,46-55,Female,Elite,Website
UUS02726,2024-05-15,Houston,TX,18-25,Female,Elite,App
UUS02727,2024-02-21,Austin,TX,26-35,Male,Standard,Website
UUS02728,2025-09-02,Philadelphia,PA,46-55,Female,Standard,Website
UUS02729,2026-03-02,Boston,MA,26-35,Male,Intro,App
UUS02730,2025-01-02,Seattle,WA,46-55,Female,Standard,Website
UUS02731,2024-07-30,Seattle,WA,26-35,Male,Intro,App
UUS02732,2025-01-05,Boston,MA,36-45,Female,Standard,Website
UUS02733,2025-07-05,Austin,TX,36-45,Male,Intro,App
UUS02734,2025-09-06,Chicago,IL,36-45,Female,Standard,Website
UUS02735,2025-01-20,Houston,TX,26-35,Female,Standard,App
UUS02736,2024-01-28,Dallas,TX,26-35,Male,Standard,Website
UUS02737,2025-05-28,Phoenix,AZ,18-25,Male,Intro,App
UUS02738,2024-11-26,Phoenix,AZ,56+,Male,Intro,App
UUS02739,2025-05-07,San Diego,CA,26-35,Male,Standard,App
UUS02740,2024-03-20,New York,NY,26-35,Male,Standard,App
UUS02741,2024-08-16,Philadelphia,PA,18-25,Male,Elite,App
UUS02742,2024-07-09,San Jose,CA,18-25,Male,Standard,Website
UUS02743,2025-07-22,Los Angeles,CA,46-55,Male,Standard,App
UUS02744,2025-03-07,Boston,MA,36-45,Male,Intro,App
UUS02745,2024-12-25,Houston,TX,18-25,Male,Elite,App
UUS02746,2026-02-24,Los Angeles,CA,56+,Female,Standard,Website
UUS02747,2025-12-06,Philadelphia,PA,18-25,Female,Standard,App
UUS02748,2025-01-23,Boston,MA,36-45,Female,Intro,App
UUS02749,2024-12-30,Seattle,WA,36-45,Male,Standard,App
UUS02750,2025-12-11,San Diego,CA,26-35,Male,Standard,Website
UUS02751,2024-11-17,Austin,TX,18-25,Female,Standard,App
UUS02752,2024-12-01,New York,NY,26-35,Male,Intro,App
UUS02753,2026-01-27,San Diego,CA,26-35,Female,Elite,App
UUS02754,2024-10-19,Los Angeles,CA,46-55,Female,Elite,App
UUS02755,2026-01-28,San Jose,CA,18-25,Male,Elite,Website
UUS02756,2024-01-17,Seattle,WA,18-25,Female,Standard,App
UUS02757,2026-01-29,Dallas,TX,18-25,Female,Standard,App
UUS02758,2025-12-29,San Jose,CA,46-55,Female,Elite,App
UUS02759,2024-10-13,Los Angeles,CA,26-35,Male,Standard,App
UUS02760,2026-01-22,Los Angeles,CA,26-35,Female,Standard,App
UUS02761,2026-02-15,Philadelphia,PA,26-35,Male,Standard,App
UUS02762,2025-06-30,Seattle,WA,56+,Male,Standard,App
UUS02763,2024-01-12,Philadelphia,PA,26-35,Female,Elite,App
UUS02764,2025-11-22,San Diego,CA,26-35,Male,Standard,App
UUS02765,2024-06-15,San Jose,CA,36-45,Female,Standard,App
UUS02766,2025-07-24,Boston,MA,26-35,Female,Standard,App
UUS02767,2024-02-28,Dallas,TX,36-45,Male,Standard,App
UUS02768,2024-03-14,Houston,TX,36-45,Female,Standard,App
UUS02769,2025-08-14,Dallas,TX,56+,Other,Standard,App
UUS02770,2024-07-29,Chicago,IL,26-35,Male,Standard,App
UUS02771,2025-06-14,Seattle,WA,18-25,Male,Intro,App
UUS02772,2024-09-05,Chicago,IL,36-45,Male,Standard,Website
UUS02773,2026-03-03,Philadelphia,PA,36-45,Male,Standard,App
UUS02774,2026-01-07,Los Angeles,CA,18-25,Female,Standard,App
UUS02775,2024-05-02,Dallas,TX,36-45,Male,Standard,App
UUS02776,2024-01-10,San Diego,CA,18-25,Female,Standard,App
UUS02777,2024-04-20,Los Angeles,CA,26-35,Male,Standard,App
UUS02778,2024-06-19,Houston,TX,36-45,Female,Standard,App
UUS02779,2025-10-07,Dallas,TX,36-45,Male,Standard,App
UUS02780,2024-09-10,Los Angeles,CA,36-45,Male,Intro,Website
UUS02781,2025-03-03,San Diego,CA,46-55,Male,Elite,App
UUS02782,2025-03-13,Los Angeles,CA,26-35,Female,Intro,App
UUS02783,2024-06-26,Chicago,IL,18-25,Male,Standard,App
UUS02784,2025-02-06,Phoenix,AZ,36-45,Female,Standard,App
UUS02785,2025-11-07,Chicago,IL,26-35,Female,Elite,App
UUS02786,2024-04-24,Boston,MA,18-25,Female,Intro,App
UUS02787,2026-02-13,Philadelphia,PA,26-35,Female,Standard,Website
UUS02788,2025-09-01,Los Angeles,CA,36-45,Male,Intro,App
UUS02789,2024-02-13,San Jose,CA,26-35,Female,Standard,Website
UUS02790,2025-01-28,Boston,MA,36-45,Male,Standard,App
UUS02791,2025-09-01,Austin,TX,26-35,Female,Standard,App
UUS02792,2025-08-05,Boston,MA,46-55,Female,Standard,App
UUS02793,2024-12-26,San Diego,CA,56+,Other,Standard,Website
UUS02794,2025-07-18,Seattle,WA,36-45,Male,Intro,Website
UUS02795,2024-07-03,Phoenix,AZ,26-35,Male,Standard,App
UUS02796,2025-06-07,Austin,TX,26-35,Male,Standard,Website
UUS02797,2024-10-24,Dallas,TX,36-45,Male,Elite,App
UUS02798,2025-11-16,Dallas,TX,18-25,Male,Standard,App
UUS02799,2024-12-22,Phoenix,AZ,56+,Female,Standard,Website
UUS02800,2024-02-10,Boston,MA,46-55,Female,Standard,App
UUS02801,2025-08-18,San Jose,CA,36-45,Female,Standard,App
UUS02802,2023-12-22,Houston,TX,18-25,Male,Standard,App
UUS02803,2025-07-18,Seattle,WA,36-45,Female,Standard,App
UUS02804,2025-04-04,Phoenix,AZ,26-35,Other,Elite,Website
UUS02805,2025-01-29,Houston,TX,46-55,Male,Standard,App
UUS02806,2024-08-04,Dallas,TX,26-35,Male,Standard,App
UUS02807,2025-04-12,Houston,TX,18-25,Male,Elite,App
UUS02808,2024-11-14,New York,NY,26-35,Male,Elite,App
UUS02809,2024-09-20,Phoenix,AZ,18-25,Male,Standard,App
UUS02810,2024-11-07,Phoenix,AZ,36-45,Female,Standard,Website
UUS02811,2025-11-05,Boston,MA,36-45,Male,Intro,App
UUS02812,2025-07-01,Los Angeles,CA,26-35,Other,Standard,Website
UUS02813,2025-09-20,Chicago,IL,56+,Female,Elite,App
UUS02814,2024-05-15,Philadelphia,PA,36-45,Female,Intro,App
UUS02815,2024-07-16,Austin,TX,46-55,Female,Intro,App
UUS02816,2026-01-13,Chicago,IL,26-35,Male,Intro,App
UUS02817,2024-01-28,Los Angeles,CA,36-45,Male,Intro,App
UUS02818,2025-07-05,Austin,TX,56+,Male,Standard,Website
UUS02819,2024-07-01,New York,NY,26-35,Male,Standard,App
UUS02820,2025-10-27,Chicago,IL,26-35,Female,Standard,App
UUS02821,2025-02-03,Dallas,TX,18-25,Male,Intro,Website
UUS02822,2024-03-01,Dallas,TX,26-35,Male,Standard,App
UUS02823,2024-05-25,San Jose,CA,36-45,Male,Intro,App
UUS02824,2024-05-25,Austin,TX,36-45,Male,Standard,App
UUS02825,2025-07-04,Dallas,TX,56+,Female,Intro,App
UUS02826,2026-01-04,Houston,TX,26-35,Female,Standard,App
UUS02827,2025-01-11,Philadelphia,PA,26-35,Female,Standard,App
UUS02828,2024-10-26,Chicago,IL,18-25,Male,Standard,Website
UUS02829,2025-10-30,San Jose,CA,36-45,Male,Intro,App
UUS02830,2026-01-13,Houston,TX,18-25,Female,Elite,App
UUS02831,2026-04-01,New York,NY,36-45,Male,Standard,Website
UUS02832,2025-05-13,Phoenix,AZ,36-45,Male,Intro,App
UUS02833,2025-04-07,Los Angeles,CA,26-35,Male,Standard,Website
UUS02834,2025-10-19,Phoenix,AZ,26-35,Female,Standard,Website
UUS02835,2025-07-25,Philadelphia,PA,18-25,Female,Standard,App
UUS02836,2025-03-21,Phoenix,AZ,46-55,Female,Standard,App
UUS02837,2026-01-09,Houston,TX,36-45,Female,Intro,App
UUS02838,2025-05-30,Boston,MA,36-45,Male,Elite,App
UUS02839,2025-04-25,Boston,MA,26-35,Male,Standard,Website
UUS02840,2025-01-07,Dallas,TX,26-35,Male,Standard,App
UUS02841,2024-01-27,Seattle,WA,36-45,Female,Standard,App
UUS02842,2024-10-13,New York,NY,56+,Male,Standard,App
UUS02843,2026-01-26,Austin,TX,26-35,Female,Standard,Website
UUS02844,2025-11-02,New York,NY,56+,Male,Standard,Website
UUS02845,2024-10-24,Los Angeles,CA,26-35,Male,Intro,Website
UUS02846,2025-05-10,New York,NY,36-45,Male,Intro,Website
UUS02847,2025-08-30,Seattle,WA,56+,Female,Standard,App
UUS02848,2023-12-24,San Diego,CA,56+,Male,Intro,Website
UUS02849,2024-05-21,Austin,TX,26-35,Male,Elite,Website
UUS02850,2025-09-05,Seattle,WA,26-35,Female,Standard,App
UUS02851,2024-07-22,Phoenix,AZ,46-55,Male,Intro,App
UUS02852,2025-03-24,New York,NY,26-35,Female,Intro,Website
UUS02853,2024-02-26,New York,NY,26-35,Female,Standard,App
UUS02854,2024-04-30,San Diego,CA,36-45,Male,Standard,Website
UUS02855,2024-10-02,Austin,TX,46-55,Male,Standard,App
UUS02856,2024-02-27,Dallas,TX,26-35,Male,Standard,App
UUS02857,2024-10-02,Boston,MA,26-35,Female,Elite,Website
UUS02858,2024-08-24,San Jose,CA,26-35,Female,Standard,App
UUS02859,2024-11-23,Philadelphia,PA,26-35,Male,Standard,Website
UUS02860,2026-01-09,Austin,TX,46-55,Male,Elite,App
UUS02861,2024-05-16,New York,NY,46-55,Male,Intro,App
UUS02862,2024-06-29,Philadelphia,PA,26-35,Female,Standard,App
UUS02863,2026-03-01,Houston,TX,46-55,Male,Elite,App
UUS02864,2025-08-18,Phoenix,AZ,26-35,Female,Elite,App
UUS02865,2024-09-21,New York,NY,18-25,Male,Elite,App
UUS02866,2024-10-02,Los Angeles,CA,26-35,Female,Standard,App
UUS02867,2025-06-02,Seattle,WA,18-25,Male,Standard,App
UUS02868,2024-06-02,Dallas,TX,46-55,Female,Intro,App
UUS02869,2024-07-05,San Diego,CA,36-45,Male,Standard,App
UUS02870,2026-03-19,Seattle,WA,18-25,Other,Standard,App
UUS02871,2024-04-11,Los Angeles,CA,18-25,Male,Elite,App
UUS02872,2024-03-25,Boston,MA,26-35,Male,Standard,App
UUS02873,2024-05-30,Boston,MA,18-25,Male,Standard,App
UUS02874,2024-04-18,Boston,MA,26-35,Female,Standard,App
UUS02875,2025-05-30,Boston,MA,46-55,Female,Elite,App
UUS02876,2024-08-23,Philadelphia,PA,26-35,Male,Standard,App
UUS02877,2025-05-08,Austin,TX,36-45,Male,Standard,Website
UUS02878,2024-08-22,Dallas,TX,46-55,Male,Standard,App
UUS02879,2026-03-08,Boston,MA,26-35,Female,Standard,App
UUS02880,2025-02-12,Boston,MA,56+,Male,Elite,App
UUS02881,2024-06-16,Houston,TX,26-35,Female,Standard,App
UUS02882,2025-10-19,Chicago,IL,36-45,Female,Standard,App
UUS02883,2026-01-16,San Jose,CA,56+,Other,Intro,App
UUS02884,2024-07-14,Houston,TX,46-55,Female,Standard,App
UUS02885,2025-08-27,Phoenix,AZ,56+,Male,Standard,Website
UUS02886,2025-04-12,Austin,TX,18-25,Female,Standard,Website
UUS02887,2025-08-14,New York,NY,56+,Male,Standard,App
UUS02888,2025-06-05,San Jose,CA,36-45,Female,Standard,App
UUS02889,2024-08-22,Seattle,WA,26-35,Female,Standard,App
UUS02890,2025-05-22,New York,NY,26-35,Female,Intro,App
UUS02891,2025-10-29,New York,NY,46-55,Female,Standard,Website
UUS02892,2025-02-16,Philadelphia,PA,18-25,Male,Intro,App
UUS02893,2024-02-03,Los Angeles,CA,26-35,Female,Standard,App
UUS02894,2026-04-01,New York,NY,46-55,Female,Elite,App
UUS02895,2024-06-09,San Jose,CA,46-55,Female,Elite,App
UUS02896,2025-07-04,Philadelphia,PA,46-55,Female,Standard,App
UUS02897,2024-12-08,Houston,TX,36-45,Female,Elite,App
UUS02898,2025-04-17,San Jose,CA,26-35,Female,Standard,App
UUS02899,2024-08-07,Houston,TX,36-45,Female,Intro,App
UUS02900,2025-10-01,Chicago,IL,56+,Male,Elite,App
UUS02901,2024-08-18,Houston,TX,36-45,Male,Standard,App
UUS02902,2025-01-27,Seattle,WA,18-25,Female,Standard,Website
UUS02903,2024-10-29,San Jose,CA,36-45,Other,Elite,Website
UUS02904,2025-10-09,Houston,TX,26-35,Other,Elite,App
UUS02905,2026-01-01,Philadelphia,PA,26-35,Female,Elite,Website
UUS02906,2024-07-24,Seattle,WA,36-45,Female,Standard,App
UUS02907,2024-10-26,Chicago,IL,18-25,Female,Standard,App
UUS02908,2026-01-14,Chicago,IL,36-45,Female,Standard,App
UUS02909,2024-01-03,Houston,TX,36-45,Male,Intro,App
UUS02910,2025-03-14,Chicago,IL,46-55,Male,Intro,App
UUS02911,2025-11-14,Los Angeles,CA,46-55,Female,Standard,App
UUS02912,2024-08-23,Houston,TX,26-35,Male,Standard,Website
UUS02913,2024-02-04,Boston,MA,36-45,Female,Standard,App
UUS02914,2024-12-21,San Diego,CA,46-55,Male,Standard,App
UUS02915,2025-02-20,San Jose,CA,46-55,Female,Standard,Website
UUS02916,2025-05-05,Seattle,WA,26-35,Female,Elite,App
UUS02917,2024-09-10,Chicago,IL,56+,Male,Standard,Website
UUS02918,2024-04-16,Houston,TX,18-25,Male,Standard,App
UUS02919,2024-04-27,Dallas,TX,36-45,Female,Standard,App
UUS02920,2025-05-15,Houston,TX,46-55,Female,Standard,App
UUS02921,2024-10-09,Austin,TX,26-35,Female,Standard,App
UUS02922,2024-09-15,Boston,MA,56+,Male,Standard,App
UUS02923,2024-09-14,Chicago,IL,26-35,Male,Standard,App
UUS02924,2024-07-22,Chicago,IL,26-35,Male,Intro,App
UUS02925,2024-07-06,Dallas,TX,36-45,Female,Elite,Website
UUS02926,2024-06-28,New York,NY,36-45,Female,Standard,App
UUS02927,2026-04-04,San Jose,CA,26-35,Female,Standard,Website
UUS02928,2024-11-24,Boston,MA,26-35,Male,Elite,App
UUS02929,2025-06-18,San Jose,CA,26-35,Female,Intro,App
UUS02930,2025-10-15,San Jose,CA,18-25,Male,Intro,Website
UUS02931,2025-01-27,Chicago,IL,36-45,Female,Elite,App
UUS02932,2024-05-03,Houston,TX,26-35,Male,Elite,Website
UUS02933,2025-09-02,Boston,MA,36-45,Female,Standard,App
UUS02934,2024-03-16,Seattle,WA,36-45,Male,Elite,App
UUS02935,2024-10-27,Seattle,WA,56+,Male,Standard,App
UUS02936,2024-02-03,Chicago,IL,46-55,Female,Elite,App
UUS02937,2024-09-03,Austin,TX,18-25,Female,Intro,App
UUS02938,2024-10-10,Dallas,TX,26-35,Male,Standard,App
UUS02939,2026-01-07,Dallas,TX,46-55,Male,Standard,App
UUS02940,2025-07-17,Dallas,TX,56+,Other,Standard,App
UUS02941,2024-05-14,Phoenix,AZ,18-25,Male,Standard,App
UUS02942,2026-01-04,Seattle,WA,36-45,Other,Elite,Website
UUS02943,2024-10-22,Los Angeles,CA,36-45,Female,Standard,App
UUS02944,2025-06-14,New York,NY,56+,Male,Standard,App
UUS02945,2024-06-14,New York,NY,18-25,Female,Standard,App
UUS02946,2024-07-18,Chicago,IL,56+,Female,Standard,App
UUS02947,2025-09-06,San Jose,CA,56+,Male,Standard,App
UUS02948,2025-02-27,Phoenix,AZ,18-25,Female,Standard,App
UUS02949,2025-02-23,Chicago,IL,18-25,Male,Intro,App
UUS02950,2026-03-21,Austin,TX,18-25,Female,Elite,App
UUS02951,2025-08-14,Boston,MA,26-35,Male,Standard,Website
UUS02952,2025-06-11,Chicago,IL,56+,Male,Standard,App
UUS02953,2025-09-26,Los Angeles,CA,36-45,Male,Standard,Website
UUS02954,2024-11-20,Houston,TX,46-55,Male,Standard,App
UUS02955,2024-07-26,New York,NY,26-35,Female,Elite,App
UUS02956,2024-11-13,New York,NY,26-35,Male,Standard,App
UUS02957,2024-01-31,Chicago,IL,56+,Female,Elite,App
UUS02958,2024-07-12,Chicago,IL,56+,Male,Standard,Website
UUS02959,2024-08-11,Los Angeles,CA,26-35,Female,Standard,Website
UUS02960,2024-07-16,Houston,TX,26-35,Female,Intro,App
UUS02961,2024-12-27,New York,NY,36-45,Other,Elite,App
UUS02962,2025-09-26,Houston,TX,46-55,Male,Standard,App
UUS02963,2025-05-27,Austin,TX,26-35,Female,Standard,Website
UUS02964,2024-02-15,Philadelphia,PA,26-35,Female,Standard,Website
UUS02965,2024-07-24,Seattle,WA,46-55,Male,Intro,Website
UUS02966,2024-05-16,Philadelphia,PA,26-35,Male,Elite,App
UUS02967,2024-12-25,Seattle,WA,26-35,Female,Standard,App
UUS02968,2024-09-12,Chicago,IL,36-45,Male,Standard,Website
UUS02969,2024-11-25,Seattle,WA,26-35,Female,Standard,Website
UUS02970,2024-11-17,Los Angeles,CA,26-35,Male,Standard,App
UUS02971,2024-01-27,Phoenix,AZ,36-45,Male,Standard,Website
UUS02972,2024-03-05,Los Angeles,CA,36-45,Female,Elite,App
UUS02973,2025-06-23,Houston,TX,36-45,Male,Standard,App
UUS02974,2024-03-11,Dallas,TX,46-55,Female,Standard,App
UUS02975,2024-09-05,Austin,TX,26-35,Male,Elite,App
UUS02976,2025-08-07,San Diego,CA,26-35,Male,Standard,App
UUS02977,2024-06-19,Los Angeles,CA,26-35,Male,Intro,App
UUS02978,2024-12-27,Los Angeles,CA,26-35,Female,Standard,App
UUS02979,2024-12-18,San Diego,CA,36-45,Male,Standard,App
UUS02980,2025-09-11,San Diego,CA,36-45,Male,Standard,App
UUS02981,2025-05-23,Philadelphia,PA,18-25,Male,Standard,Website
UUS02982,2025-11-24,San Diego,CA,36-45,Female,Standard,App
UUS02983,2024-12-24,Austin,TX,46-55,Male,Elite,Website
UUS02984,2025-01-18,Philadelphia,PA,18-25,Female,Standard,App
UUS02985,2025-07-04,Philadelphia,PA,26-35,Female,Intro,App
UUS02986,2025-12-27,Austin,TX,18-25,Male,Standard,App
UUS02987,2026-04-16,Los Angeles,CA,46-55,Male,Elite,Website
UUS02988,2025-12-12,Philadelphia,PA,36-45,Male,Standard,App
UUS02989,2024-04-23,Philadelphia,PA,26-35,Male,Standard,App
UUS02990,2025-12-13,Austin,TX,26-35,Male,Standard,App
UUS02991,2025-08-05,Austin,TX,18-25,Female,Standard,App
UUS02992,2025-10-03,San Jose,CA,26-35,Female,Standard,Website
UUS02993,2026-04-19,Los Angeles,CA,26-35,Female,Elite,Website
UUS02994,2025-11-06,Houston,TX,36-45,Female,Elite,App
UUS02995,2025-03-31,Dallas,TX,26-35,Male,Standard,App
UUS02996,2024-06-03,San Diego,CA,26-35,Male,Standard,App
UUS02997,2025-04-17,Dallas,TX,26-35,Male,Elite,App
UUS02998,2025-01-24,Boston,MA,46-55,Female,Standard,App
UUS02999,2026-01-02,Phoenix,AZ,26-35,Male,Standard,App
UUS03000,2025-04-10,Houston,TX,56+,Male,Standard,App
UUS03001,2024-11-09,New York,NY,26-35,Female,Standard,App
UUS03002,2024-12-20,San Jose,CA,26-35,Male,Standard,Website
UUS03003,2026-02-15,Phoenix,AZ,18-25,Male,Elite,App
UUS03004,2024-10-04,Chicago,IL,18-25,Female,Standard,App
UUS03005,2026-01-25,Dallas,TX,18-25,Female,Standard,Website
UUS03006,2024-09-20,Los Angeles,CA,56+,Female,Standard,Website
UUS03007,2025-01-26,Houston,TX,36-45,Female,Elite,Website
UUS03008,2024-10-26,San Jose,CA,18-25,Male,Intro,Website
UUS03009,2025-10-30,Los Angeles,CA,26-35,Female,Standard,App
UUS03010,2026-04-11,Philadelphia,PA,18-25,Female,Intro,App
UUS03011,2024-01-17,San Jose,CA,26-35,Female,Elite,App
UUS03012,2024-11-29,Seattle,WA,26-35,Male,Standard,App
UUS03013,2024-05-06,Boston,MA,36-45,Female,Standard,App
UUS03014,2024-10-29,Austin,TX,36-45,Female,Standard,App
UUS03015,2026-01-29,New York,NY,26-35,Female,Standard,App
UUS03016,2025-01-10,Seattle,WA,46-55,Male,Intro,App
UUS03017,2024-10-04,San Jose,CA,36-45,Female,Intro,Website
UUS03018,2025-09-16,Dallas,TX,26-35,Male,Standard,App
UUS03019,2025-10-09,Seattle,WA,18-25,Female,Intro,Website
UUS03020,2026-03-03,Dallas,TX,18-25,Male,Intro,App
UUS03021,2025-07-14,San Jose,CA,26-35,Female,Elite,App
UUS03022,2026-04-10,San Jose,CA,36-45,Male,Standard,App
UUS03023,2025-07-14,Los Angeles,CA,26-35,Female,Standard,App
UUS03024,2024-05-24,Seattle,WA,18-25,Female,Standard,App
UUS03025,2025-05-15,Seattle,WA,26-35,Male,Standard,Website
UUS03026,2024-01-19,Chicago,IL,18-25,Female,Standard,App
UUS03027,2024-11-17,Phoenix,AZ,46-55,Male,Standard,App
UUS03028,2026-01-16,New York,NY,36-45,Female,Elite,App
UUS03029,2025-05-25,Philadelphia,PA,18-25,Male,Standard,App
UUS03030,2026-02-16,Houston,TX,26-35,Female,Standard,Website
UUS03031,2025-08-18,Austin,TX,36-45,Male,Standard,App
UUS03032,2024-12-03,Los Angeles,CA,26-35,Male,Intro,App
UUS03033,2025-04-28,San Jose,CA,26-35,Male,Standard,App
UUS03034,2024-11-27,Seattle,WA,56+,Male,Intro,App
UUS03035,2024-05-29,San Jose,CA,26-35,Female,Standard,App
UUS03036,2025-02-26,Boston,MA,36-45,Male,Standard,App
UUS03037,2025-11-24,San Diego,CA,18-25,Female,Intro,App
UUS03038,2024-02-15,Austin,TX,26-35,Female,Elite,App
UUS03039,2024-03-22,San Diego,CA,46-55,Female,Standard,App
UUS03040,2025-06-28,Seattle,WA,26-35,Female,Standard,App
UUS03041,2024-04-18,Seattle,WA,18-25,Male,Standard,App
UUS03042,2025-04-06,Chicago,IL,18-25,Male,Intro,App
UUS03043,2024-03-02,Austin,TX,26-35,Male,Standard,App
UUS03044,2024-05-24,Boston,MA,26-35,Female,Standard,App
UUS03045,2024-02-02,San Jose,CA,26-35,Male,Intro,App
UUS03046,2024-08-06,Houston,TX,36-45,Female,Standard,App
UUS03047,2025-02-20,San Jose,CA,46-55,Male,Standard,App
UUS03048,2024-03-20,San Diego,CA,26-35,Male,Standard,App
UUS03049,2025-08-16,Austin,TX,26-35,Male,Standard,App
UUS03050,2024-05-27,San Jose,CA,36-45,Female,Standard,App
UUS03051,2024-04-08,Los Angeles,CA,56+,Female,Intro,App
UUS03052,2025-06-16,Phoenix,AZ,36-45,Female,Standard,App
UUS03053,2024-05-25,Dallas,TX,46-55,Female,Elite,App
UUS03054,2026-02-15,Los Angeles,CA,26-35,Female,Standard,App
UUS03055,2026-01-05,San Jose,CA,46-55,Female,Standard,App
UUS03056,2026-04-11,Philadelphia,PA,36-45,Female,Standard,App
UUS03057,2024-09-20,Los Angeles,CA,36-45,Male,Standard,App
UUS03058,2024-06-18,Dallas,TX,18-25,Female,Standard,App
UUS03059,2024-04-29,San Jose,CA,18-25,Female,Standard,App
UUS03060,2024-01-07,Phoenix,AZ,26-35,Male,Standard,App
UUS03061,2024-07-05,Philadelphia,PA,26-35,Female,Standard,Website
UUS03062,2025-04-15,Boston,MA,26-35,Female,Standard,App
UUS03063,2026-02-14,Houston,TX,26-35,Female,Standard,App
UUS03064,2024-04-01,San Jose,CA,18-25,Male,Intro,App
UUS03065,2026-03-27,Seattle,WA,36-45,Male,Intro,App
UUS03066,2025-07-17,Seattle,WA,46-55,Male,Intro,App
UUS03067,2025-03-27,Dallas,TX,18-25,Male,Standard,App
UUS03068,2024-08-14,Philadelphia,PA,26-35,Male,Standard,Website
UUS03069,2026-02-24,Phoenix,AZ,18-25,Male,Elite,App
UUS03070,2024-10-06,New York,NY,56+,Male,Standard,App
UUS03071,2024-06-01,Los Angeles,CA,26-35,Male,Standard,App
UUS03072,2024-09-06,Chicago,IL,36-45,Other,Standard,App
UUS03073,2024-05-22,New York,NY,36-45,Male,Standard,App
UUS03074,2024-11-15,San Diego,CA,56+,Female,Intro,App
UUS03075,2023-12-24,Philadelphia,PA,46-55,Female,Standard,App
UUS03076,2024-09-16,Boston,MA,36-45,Male,Elite,App
UUS03077,2025-01-11,Los Angeles,CA,26-35,Male,Intro,App
UUS03078,2024-08-28,Phoenix,AZ,26-35,Male,Standard,App
UUS03079,2025-07-21,San Diego,CA,46-55,Male,Standard,App
UUS03080,2025-01-15,Los Angeles,CA,56+,Male,Intro,Website
UUS03081,2024-11-10,Houston,TX,26-35,Female,Standard,App
UUS03082,2025-04-30,Dallas,TX,46-55,Male,Intro,App
UUS03083,2024-07-12,Austin,TX,46-55,Female,Standard,App
UUS03084,2025-10-15,Chicago,IL,56+,Female,Standard,App
UUS03085,2025-08-16,New York,NY,26-35,Female,Elite,App
UUS03086,2026-01-29,Austin,TX,26-35,Male,Elite,Website
UUS03087,2024-02-07,Seattle,WA,46-55,Female,Standard,App
UUS03088,2025-02-11,San Diego,CA,26-35,Male,Intro,App
UUS03089,2025-01-22,Phoenix,AZ,26-35,Male,Elite,Website
UUS03090,2025-12-10,Chicago,IL,18-25,Female,Intro,App
UUS03091,2025-02-27,Phoenix,AZ,26-35,Female,Standard,App
UUS03092,2025-01-10,Boston,MA,46-55,Female,Standard,App
UUS03093,2024-08-22,Los Angeles,CA,46-55,Male,Standard,Website
UUS03094,2025-12-25,Houston,TX,36-45,Female,Standard,App
UUS03095,2024-04-05,Chicago,IL,26-35,Male,Intro,App
UUS03096,2025-09-19,Houston,TX,18-25,Female,Standard,App
UUS03097,2024-05-10,Philadelphia,PA,26-35,Female,Intro,App
UUS03098,2025-03-07,Boston,MA,18-25,Female,Standard,App
UUS03099,2026-02-16,Los Angeles,CA,46-55,Male,Elite,App
UUS03100,2025-03-15,San Jose,CA,26-35,Male,Intro,App
UUS03101,2025-03-30,San Diego,CA,26-35,Female,Intro,App
UUS03102,2024-11-28,Houston,TX,36-45,Female,Standard,App
UUS03103,2025-12-10,Austin,TX,36-45,Male,Elite,App
UUS03104,2025-09-16,Phoenix,AZ,36-45,Female,Intro,App
UUS03105,2024-07-01,Phoenix,AZ,18-25,Male,Standard,Website
UUS03106,2025-11-28,Austin,TX,46-55,Female,Standard,App
UUS03107,2024-01-07,Houston,TX,18-25,Male,Standard,App
UUS03108,2025-03-11,Philadelphia,PA,36-45,Female,Standard,App
UUS03109,2025-08-02,Austin,TX,56+,Male,Intro,App
UUS03110,2025-11-16,Phoenix,AZ,26-35,Male,Standard,App
UUS03111,2025-12-09,Chicago,IL,26-35,Male,Intro,App
UUS03112,2024-07-13,Houston,TX,46-55,Female,Standard,App
UUS03113,2025-09-15,San Jose,CA,36-45,Female,Elite,App
UUS03114,2025-11-12,Dallas,TX,36-45,Male,Intro,App
UUS03115,2024-12-21,Austin,TX,56+,Male,Standard,Website
UUS03116,2026-02-16,Boston,MA,18-25,Male,Intro,App
UUS03117,2025-08-07,Dallas,TX,56+,Female,Standard,App
UUS03118,2025-05-16,Austin,TX,26-35,Female,Elite,App
UUS03119,2026-03-12,Phoenix,AZ,18-25,Male,Elite,App
UUS03120,2025-04-02,Chicago,IL,26-35,Female,Standard,App
UUS03121,2025-07-17,Austin,TX,18-25,Female,Intro,App
UUS03122,2024-03-04,San Diego,CA,26-35,Male,Standard,App
UUS03123,2025-02-05,San Jose,CA,36-45,Female,Elite,Website
UUS03124,2026-01-31,San Jose,CA,26-35,Male,Standard,App
UUS03125,2025-01-05,Houston,TX,36-45,Male,Standard,App
UUS03126,2024-02-05,Austin,TX,36-45,Female,Standard,App
UUS03127,2025-02-25,Austin,TX,36-45,Male,Standard,App
UUS03128,2024-08-27,Phoenix,AZ,56+,Female,Intro,App
UUS03129,2025-02-04,Los Angeles,CA,26-35,Male,Elite,App
UUS03130,2025-03-20,Philadelphia,PA,26-35,Female,Standard,App
UUS03131,2024-04-20,Boston,MA,36-45,Male,Intro,App
UUS03132,2025-07-25,Philadelphia,PA,26-35,Female,Elite,App
UUS03133,2025-12-10,Houston,TX,18-25,Male,Standard,Website
UUS03134,2025-01-23,Seattle,WA,36-45,Male,Standard,Website
UUS03135,2024-04-02,Los Angeles,CA,18-25,Female,Standard,Website
UUS03136,2024-03-16,Austin,TX,18-25,Male,Elite,App
UUS03137,2023-12-22,Boston,MA,26-35,Female,Standard,Website
UUS03138,2025-05-18,Philadelphia,PA,26-35,Male,Elite,App
UUS03139,2024-03-23,Chicago,IL,18-25,Male,Standard,App
UUS03140,2025-09-19,Seattle,WA,26-35,Male,Standard,App
UUS03141,2025-02-25,Philadelphia,PA,26-35,Other,Intro,App
UUS03142,2025-11-15,Chicago,IL,36-45,Male,Standard,Website
UUS03143,2024-08-12,San Diego,CA,46-55,Female,Standard,App
UUS03144,2026-01-25,Houston,TX,26-35,Male,Standard,App
UUS03145,2025-08-06,New York,NY,46-55,Female,Intro,App
UUS03146,2026-04-16,Phoenix,AZ,26-35,Female,Standard,Website
UUS03147,2024-08-10,Philadelphia,PA,26-35,Male,Elite,App
UUS03148,2026-02-25,San Diego,CA,56+,Male,Intro,Website
UUS03149,2024-07-03,Boston,MA,36-45,Male,Elite,App
UUS03150,2025-09-01,Philadelphia,PA,46-55,Female,Standard,App
UUS03151,2025-10-01,Dallas,TX,36-45,Male,Standard,App
UUS03152,2025-09-06,Austin,TX,18-25,Female,Standard,App
UUS03153,2024-04-16,Seattle,WA,46-55,Female,Standard,App
UUS03154,2024-08-25,San Jose,CA,26-35,Male,Standard,App
UUS03155,2025-09-20,Houston,TX,36-45,Female,Standard,App
UUS03156,2025-09-11,Houston,TX,56+,Female,Standard,App
UUS03157,2024-04-21,San Jose,CA,26-35,Male,Standard,Website
UUS03158,2024-04-17,New York,NY,56+,Female,Standard,Website
UUS03159,2024-09-27,Chicago,IL,18-25,Male,Elite,App
UUS03160,2025-01-20,Houston,TX,26-35,Female,Standard,App
UUS03161,2025-07-28,Seattle,WA,36-45,Female,Intro,App
UUS03162,2026-02-24,Dallas,TX,18-25,Male,Intro,Website
UUS03163,2024-04-18,San Diego,CA,36-45,Female,Standard,Website
UUS03164,2024-11-30,Houston,TX,46-55,Female,Elite,App
UUS03165,2026-03-29,Houston,TX,26-35,Female,Standard,Website
UUS03166,2024-06-26,Boston,MA,46-55,Male,Elite,App
UUS03167,2025-11-03,Los Angeles,CA,26-35,Female,Intro,Website
UUS03168,2026-02-16,Philadelphia,PA,26-35,Male,Intro,App
UUS03169,2025-06-18,Houston,TX,26-35,Female,Intro,App
UUS03170,2025-10-22,San Diego,CA,36-45,Female,Standard,App
UUS03171,2025-09-04,Houston,TX,18-25,Male,Standard,App
UUS03172,2025-07-17,Phoenix,AZ,46-55,Female,Standard,App
UUS03173,2025-10-12,Philadelphia,PA,26-35,Male,Standard,App
UUS03174,2026-01-22,New York,NY,26-35,Female,Intro,App
UUS03175,2024-11-16,Houston,TX,46-55,Male,Intro,App
UUS03176,2026-01-26,Boston,MA,18-25,Female,Standard,Website
UUS03177,2024-09-20,Houston,TX,36-45,Male,Standard,Website
UUS03178,2025-10-16,Austin,TX,36-45,Female,Standard,App
UUS03179,2026-01-27,Chicago,IL,26-35,Female,Intro,Website
UUS03180,2024-11-13,San Diego,CA,46-55,Male,Intro,App
UUS03181,2025-10-22,Phoenix,AZ,26-35,Male,Standard,App
UUS03182,2025-12-16,Chicago,IL,26-35,Male,Standard,App
UUS03183,2024-10-21,Seattle,WA,46-55,Female,Elite,Website
UUS03184,2025-01-18,Philadelphia,PA,46-55,Male,Standard,App
UUS03185,2025-10-01,Seattle,WA,26-35,Male,Elite,Website
UUS03186,2025-01-29,San Diego,CA,26-35,Female,Standard,App
UUS03187,2024-07-29,Los Angeles,CA,36-45,Female,Standard,App
UUS03188,2024-02-23,Seattle,WA,18-25,Female,Standard,App
UUS03189,2026-02-09,Phoenix,AZ,26-35,Female,Intro,App
UUS03190,2024-05-01,Chicago,IL,26-35,Male,Intro,App
UUS03191,2025-01-23,New York,NY,36-45,Male,Standard,Website
UUS03192,2025-12-10,Dallas,TX,36-45,Female,Elite,App
UUS03193,2023-12-14,New York,NY,26-35,Female,Standard,Website
UUS03194,2023-12-27,Austin,TX,36-45,Male,Standard,App
UUS03195,2024-11-15,Philadelphia,PA,56+,Female,Standard,App
UUS03196,2025-09-20,Phoenix,AZ,26-35,Male,Standard,App
UUS03197,2025-02-06,New York,NY,26-35,Female,Standard,Website
UUS03198,2024-11-09,New York,NY,26-35,Male,Standard,App
UUS03199,2023-12-30,Austin,TX,46-55,Female,Intro,App
UUS03200,2025-09-18,Los Angeles,CA,56+,Male,Standard,Website
UUS03201,2025-02-27,San Diego,CA,36-45,Female,Standard,App
UUS03202,2026-01-18,Houston,TX,26-35,Female,Standard,App
UUS03203,2026-01-19,San Diego,CA,56+,Female,Standard,App
UUS03204,2024-08-16,New York,NY,18-25,Male,Standard,App
UUS03205,2024-06-07,Houston,TX,26-35,Female,Standard,App
UUS03206,2025-05-13,Los Angeles,CA,56+,Female,Elite,App
UUS03207,2025-09-28,Seattle,WA,36-45,Female,Standard,App
UUS03208,2025-09-01,New York,NY,26-35,Male,Standard,Website
UUS03209,2024-05-03,Seattle,WA,18-25,Female,Elite,Website
UUS03210,2025-02-22,San Diego,CA,26-35,Male,Intro,App
UUS03211,2024-03-18,Houston,TX,36-45,Male,Elite,App
UUS03212,2024-12-04,Chicago,IL,26-35,Male,Elite,App
UUS03213,2024-07-19,Los Angeles,CA,36-45,Male,Standard,App
UUS03214,2025-03-19,San Diego,CA,26-35,Female,Elite,App
UUS03215,2025-06-10,New York,NY,46-55,Male,Standard,App
UUS03216,2026-03-13,Seattle,WA,56+,Female,Standard,App
UUS03217,2024-05-17,Chicago,IL,18-25,Male,Intro,App
UUS03218,2024-09-25,Philadelphia,PA,46-55,Male,Standard,App
UUS03219,2024-12-28,New York,NY,46-55,Male,Standard,App
UUS03220,2025-09-02,Houston,TX,26-35,Male,Standard,Website
UUS03221,2026-01-12,Boston,MA,46-55,Male,Standard,Website
UUS03222,2024-10-30,Boston,MA,56+,Male,Elite,App
UUS03223,2024-06-07,Los Angeles,CA,46-55,Male,Standard,App
UUS03224,2025-04-24,Chicago,IL,26-35,Male,Standard,Website
UUS03225,2024-09-04,Chicago,IL,18-25,Male,Standard,App
UUS03226,2025-08-30,San Jose,CA,18-25,Male,Standard,Website
UUS03227,2024-06-25,Boston,MA,56+,Male,Standard,Website
UUS03228,2024-05-07,Chicago,IL,26-35,Female,Standard,App
UUS03229,2024-12-09,Los Angeles,CA,36-45,Male,Standard,App
UUS03230,2026-01-23,Philadelphia,PA,26-35,Female,Standard,App
UUS03231,2025-07-21,Chicago,IL,18-25,Female,Standard,App
UUS03232,2024-05-17,Dallas,TX,36-45,Male,Elite,App
UUS03233,2025-12-27,San Diego,CA,26-35,Female,Intro,App
UUS03234,2025-03-26,Austin,TX,26-35,Female,Standard,App
UUS03235,2025-06-07,Dallas,TX,18-25,Female,Standard,App
UUS03236,2024-05-08,San Jose,CA,36-45,Female,Standard,Website
UUS03237,2025-07-11,Los Angeles,CA,36-45,Male,Standard,App
UUS03238,2026-03-11,Dallas,TX,26-35,Male,Standard,App
UUS03239,2025-03-10,Austin,TX,36-45,Male,Standard,App
UUS03240,2025-04-18,Philadelphia,PA,18-25,Male,Elite,App
UUS03241,2024-04-24,Chicago,IL,18-25,Male,Intro,Website
UUS03242,2025-10-04,Seattle,WA,56+,Male,Standard,App
UUS03243,2025-03-24,Dallas,TX,36-45,Male,Standard,App
UUS03244,2024-10-02,Boston,MA,46-55,Female,Elite,App
UUS03245,2025-10-26,Phoenix,AZ,56+,Male,Standard,App
UUS03246,2024-01-23,New York,NY,26-35,Male,Standard,App
UUS03247,2026-03-04,Houston,TX,18-25,Female,Intro,App
UUS03248,2025-07-26,Houston,TX,36-45,Male,Standard,App
UUS03249,2024-03-04,Boston,MA,46-55,Female,Elite,App
UUS03250,2025-07-28,Los Angeles,CA,46-55,Female,Standard,App
UUS03251,2024-08-01,Dallas,TX,26-35,Female,Intro,App
UUS03252,2025-03-02,Austin,TX,36-45,Male,Standard,App
UUS03253,2024-05-15,Los Angeles,CA,36-45,Female,Standard,App
UUS03254,2025-07-24,New York,NY,46-55,Female,Standard,App
UUS03255,2024-06-22,Houston,TX,26-35,Female,Elite,App
UUS03256,2024-11-07,Phoenix,AZ,26-35,Female,Intro,Website
UUS03257,2025-06-29,Phoenix,AZ,46-55,Male,Intro,App
UUS03258,2024-09-19,Houston,TX,26-35,Female,Standard,App
UUS03259,2024-01-21,Dallas,TX,26-35,Female,Intro,App
UUS03260,2024-09-12,Philadelphia,PA,26-35,Male,Intro,App
UUS03261,2025-07-20,Seattle,WA,26-35,Female,Standard,Website
UUS03262,2025-11-24,San Diego,CA,36-45,Female,Elite,Website
UUS03263,2024-06-17,San Jose,CA,36-45,Female,Intro,App
UUS03264,2025-09-30,San Jose,CA,56+,Male,Standard,Website
UUS03265,2025-04-09,New York,NY,26-35,Male,Standard,App
UUS03266,2025-10-14,New York,NY,46-55,Male,Intro,App
UUS03267,2025-05-27,Houston,TX,56+,Female,Standard,App
UUS03268,2025-07-01,Los Angeles,CA,26-35,Female,Elite,App
UUS03269,2024-03-11,Philadelphia,PA,26-35,Female,Standard,App
UUS03270,2024-03-29,San Jose,CA,26-35,Male,Standard,App
UUS03271,2024-04-17,San Jose,CA,56+,Male,Elite,Website
UUS03272,2024-04-10,Chicago,IL,26-35,Male,Standard,App
UUS03273,2024-02-23,New York,NY,18-25,Male,Elite,Website
UUS03274,2024-05-27,Chicago,IL,26-35,Male,Intro,App
UUS03275,2025-01-26,Dallas,TX,46-55,Female,Intro,App
UUS03276,2024-11-02,Los Angeles,CA,46-55,Male,Standard,App
UUS03277,2024-06-04,San Diego,CA,36-45,Female,Standard,App
UUS03278,2025-03-23,San Jose,CA,18-25,Female,Standard,App
UUS03279,2024-05-12,Dallas,TX,26-35,Female,Intro,App
UUS03280,2025-11-25,Phoenix,AZ,26-35,Female,Elite,App
UUS03281,2024-09-06,San Jose,CA,36-45,Male,Standard,App
UUS03282,2024-12-17,Seattle,WA,36-45,Male,Standard,App
UUS03283,2024-07-08,Chicago,IL,26-35,Female,Standard,App
UUS03284,2024-07-16,Phoenix,AZ,46-55,Female,Standard,App
UUS03285,2024-11-25,Phoenix,AZ,18-25,Other,Elite,App
UUS03286,2024-06-21,Los Angeles,CA,46-55,Female,Standard,App
UUS03287,2025-10-11,Houston,TX,46-55,Female,Standard,Website
UUS03288,2025-03-13,Seattle,WA,46-55,Male,Standard,App
UUS03289,2024-07-15,Houston,TX,46-55,Female,Standard,App
UUS03290,2025-02-24,Los Angeles,CA,56+,Female,Standard,App
UUS03291,2025-08-17,Houston,TX,26-35,Female,Elite,App
UUS03292,2024-04-11,Philadelphia,PA,26-35,Female,Standard,Website
UUS03293,2024-12-29,Houston,TX,56+,Female,Intro,App
UUS03294,2025-06-11,Philadelphia,PA,36-45,Female,Intro,App
UUS03295,2024-06-25,Dallas,TX,26-35,Male,Elite,Website
UUS03296,2024-02-28,San Jose,CA,46-55,Male,Intro,App
UUS03297,2025-01-08,San Jose,CA,36-45,Female,Intro,App
UUS03298,2025-09-23,Austin,TX,56+,Female,Elite,Website
UUS03299,2025-07-16,San Diego,CA,26-35,Female,Standard,App
UUS03300,2024-12-08,San Diego,CA,56+,Female,Standard,App
UUS03301,2026-04-02,Los Angeles,CA,26-35,Male,Standard,App
UUS03302,2026-02-03,New York,NY,46-55,Male,Standard,App
UUS03303,2025-12-19,Chicago,IL,18-25,Female,Standard,App
UUS03304,2025-04-27,Chicago,IL,46-55,Male,Standard,App
UUS03305,2026-03-15,Houston,TX,36-45,Female,Intro,Website
UUS03306,2024-08-05,San Jose,CA,46-55,Male,Standard,App
UUS03307,2025-05-31,Boston,MA,26-35,Female,Standard,App
UUS03308,2025-03-07,Chicago,IL,46-55,Other,Standard,App
UUS03309,2025-12-27,Seattle,WA,46-55,Female,Standard,App
UUS03310,2026-02-11,Philadelphia,PA,36-45,Female,Standard,App
UUS03311,2025-07-20,Austin,TX,56+,Female,Elite,App
UUS03312,2024-05-22,Seattle,WA,36-45,Female,Standard,Website
UUS03313,2026-03-23,Phoenix,AZ,26-35,Male,Elite,App
UUS03314,2025-07-27,Los Angeles,CA,36-45,Female,Standard,Website
UUS03315,2025-12-02,Philadelphia,PA,46-55,Male,Standard,App
UUS03316,2024-06-12,Austin,TX,18-25,Female,Elite,Website
UUS03317,2026-01-13,San Jose,CA,26-35,Female,Standard,App
UUS03318,2025-05-12,Houston,TX,36-45,Male,Intro,Website
UUS03319,2024-02-02,Chicago,IL,46-55,Male,Intro,App
UUS03320,2024-01-09,Dallas,TX,26-35,Female,Standard,App
UUS03321,2026-04-16,Seattle,WA,26-35,Male,Intro,Website
UUS03322,2025-10-15,Chicago,IL,36-45,Female,Intro,Website
UUS03323,2025-01-12,Los Angeles,CA,18-25,Male,Standard,App
UUS03324,2025-01-17,New York,NY,46-55,Male,Intro,App
UUS03325,2024-12-21,San Diego,CA,46-55,Female,Standard,App
UUS03326,2026-03-04,Philadelphia,PA,26-35,Male,Intro,App
UUS03327,2025-05-26,San Jose,CA,36-45,Female,Standard,Website
UUS03328,2024-09-01,Boston,MA,46-55,Female,Elite,App
UUS03329,2025-03-27,San Diego,CA,18-25,Male,Standard,App
UUS03330,2024-05-26,Houston,TX,18-25,Female,Standard,App
UUS03331,2025-12-14,Los Angeles,CA,18-25,Female,Standard,Website
UUS03332,2024-05-24,San Jose,CA,46-55,Female,Standard,App
UUS03333,2025-02-25,Philadelphia,PA,26-35,Female,Standard,App
UUS03334,2025-01-24,Houston,TX,26-35,Female,Intro,Website
UUS03335,2024-02-24,Los Angeles,CA,18-25,Male,Standard,App
UUS03336,2025-08-02,Houston,TX,36-45,Male,Intro,App
UUS03337,2024-08-30,Philadelphia,PA,26-35,Female,Intro,App
UUS03338,2025-09-13,Boston,MA,36-45,Male,Standard,App
UUS03339,2025-12-31,New York,NY,46-55,Female,Standard,Website
UUS03340,2024-07-24,Dallas,TX,26-35,Female,Standard,Website
UUS03341,2024-09-02,San Diego,CA,36-45,Female,Standard,App
UUS03342,2026-01-28,Phoenix,AZ,46-55,Female,Standard,App
UUS03343,2024-01-29,Boston,MA,56+,Female,Standard,App
UUS03344,2024-06-03,San Jose,CA,18-25,Male,Standard,App
UUS03345,2025-01-07,Chicago,IL,18-25,Male,Standard,App
UUS03346,2024-09-01,Phoenix,AZ,26-35,Male,Standard,Website
UUS03347,2025-12-13,Boston,MA,18-25,Female,Standard,App
UUS03348,2025-05-22,Phoenix,AZ,36-45,Female,Standard,App
UUS03349,2025-06-02,New York,NY,56+,Female,Standard,App
UUS03350,2026-02-10,San Jose,CA,46-55,Female,Standard,App
UUS03351,2026-04-16,Houston,TX,18-25,Male,Intro,App
UUS03352,2025-09-17,San Jose,CA,46-55,Male,Standard,App
UUS03353,2025-07-27,Houston,TX,26-35,Male,Standard,Website
UUS03354,2025-08-03,Boston,MA,36-45,Male,Intro,App
UUS03355,2025-10-06,Austin,TX,18-25,Male,Standard,Website
UUS03356,2025-12-13,Chicago,IL,18-25,Male,Standard,App
UUS03357,2025-01-06,Seattle,WA,26-35,Female,Standard,App
UUS03358,2025-05-29,Houston,TX,56+,Male,Intro,App
UUS03359,2025-04-11,San Diego,CA,26-35,Female,Intro,Website
UUS03360,2025-01-24,Seattle,WA,46-55,Male,Standard,App
UUS03361,2025-08-20,Phoenix,AZ,26-35,Male,Standard,App
UUS03362,2025-11-15,Boston,MA,56+,Male,Standard,App
UUS03363,2026-02-09,New York,NY,56+,Male,Intro,App
UUS03364,2024-08-03,Seattle,WA,36-45,Female,Standard,App
UUS03365,2024-08-29,Houston,TX,18-25,Male,Standard,App
UUS03366,2025-04-22,Chicago,IL,56+,Female,Intro,App
UUS03367,2024-08-04,San Jose,CA,36-45,Male,Elite,Website
UUS03368,2025-10-27,Dallas,TX,56+,Female,Standard,App
UUS03369,2025-11-15,Austin,TX,46-55,Male,Standard,App
UUS03370,2025-06-23,Austin,TX,18-25,Male,Standard,App
UUS03371,2025-09-06,Boston,MA,18-25,Other,Standard,App
UUS03372,2024-07-17,San Jose,CA,26-35,Male,Standard,Website
UUS03373,2025-10-01,Houston,TX,56+,Female,Intro,App
UUS03374,2025-04-19,Chicago,IL,56+,Male,Standard,App
UUS03375,2024-01-15,Boston,MA,36-45,Male,Intro,App
UUS03376,2025-08-11,Houston,TX,36-45,Male,Standard,App
UUS03377,2025-01-13,Phoenix,AZ,18-25,Male,Standard,App
UUS03378,2024-02-03,Dallas,TX,36-45,Female,Intro,App
UUS03379,2024-05-04,Los Angeles,CA,26-35,Male,Standard,Website
UUS03380,2025-02-25,Philadelphia,PA,26-35,Female,Intro,Website
UUS03381,2025-01-31,Dallas,TX,18-25,Female,Standard,Website
UUS03382,2024-07-27,Austin,TX,36-45,Other,Standard,App
UUS03383,2024-01-19,Philadelphia,PA,56+,Male,Standard,App
UUS03384,2025-12-21,Phoenix,AZ,26-35,Female,Standard,App
UUS03385,2026-01-24,Phoenix,AZ,18-25,Female,Standard,App
UUS03386,2026-01-15,Phoenix,AZ,26-35,Male,Intro,App
UUS03387,2024-08-17,Phoenix,AZ,26-35,Male,Elite,App
UUS03388,2026-01-01,Los Angeles,CA,18-25,Male,Standard,App
UUS03389,2024-08-19,Dallas,TX,26-35,Female,Standard,App
UUS03390,2025-07-25,Seattle,WA,36-45,Female,Elite,Website
UUS03391,2025-02-24,Dallas,TX,36-45,Male,Standard,App
UUS03392,2025-08-24,Boston,MA,26-35,Male,Elite,App
UUS03393,2025-10-15,Houston,TX,36-45,Female,Standard,App
UUS03394,2024-09-16,San Jose,CA,56+,Female,Standard,App
UUS03395,2025-01-10,Philadelphia,PA,36-45,Male,Standard,Website
UUS03396,2024-03-17,Los Angeles,CA,26-35,Female,Standard,App
UUS03397,2026-04-03,San Jose,CA,26-35,Male,Intro,App
UUS03398,2024-01-12,Dallas,TX,36-45,Female,Standard,App
UUS03399,2024-05-23,Phoenix,AZ,46-55,Male,Standard,App
UUS03400,2026-02-24,Seattle,WA,26-35,Female,Standard,App
UUS03401,2024-05-18,Chicago,IL,36-45,Female,Intro,App
UUS03402,2024-03-13,Houston,TX,18-25,Male,Standard,App
UUS03403,2025-11-02,Boston,MA,36-45,Male,Intro,App
UUS03404,2024-01-30,Boston,MA,36-45,Female,Standard,App
UUS03405,2025-02-26,Houston,TX,18-25,Female,Standard,App
UUS03406,2024-02-25,San Diego,CA,18-25,Male,Standard,App
UUS03407,2026-04-05,Los Angeles,CA,26-35,Female,Standard,App
UUS03408,2023-12-02,New York,NY,36-45,Female,Standard,App
UUS03409,2026-02-20,Austin,TX,26-35,Other,Standard,App
UUS03410,2024-02-16,Houston,TX,18-25,Male,Standard,App
UUS03411,2024-11-04,Boston,MA,26-35,Male,Standard,App
UUS03412,2024-01-17,Philadelphia,PA,26-35,Female,Standard,App
UUS03413,2024-03-11,Los Angeles,CA,26-35,Female,Intro,App
UUS03414,2025-10-14,San Jose,CA,26-35,Female,Intro,Website
UUS03415,2024-11-29,Seattle,WA,26-35,Male,Standard,App
UUS03416,2024-06-15,Dallas,TX,26-35,Female,Standard,Website
UUS03417,2024-12-27,Phoenix,AZ,36-45,Female,Standard,App
UUS03418,2024-10-09,San Diego,CA,56+,Female,Standard,App
UUS03419,2024-03-17,Philadelphia,PA,46-55,Female,Standard,App
UUS03420,2026-03-13,San Jose,CA,26-35,Female,Standard,App
UUS03421,2025-11-10,San Diego,CA,36-45,Male,Intro,App
UUS03422,2025-09-19,Chicago,IL,46-55,Female,Intro,App
UUS03423,2025-12-27,Houston,TX,18-25,Male,Elite,Website
UUS03424,2025-12-05,Austin,TX,46-55,Male,Standard,Website
UUS03425,2025-01-18,San Jose,CA,18-25,Female,Standard,Website
UUS03426,2024-10-27,Austin,TX,26-35,Female,Intro,App
UUS03427,2024-03-26,Phoenix,AZ,46-55,Female,Elite,Website
UUS03428,2025-10-26,New York,NY,26-35,Male,Standard,App
UUS03429,2024-11-15,Dallas,TX,46-55,Female,Elite,App
UUS03430,2024-07-18,San Jose,CA,36-45,Male,Standard,App
UUS03431,2025-11-06,Houston,TX,36-45,Male,Standard,Website
UUS03432,2024-05-31,Philadelphia,PA,46-55,Male,Standard,App
UUS03433,2025-01-23,Boston,MA,26-35,Male,Standard,App
UUS03434,2024-06-20,San Diego,CA,36-45,Male,Standard,App
UUS03435,2025-07-18,Boston,MA,56+,Female,Standard,App
UUS03436,2026-02-03,San Jose,CA,26-35,Female,Intro,App
UUS03437,2024-06-08,Houston,TX,26-35,Male,Intro,Website
UUS03438,2024-02-10,Philadelphia,PA,36-45,Female,Standard,App
UUS03439,2024-01-26,Philadelphia,PA,46-55,Male,Standard,App
UUS03440,2026-01-15,Los Angeles,CA,56+,Male,Standard,App
UUS03441,2024-12-19,Phoenix,AZ,26-35,Female,Elite,Website
UUS03442,2023-12-22,Dallas,TX,36-45,Male,Elite,Website
UUS03443,2025-05-07,Austin,TX,26-35,Female,Standard,App
UUS03444,2024-07-06,Dallas,TX,46-55,Female,Standard,Website
UUS03445,2025-12-01,Philadelphia,PA,18-25,Male,Standard,App
UUS03446,2024-04-15,Phoenix,AZ,26-35,Male,Standard,App
UUS03447,2025-05-24,Boston,MA,18-25,Male,Intro,App
UUS03448,2024-11-21,Austin,TX,46-55,Male,Standard,App
UUS03449,2025-05-13,Chicago,IL,36-45,Male,Standard,App
UUS03450,2025-10-20,Boston,MA,36-45,Female,Standard,App
UUS03451,2025-10-17,New York,NY,26-35,Female,Intro,App
UUS03452,2025-11-04,Los Angeles,CA,36-45,Female,Intro,Website
UUS03453,2023-12-31,Chicago,IL,56+,Female,Intro,App
UUS03454,2024-07-20,Phoenix,AZ,26-35,Female,Standard,App
UUS03455,2024-09-29,Philadelphia,PA,36-45,Female,Elite,Website
UUS03456,2025-08-13,New York,NY,26-35,Female,Standard,App
UUS03457,2025-04-09,San Diego,CA,36-45,Female,Standard,App
UUS03458,2025-03-01,Houston,TX,26-35,Male,Intro,App
UUS03459,2024-06-24,San Diego,CA,18-25,Female,Elite,Website
UUS03460,2026-02-22,Phoenix,AZ,36-45,Female,Elite,App
UUS03461,2024-05-10,Los Angeles,CA,26-35,Female,Standard,Website
UUS03462,2025-02-26,Dallas,TX,56+,Male,Elite,App
UUS03463,2025-03-03,Dallas,TX,26-35,Male,Elite,App
UUS03464,2025-07-28,Houston,TX,26-35,Female,Intro,App
UUS03465,2024-06-06,San Diego,CA,26-35,Female,Standard,App
UUS03466,2024-09-19,San Jose,CA,36-45,Female,Standard,Website
UUS03467,2025-11-17,New York,NY,36-45,Male,Standard,App
UUS03468,2026-01-23,Dallas,TX,26-35,Male,Elite,App
UUS03469,2024-11-25,Seattle,WA,18-25,Female,Elite,App
UUS03470,2024-10-23,Chicago,IL,46-55,Other,Standard,App
UUS03471,2026-04-16,Philadelphia,PA,36-45,Male,Standard,Website
UUS03472,2024-02-11,San Jose,CA,26-35,Female,Standard,App
UUS03473,2025-07-09,Austin,TX,18-25,Female,Elite,App
UUS03474,2025-11-19,San Diego,CA,18-25,Other,Standard,App
UUS03475,2025-12-26,Dallas,TX,26-35,Male,Intro,Website
UUS03476,2025-05-10,San Jose,CA,36-45,Male,Standard,App
UUS03477,2024-10-23,Seattle,WA,18-25,Female,Standard,App
UUS03478,2024-03-18,Austin,TX,18-25,Male,Standard,App
UUS03479,2025-11-29,San Diego,CA,36-45,Female,Standard,App
UUS03480,2026-02-13,Houston,TX,18-25,Male,Intro,Website
UUS03481,2025-09-25,San Jose,CA,36-45,Female,Standard,App
UUS03482,2024-05-18,San Jose,CA,18-25,Male,Standard,Website
UUS03483,2024-11-12,Philadelphia,PA,18-25,Male,Elite,App
UUS03484,2024-11-13,Los Angeles,CA,26-35,Male,Standard,App
UUS03485,2026-01-10,San Jose,CA,18-25,Male,Standard,App
UUS03486,2025-01-17,Phoenix,AZ,26-35,Male,Standard,App
UUS03487,2025-02-08,Dallas,TX,26-35,Male,Elite,App
UUS03488,2025-01-23,Boston,MA,26-35,Female,Standard,App
UUS03489,2025-06-12,Houston,TX,26-35,Female,Elite,App
UUS03490,2024-08-03,Dallas,TX,46-55,Male,Standard,App
UUS03491,2025-03-24,Chicago,IL,36-45,Male,Standard,Website
UUS03492,2024-10-01,New York,NY,36-45,Male,Standard,App
UUS03493,2025-12-07,Austin,TX,46-55,Female,Standard,App
UUS03494,2024-12-21,Boston,MA,26-35,Female,Standard,Website
UUS03495,2024-06-08,San Diego,CA,26-35,Female,Standard,App
UUS03496,2025-03-01,Phoenix,AZ,26-35,Male,Standard,App
UUS03497,2024-04-21,San Jose,CA,36-45,Male,Standard,App
UUS03498,2026-01-11,Seattle,WA,46-55,Female,Standard,Website
UUS03499,2026-03-21,Austin,TX,46-55,Male,Elite,App
UUS03500,2025-04-07,Boston,MA,26-35,Female,Elite,App
UUS03501,2024-01-31,Boston,MA,26-35,Female,Standard,App
UUS03502,2025-01-22,San Jose,CA,46-55,Male,Standard,App
UUS03503,2025-09-04,Dallas,TX,26-35,Female,Standard,App
UUS03504,2025-08-07,Phoenix,AZ,26-35,Female,Standard,App
UUS03505,2024-03-24,Chicago,IL,46-55,Male,Standard,App
UUS03506,2025-05-06,Austin,TX,36-45,Female,Elite,App
UUS03507,2024-04-28,Los Angeles,CA,26-35,Male,Standard,Website
UUS03508,2026-02-17,San Diego,CA,36-45,Female,Standard,App
UUS03509,2024-08-23,Seattle,WA,46-55,Male,Intro,App
UUS03510,2025-08-20,New York,NY,56+,Female,Standard,Website
UUS03511,2025-02-18,Chicago,IL,36-45,Female,Intro,App
UUS03512,2025-07-17,San Jose,CA,18-25,Female,Standard,App
UUS03513,2025-10-09,Boston,MA,36-45,Female,Elite,App
UUS03514,2025-01-07,Dallas,TX,56+,Female,Standard,Website
UUS03515,2024-10-03,New York,NY,36-45,Female,Intro,Website
UUS03516,2024-08-04,Boston,MA,26-35,Male,Elite,App
UUS03517,2025-10-09,Philadelphia,PA,26-35,Other,Elite,App
UUS03518,2024-08-21,Phoenix,AZ,18-25,Female,Standard,App
UUS03519,2024-02-24,Houston,TX,56+,Female,Standard,App
UUS03520,2026-04-15,Houston,TX,46-55,Male,Standard,App
UUS03521,2024-09-02,Austin,TX,26-35,Male,Standard,App
UUS03522,2024-11-29,Seattle,WA,26-35,Female,Elite,App
UUS03523,2025-06-12,Seattle,WA,36-45,Female,Standard,Website
UUS03524,2024-07-04,Chicago,IL,26-35,Female,Standard,App
UUS03525,2024-10-04,New York,NY,18-25,Female,Standard,App
UUS03526,2026-01-31,Seattle,WA,36-45,Male,Elite,App
UUS03527,2024-01-19,Seattle,WA,56+,Female,Standard,App
UUS03528,2025-09-24,San Jose,CA,36-45,Female,Standard,App
UUS03529,2024-09-20,Austin,TX,26-35,Male,Standard,App
UUS03530,2025-08-24,Austin,TX,18-25,Female,Elite,Website
UUS03531,2025-11-01,Dallas,TX,26-35,Female,Standard,App
UUS03532,2024-03-29,Austin,TX,46-55,Female,Elite,Website
UUS03533,2023-12-28,Dallas,TX,18-25,Female,Standard,App
UUS03534,2024-09-02,Phoenix,AZ,36-45,Female,Standard,App
UUS03535,2026-01-24,Houston,TX,36-45,Female,Standard,App
UUS03536,2024-03-21,Phoenix,AZ,56+,Female,Standard,App
UUS03537,2025-03-12,San Diego,CA,46-55,Male,Standard,App
UUS03538,2024-02-20,Chicago,IL,26-35,Female,Intro,Website
UUS03539,2024-11-13,Chicago,IL,56+,Female,Standard,App
UUS03540,2025-03-22,Boston,MA,18-25,Female,Intro,App
UUS03541,2024-09-26,San Jose,CA,36-45,Male,Elite,Website
UUS03542,2024-12-11,San Jose,CA,26-35,Male,Intro,App
UUS03543,2024-10-30,Austin,TX,36-45,Male,Standard,Website
UUS03544,2025-09-18,Boston,MA,26-35,Male,Standard,App
UUS03545,2025-09-17,Los Angeles,CA,18-25,Female,Standard,App
UUS03546,2025-02-21,Austin,TX,26-35,Male,Elite,Website
UUS03547,2025-04-13,Philadelphia,PA,46-55,Male,Standard,App
UUS03548,2026-03-08,Boston,MA,36-45,Male,Standard,Website
UUS03549,2024-03-28,Chicago,IL,46-55,Male,Standard,Website
UUS03550,2024-03-25,Austin,TX,26-35,Other,Standard,App
UUS03551,2025-02-09,New York,NY,18-25,Male,Intro,App
UUS03552,2024-07-19,Phoenix,AZ,46-55,Female,Standard,App
UUS03553,2026-03-11,Houston,TX,26-35,Other,Standard,App
UUS03554,2025-01-20,Phoenix,AZ,36-45,Male,Intro,Website
UUS03555,2026-01-04,Los Angeles,CA,18-25,Female,Standard,App
UUS03556,2024-01-17,Austin,TX,26-35,Female,Standard,App
UUS03557,2025-01-21,San Diego,CA,36-45,Female,Elite,Website
UUS03558,2024-09-05,New York,NY,36-45,Male,Standard,App
UUS03559,2024-12-30,Philadelphia,PA,56+,Female,Standard,App
UUS03560,2024-06-30,Austin,TX,26-35,Female,Intro,App
UUS03561,2024-10-24,San Diego,CA,18-25,Female,Intro,App
UUS03562,2024-01-10,San Diego,CA,26-35,Male,Standard,App
UUS03563,2024-12-10,Los Angeles,CA,36-45,Male,Elite,App
UUS03564,2024-01-14,Houston,TX,26-35,Female,Elite,Website
UUS03565,2024-05-22,Chicago,IL,36-45,Male,Elite,App
UUS03566,2025-11-21,Los Angeles,CA,18-25,Male,Standard,Website
UUS03567,2024-05-21,Boston,MA,56+,Female,Intro,App
UUS03568,2025-01-28,New York,NY,36-45,Female,Intro,App
UUS03569,2024-11-16,San Jose,CA,26-35,Male,Standard,Website
UUS03570,2024-08-08,Los Angeles,CA,18-25,Male,Standard,Website
UUS03571,2025-02-09,Houston,TX,26-35,Male,Elite,App
UUS03572,2024-06-29,Austin,TX,18-25,Male,Elite,App
UUS03573,2024-05-25,New York,NY,56+,Female,Elite,App
UUS03574,2024-11-13,San Diego,CA,26-35,Female,Standard,App
UUS03575,2025-06-18,Austin,TX,46-55,Female,Standard,App
UUS03576,2026-01-26,San Diego,CA,18-25,Female,Elite,App
UUS03577,2026-02-15,Austin,TX,36-45,Female,Standard,Website
UUS03578,2025-02-17,Houston,TX,36-45,Female,Standard,App
UUS03579,2026-03-30,Boston,MA,36-45,Female,Elite,App
UUS03580,2025-12-22,Los Angeles,CA,36-45,Male,Intro,App
UUS03581,2024-08-25,Philadelphia,PA,18-25,Male,Intro,App
UUS03582,2025-06-30,San Diego,CA,36-45,Male,Intro,App
UUS03583,2024-03-16,Los Angeles,CA,26-35,Male,Standard,Website
UUS03584,2024-07-03,New York,NY,26-35,Female,Intro,App
UUS03585,2026-01-28,Chicago,IL,26-35,Male,Intro,App
UUS03586,2024-09-17,San Diego,CA,26-35,Female,Standard,App
UUS03587,2025-09-09,Chicago,IL,46-55,Female,Elite,Website
UUS03588,2024-10-20,Los Angeles,CA,26-35,Female,Intro,App
UUS03589,2025-12-10,Philadelphia,PA,18-25,Female,Standard,App
UUS03590,2024-04-06,Los Angeles,CA,26-35,Female,Standard,App
UUS03591,2023-12-04,San Diego,CA,26-35,Female,Elite,App
UUS03592,2025-08-03,Phoenix,AZ,18-25,Female,Standard,App
UUS03593,2025-10-02,Chicago,IL,26-35,Female,Elite,App
UUS03594,2025-11-09,Philadelphia,PA,56+,Male,Elite,App
UUS03595,2024-02-09,Los Angeles,CA,18-25,Male,Intro,App
UUS03596,2025-12-03,San Jose,CA,36-45,Male,Standard,App
UUS03597,2026-03-09,Los Angeles,CA,18-25,Female,Intro,Website
UUS03598,2024-06-15,Chicago,IL,18-25,Male,Standard,App
UUS03599,2024-10-30,Seattle,WA,18-25,Female,Intro,App
UUS03600,2024-10-21,Boston,MA,56+,Male,Elite,App
UUS03601,2026-01-20,Houston,TX,46-55,Female,Standard,App
UUS03602,2024-06-06,Seattle,WA,26-35,Male,Standard,App
UUS03603,2025-05-24,Los Angeles,CA,26-35,Female,Standard,App
UUS03604,2025-08-01,Los Angeles,CA,26-35,Female,Standard,App
UUS03605,2025-12-09,Houston,TX,26-35,Male,Standard,Website
UUS03606,2025-05-22,Boston,MA,56+,Female,Elite,App
UUS03607,2024-12-22,Phoenix,AZ,18-25,Male,Standard,App
UUS03608,2024-07-03,Seattle,WA,36-45,Other,Standard,App
UUS03609,2025-01-19,Boston,MA,26-35,Female,Standard,App
UUS03610,2025-12-05,Dallas,TX,46-55,Male,Standard,App
UUS03611,2024-02-16,Austin,TX,26-35,Female,Elite,App
UUS03612,2025-03-19,San Jose,CA,56+,Other,Standard,App
UUS03613,2026-03-08,Los Angeles,CA,18-25,Male,Elite,App
UUS03614,2024-03-28,Phoenix,AZ,26-35,Male,Standard,App
UUS03615,2026-01-31,San Diego,CA,56+,Female,Standard,Website
UUS03616,2024-09-07,Austin,TX,18-25,Male,Standard,Website
UUS03617,2025-05-02,Seattle,WA,36-45,Male,Intro,Website
UUS03618,2024-10-24,San Diego,CA,36-45,Male,Standard,App
UUS03619,2024-06-23,Chicago,IL,18-25,Female,Standard,App
UUS03620,2026-01-17,Philadelphia,PA,18-25,Male,Standard,App
UUS03621,2024-01-06,Austin,TX,36-45,Female,Intro,App
UUS03622,2025-04-25,San Jose,CA,26-35,Female,Standard,App
UUS03623,2024-07-05,San Diego,CA,36-45,Male,Standard,App
UUS03624,2024-01-18,Austin,TX,26-35,Male,Standard,App
UUS03625,2024-12-14,Phoenix,AZ,36-45,Male,Intro,App
UUS03626,2025-10-10,Houston,TX,36-45,Male,Standard,App
UUS03627,2026-01-17,Seattle,WA,36-45,Male,Elite,App
UUS03628,2025-09-09,Boston,MA,26-35,Female,Elite,App
UUS03629,2026-01-14,New York,NY,26-35,Female,Elite,App
UUS03630,2026-01-08,San Jose,CA,46-55,Male,Standard,App
UUS03631,2025-12-26,New York,NY,46-55,Male,Intro,App
UUS03632,2025-01-23,Austin,TX,26-35,Female,Elite,App
UUS03633,2024-04-12,San Diego,CA,26-35,Male,Elite,Website
UUS03634,2025-01-11,New York,NY,46-55,Male,Standard,App
UUS03635,2025-08-09,San Jose,CA,36-45,Male,Elite,Website
UUS03636,2025-07-24,San Diego,CA,56+,Male,Elite,App
UUS03637,2025-06-15,Boston,MA,36-45,Male,Elite,App
UUS03638,2024-11-15,Phoenix,AZ,36-45,Male,Intro,Website
UUS03639,2024-06-21,Austin,TX,26-35,Female,Elite,App
UUS03640,2025-07-09,San Diego,CA,36-45,Female,Standard,Website
UUS03641,2025-01-30,Austin,TX,46-55,Female,Standard,App
UUS03642,2024-07-08,Boston,MA,26-35,Female,Standard,App
UUS03643,2025-11-24,Philadelphia,PA,36-45,Other,Standard,Website
UUS03644,2024-02-29,Phoenix,AZ,26-35,Male,Standard,Website
UUS03645,2024-04-21,Philadelphia,PA,36-45,Female,Standard,App
UUS03646,2024-05-22,Los Angeles,CA,36-45,Female,Standard,App
UUS03647,2024-01-18,Seattle,WA,46-55,Male,Standard,App
UUS03648,2024-08-17,Seattle,WA,26-35,Female,Standard,App
UUS03649,2026-03-31,Los Angeles,CA,18-25,Male,Elite,App
UUS03650,2024-03-19,Phoenix,AZ,26-35,Male,Standard,App
UUS03651,2024-04-05,Los Angeles,CA,18-25,Female,Standard,App
UUS03652,2025-12-30,Philadelphia,PA,36-45,Female,Standard,App
UUS03653,2024-12-16,Houston,TX,18-25,Female,Standard,App
UUS03654,2024-01-13,Chicago,IL,46-55,Female,Standard,App
UUS03655,2025-05-06,San Jose,CA,36-45,Female,Standard,App
UUS03656,2024-07-24,Boston,MA,26-35,Male,Standard,App
UUS03657,2024-04-27,San Jose,CA,36-45,Male,Standard,App
UUS03658,2024-10-06,Philadelphia,PA,46-55,Male,Standard,App
UUS03659,2024-11-02,Chicago,IL,18-25,Male,Standard,App
UUS03660,2024-09-18,Austin,TX,36-45,Male,Intro,App
UUS03661,2024-05-23,Chicago,IL,26-35,Male,Elite,App
UUS03662,2026-01-29,Austin,TX,18-25,Female,Intro,App
UUS03663,2024-10-18,Phoenix,AZ,36-45,Female,Standard,App
UUS03664,2024-09-19,Houston,TX,36-45,Male,Standard,Website
UUS03665,2024-05-17,Boston,MA,46-55,Female,Standard,Website
UUS03666,2025-05-24,Boston,MA,46-55,Female,Standard,App
UUS03667,2025-01-14,Chicago,IL,56+,Male,Standard,Website
UUS03668,2026-02-20,Philadelphia,PA,26-35,Male,Standard,App
UUS03669,2025-06-23,Phoenix,AZ,36-45,Female,Elite,App
UUS03670,2024-05-14,Phoenix,AZ,18-25,Male,Elite,App
UUS03671,2024-10-04,Philadelphia,PA,36-45,Female,Standard,App
UUS03672,2025-10-24,Los Angeles,CA,26-35,Male,Intro,App
UUS03673,2025-09-23,New York,NY,26-35,Male,Standard,App
UUS03674,2026-04-12,Dallas,TX,56+,Female,Standard,Website
UUS03675,2024-04-08,Phoenix,AZ,46-55,Male,Elite,App
UUS03676,2024-04-18,Seattle,WA,18-25,Female,Standard,Website
UUS03677,2024-10-03,Dallas,TX,26-35,Female,Standard,App
UUS03678,2024-03-13,San Jose,CA,36-45,Male,Standard,App
UUS03679,2025-03-08,Dallas,TX,36-45,Male,Elite,App
UUS03680,2025-02-05,Austin,TX,36-45,Female,Standard,App
UUS03681,2024-11-21,New York,NY,26-35,Female,Intro,App
UUS03682,2024-04-06,Chicago,IL,26-35,Male,Standard,Website
UUS03683,2024-09-05,Boston,MA,36-45,Female,Standard,Website
UUS03684,2024-03-23,San Jose,CA,56+,Female,Standard,Website
UUS03685,2025-02-17,San Jose,CA,26-35,Female,Elite,App
UUS03686,2025-01-16,Austin,TX,26-35,Female,Intro,App
UUS03687,2025-02-13,Houston,TX,36-45,Female,Standard,Website
UUS03688,2024-05-25,Los Angeles,CA,36-45,Male,Intro,Website
UUS03689,2025-08-19,San Diego,CA,18-25,Female,Standard,Website
UUS03690,2024-07-17,Dallas,TX,26-35,Female,Standard,App
UUS03691,2024-08-24,New York,NY,18-25,Male,Standard,App
UUS03692,2024-07-26,Los Angeles,CA,26-35,Female,Intro,App
UUS03693,2024-04-12,Philadelphia,PA,56+,Male,Intro,App
UUS03694,2025-09-14,Phoenix,AZ,18-25,Female,Intro,Website
UUS03695,2024-10-31,Seattle,WA,46-55,Female,Intro,Website
UUS03696,2025-12-23,San Diego,CA,26-35,Male,Standard,App
UUS03697,2025-09-18,Dallas,TX,46-55,Male,Standard,App
UUS03698,2026-03-27,Philadelphia,PA,26-35,Male,Intro,App
UUS03699,2024-11-23,Seattle,WA,36-45,Female,Standard,Website
UUS03700,2025-08-30,Chicago,IL,36-45,Male,Standard,App
UUS03701,2026-02-08,Houston,TX,26-35,Female,Standard,Website
UUS03702,2024-09-23,Chicago,IL,26-35,Male,Standard,App
UUS03703,2025-07-13,Boston,MA,36-45,Female,Elite,App
UUS03704,2024-04-18,Dallas,TX,26-35,Male,Standard,App
UUS03705,2024-05-16,New York,NY,36-45,Male,Standard,App
UUS03706,2024-03-03,San Diego,CA,46-55,Male,Intro,App
UUS03707,2025-05-30,Seattle,WA,18-25,Male,Standard,App
UUS03708,2024-04-07,Seattle,WA,36-45,Male,Standard,Website
UUS03709,2025-10-28,Phoenix,AZ,26-35,Male,Standard,App
UUS03710,2024-11-08,Los Angeles,CA,46-55,Male,Elite,App
UUS03711,2025-08-24,Phoenix,AZ,56+,Male,Standard,App
UUS03712,2024-12-01,Philadelphia,PA,18-25,Female,Intro,App
UUS03713,2024-10-13,Boston,MA,36-45,Male,Standard,App
UUS03714,2025-08-09,Austin,TX,46-55,Female,Intro,App
UUS03715,2025-10-15,Philadelphia,PA,18-25,Female,Standard,App
UUS03716,2024-07-27,San Jose,CA,26-35,Female,Standard,App
UUS03717,2024-02-06,Seattle,WA,36-45,Female,Elite,App
UUS03718,2026-01-29,Houston,TX,36-45,Female,Standard,App
UUS03719,2025-01-09,Philadelphia,PA,46-55,Male,Standard,Website
UUS03720,2025-07-16,Seattle,WA,26-35,Female,Standard,App
UUS03721,2024-11-28,Philadelphia,PA,36-45,Female,Elite,App
UUS03722,2025-05-29,Phoenix,AZ,18-25,Female,Standard,App
UUS03723,2025-08-03,San Diego,CA,18-25,Female,Elite,App
UUS03724,2024-11-25,Houston,TX,26-35,Male,Standard,App
UUS03725,2024-01-20,Philadelphia,PA,46-55,Female,Standard,App
UUS03726,2024-07-27,Houston,TX,18-25,Female,Elite,App
UUS03727,2026-03-13,Austin,TX,36-45,Female,Standard,App
UUS03728,2024-08-28,Los Angeles,CA,18-25,Female,Standard,Website
UUS03729,2024-08-23,Dallas,TX,46-55,Female,Standard,App
UUS03730,2025-08-23,Dallas,TX,26-35,Female,Standard,App
UUS03731,2025-05-16,Seattle,WA,46-55,Male,Standard,Website
UUS03732,2024-09-18,Chicago,IL,26-35,Male,Intro,Website
UUS03733,2024-05-27,Los Angeles,CA,46-55,Female,Intro,App
UUS03734,2024-09-26,New York,NY,36-45,Female,Standard,App
UUS03735,2024-07-24,Chicago,IL,36-45,Male,Elite,Website
UUS03736,2024-02-05,Chicago,IL,26-35,Female,Standard,Website
UUS03737,2024-01-10,Philadelphia,PA,46-55,Female,Intro,App
UUS03738,2024-04-17,Los Angeles,CA,26-35,Female,Intro,App
UUS03739,2025-09-23,San Diego,CA,26-35,Male,Standard,Website
UUS03740,2024-04-08,Chicago,IL,26-35,Female,Standard,App
UUS03741,2025-07-24,Dallas,TX,18-25,Male,Elite,App
UUS03742,2024-08-12,Houston,TX,26-35,Male,Intro,App
UUS03743,2024-12-25,Phoenix,AZ,36-45,Male,Standard,App
UUS03744,2026-02-01,Los Angeles,CA,36-45,Female,Intro,App
UUS03745,2026-02-20,Los Angeles,CA,26-35,Male,Elite,App
UUS03746,2025-12-13,Boston,MA,26-35,Male,Standard,App
UUS03747,2026-03-05,Seattle,WA,46-55,Male,Standard,App
UUS03748,2024-12-09,Houston,TX,18-25,Male,Elite,App
UUS03749,2024-03-08,Houston,TX,26-35,Male,Elite,App
UUS03750,2025-09-12,New York,NY,26-35,Female,Elite,App
UUS03751,2025-12-09,Los Angeles,CA,18-25,Female,Elite,Website
UUS03752,2024-04-19,San Diego,CA,26-35,Other,Intro,Website
UUS03753,2024-02-11,Los Angeles,CA,18-25,Male,Standard,App
UUS03754,2025-02-15,Seattle,WA,36-45,Female,Standard,App
UUS03755,2024-11-16,Austin,TX,56+,Female,Standard,App
UUS03756,2024-12-17,Austin,TX,46-55,Male,Standard,App
UUS03757,2025-02-11,Boston,MA,18-25,Male,Elite,App
UUS03758,2024-10-26,Houston,TX,36-45,Female,Elite,App
UUS03759,2024-02-09,Philadelphia,PA,18-25,Male,Standard,Website
UUS03760,2024-03-13,Boston,MA,26-35,Male,Intro,App
UUS03761,2025-07-14,Los Angeles,CA,56+,Female,Elite,Website
UUS03762,2025-02-05,New York,NY,18-25,Female,Standard,Website
UUS03763,2025-01-24,Austin,TX,36-45,Male,Intro,App
UUS03764,2025-09-14,Houston,TX,36-45,Male,Intro,App
UUS03765,2025-11-04,Phoenix,AZ,46-55,Female,Standard,App
UUS03766,2024-11-17,Los Angeles,CA,26-35,Female,Elite,Website
UUS03767,2025-09-16,Dallas,TX,26-35,Male,Intro,Website
UUS03768,2024-10-10,Phoenix,AZ,18-25,Female,Standard,App
UUS03769,2025-12-31,Phoenix,AZ,18-25,Female,Standard,App
UUS03770,2025-11-14,San Jose,CA,18-25,Female,Standard,App
UUS03771,2024-07-14,Phoenix,AZ,26-35,Male,Standard,App
UUS03772,2025-01-19,San Diego,CA,26-35,Female,Intro,App
UUS03773,2024-06-18,Austin,TX,26-35,Female,Elite,App
UUS03774,2025-09-14,Philadelphia,PA,26-35,Male,Standard,App
UUS03775,2026-01-24,Austin,TX,36-45,Female,Standard,App
UUS03776,2026-03-10,Philadelphia,PA,26-35,Female,Standard,App
UUS03777,2024-05-24,Houston,TX,36-45,Male,Standard,Website
UUS03778,2026-01-19,Dallas,TX,56+,Male,Standard,App
UUS03779,2025-03-03,New York,NY,18-25,Female,Intro,App
UUS03780,2025-05-07,Phoenix,AZ,36-45,Female,Intro,App
UUS03781,2026-01-16,Philadelphia,PA,26-35,Male,Intro,Website
UUS03782,2024-10-29,Seattle,WA,36-45,Female,Intro,Website
UUS03783,2024-01-27,Los Angeles,CA,46-55,Male,Intro,App
UUS03784,2026-02-09,Seattle,WA,36-45,Male,Standard,App
UUS03785,2025-12-06,Seattle,WA,36-45,Male,Elite,App
UUS03786,2024-11-08,New York,NY,18-25,Female,Elite,App
UUS03787,2025-04-24,Phoenix,AZ,56+,Female,Standard,App
UUS03788,2024-03-11,New York,NY,18-25,Male,Standard,App
UUS03789,2025-12-27,Chicago,IL,26-35,Male,Intro,App
UUS03790,2024-07-31,Philadelphia,PA,26-35,Male,Standard,App
UUS03791,2025-10-01,Phoenix,AZ,26-35,Female,Elite,Website
UUS03792,2024-12-24,Seattle,WA,18-25,Male,Elite,App
UUS03793,2025-01-22,Boston,MA,26-35,Male,Intro,Website
UUS03794,2024-02-22,San Jose,CA,26-35,Male,Intro,Website
UUS03795,2024-05-29,New York,NY,36-45,Female,Standard,App
UUS03796,2024-12-20,Phoenix,AZ,36-45,Male,Standard,Website
UUS03797,2024-07-11,San Jose,CA,56+,Female,Elite,App
UUS03798,2024-06-05,Phoenix,AZ,46-55,Female,Elite,App
UUS03799,2024-08-04,Dallas,TX,36-45,Female,Intro,Website
UUS03800,2025-01-17,Seattle,WA,26-35,Female,Elite,App
UUS03801,2024-11-16,Austin,TX,18-25,Female,Standard,App
UUS03802,2025-11-29,San Diego,CA,18-25,Female,Standard,App
UUS03803,2025-03-21,Seattle,WA,36-45,Female,Elite,App
UUS03804,2024-11-08,Phoenix,AZ,18-25,Female,Standard,App
UUS03805,2024-03-17,Dallas,TX,26-35,Male,Intro,App
UUS03806,2025-10-19,Houston,TX,36-45,Male,Elite,Website
UUS03807,2024-05-14,Philadelphia,PA,18-25,Female,Standard,App
UUS03808,2025-12-31,Boston,MA,26-35,Female,Standard,Website
UUS03809,2024-12-24,Phoenix,AZ,36-45,Female,Elite,App
UUS03810,2024-06-16,Chicago,IL,18-25,Female,Elite,App
UUS03811,2023-12-31,Phoenix,AZ,36-45,Female,Elite,Website
UUS03812,2025-08-13,Los Angeles,CA,26-35,Female,Standard,Website
UUS03813,2024-05-08,San Diego,CA,26-35,Female,Standard,App
UUS03814,2025-05-18,Boston,MA,46-55,Female,Intro,App
UUS03815,2025-12-18,New York,NY,26-35,Male,Standard,Website
UUS03816,2024-05-22,Austin,TX,36-45,Other,Standard,App
UUS03817,2025-09-15,San Jose,CA,26-35,Male,Standard,App
UUS03818,2024-11-14,San Diego,CA,36-45,Female,Standard,App
UUS03819,2025-07-12,Los Angeles,CA,36-45,Female,Intro,App
UUS03820,2024-07-15,New York,NY,36-45,Female,Standard,App
UUS03821,2024-10-03,San Jose,CA,26-35,Male,Intro,App
UUS03822,2025-10-07,Los Angeles,CA,36-45,Male,Standard,App
UUS03823,2024-09-18,Phoenix,AZ,46-55,Other,Standard,Website
UUS03824,2025-05-10,San Jose,CA,26-35,Male,Standard,App
UUS03825,2025-08-25,Philadelphia,PA,26-35,Female,Intro,App
UUS03826,2024-02-22,San Diego,CA,36-45,Male,Elite,App
UUS03827,2025-09-25,Dallas,TX,46-55,Female,Standard,App
UUS03828,2024-10-19,Houston,TX,46-55,Female,Elite,App
UUS03829,2025-08-23,Dallas,TX,56+,Male,Standard,App
UUS03830,2025-08-26,Philadelphia,PA,36-45,Female,Standard,App
UUS03831,2025-07-24,Seattle,WA,18-25,Male,Standard,App
UUS03832,2024-02-20,San Jose,CA,18-25,Female,Standard,App
UUS03833,2025-09-29,Chicago,IL,26-35,Male,Standard,Website
UUS03834,2025-05-23,Los Angeles,CA,18-25,Male,Intro,App
UUS03835,2025-08-21,Phoenix,AZ,46-55,Female,Elite,Website
UUS03836,2025-09-24,Boston,MA,26-35,Female,Standard,App
UUS03837,2025-01-22,Houston,TX,18-25,Female,Standard,App
UUS03838,2024-04-19,Seattle,WA,26-35,Male,Intro,App
UUS03839,2026-03-06,Dallas,TX,26-35,Female,Elite,App
UUS03840,2025-08-02,Los Angeles,CA,36-45,Female,Intro,App
UUS03841,2024-05-16,San Jose,CA,56+,Male,Standard,Website
UUS03842,2025-01-06,San Diego,CA,36-45,Male,Elite,App
UUS03843,2024-10-23,Los Angeles,CA,26-35,Female,Standard,Website
UUS03844,2025-05-06,Boston,MA,36-45,Male,Standard,Website
UUS03845,2024-08-19,New York,NY,36-45,Male,Standard,Website
UUS03846,2024-02-28,Chicago,IL,26-35,Female,Standard,App
UUS03847,2024-12-27,Chicago,IL,26-35,Female,Standard,App
UUS03848,2025-06-11,San Diego,CA,26-35,Male,Standard,App
UUS03849,2025-12-03,Austin,TX,46-55,Male,Elite,App
UUS03850,2025-12-12,Los Angeles,CA,36-45,Male,Standard,Website
UUS03851,2025-10-05,Chicago,IL,18-25,Female,Intro,Website
UUS03852,2024-03-05,Austin,TX,26-35,Female,Standard,App
UUS03853,2026-02-09,Houston,TX,26-35,Male,Intro,Website
UUS03854,2024-08-17,Dallas,TX,26-35,Female,Elite,Website
UUS03855,2024-11-03,Chicago,IL,36-45,Male,Standard,App
UUS03856,2024-02-12,Seattle,WA,46-55,Male,Intro,Website
UUS03857,2024-09-28,Los Angeles,CA,26-35,Female,Elite,App
UUS03858,2024-10-27,Houston,TX,18-25,Female,Standard,App
UUS03859,2024-10-18,Houston,TX,36-45,Male,Intro,Website
UUS03860,2025-05-05,New York,NY,46-55,Male,Standard,Website
UUS03861,2026-03-09,Phoenix,AZ,36-45,Female,Standard,App
UUS03862,2024-05-18,San Diego,CA,46-55,Female,Standard,App
UUS03863,2024-09-03,Los Angeles,CA,36-45,Female,Standard,Website
UUS03864,2024-12-05,Houston,TX,26-35,Female,Intro,App
UUS03865,2025-07-18,San Jose,CA,46-55,Female,Standard,App
UUS03866,2024-02-13,Dallas,TX,18-25,Female,Elite,App
UUS03867,2025-12-04,Dallas,TX,56+,Male,Intro,App
UUS03868,2026-01-04,Los Angeles,CA,26-35,Male,Standard,Website
UUS03869,2025-02-21,Dallas,TX,56+,Male,Standard,Website
UUS03870,2024-02-26,Philadelphia,PA,26-35,Male,Standard,App
UUS03871,2025-12-21,Boston,MA,26-35,Female,Elite,App
UUS03872,2026-04-25,San Diego,CA,46-55,Female,Standard,App
UUS03873,2024-08-05,Dallas,TX,26-35,Male,Standard,App
UUS03874,2024-12-25,Dallas,TX,36-45,Male,Standard,App
UUS03875,2026-01-11,Seattle,WA,46-55,Male,Intro,App
UUS03876,2025-05-13,Houston,TX,26-35,Female,Standard,App
UUS03877,2026-01-17,Chicago,IL,36-45,Male,Standard,App
UUS03878,2025-09-12,Austin,TX,26-35,Female,Standard,App
UUS03879,2025-03-06,Seattle,WA,36-45,Male,Standard,App
UUS03880,2024-02-13,Chicago,IL,46-55,Male,Standard,App
UUS03881,2025-04-07,Los Angeles,CA,26-35,Male,Standard,App
UUS03882,2024-06-16,Dallas,TX,18-25,Male,Standard,App
UUS03883,2025-05-22,New York,NY,26-35,Male,Standard,App
UUS03884,2025-08-02,San Jose,CA,36-45,Male,Standard,App
UUS03885,2025-10-25,New York,NY,26-35,Male,Intro,App
UUS03886,2024-08-28,Dallas,TX,36-45,Female,Standard,Website
UUS03887,2025-09-26,Houston,TX,36-45,Male,Intro,App
UUS03888,2025-08-10,New York,NY,36-45,Male,Elite,App
UUS03889,2024-01-29,Philadelphia,PA,36-45,Male,Standard,App
UUS03890,2025-09-16,San Jose,CA,46-55,Female,Elite,App
UUS03891,2026-01-27,Boston,MA,36-45,Female,Standard,App
UUS03892,2024-05-12,Los Angeles,CA,36-45,Male,Elite,App
UUS03893,2025-06-18,Austin,TX,36-45,Male,Standard,Website
UUS03894,2025-05-25,San Diego,CA,26-35,Female,Elite,App
UUS03895,2025-06-16,Boston,MA,46-55,Female,Intro,Website
UUS03896,2024-09-26,Chicago,IL,26-35,Male,Standard,App
UUS03897,2024-03-31,Philadelphia,PA,26-35,Female,Standard,App
UUS03898,2024-03-11,Phoenix,AZ,36-45,Female,Standard,App
UUS03899,2025-09-15,Dallas,TX,18-25,Male,Standard,App
UUS03900,2025-12-05,San Jose,CA,36-45,Female,Elite,App
UUS03901,2025-07-24,Dallas,TX,18-25,Male,Standard,Website
UUS03902,2025-04-17,Austin,TX,18-25,Female,Intro,App
UUS03903,2025-07-30,Dallas,TX,18-25,Female,Standard,App
UUS03904,2024-05-14,Los Angeles,CA,36-45,Female,Standard,App
UUS03905,2026-02-14,Houston,TX,46-55,Female,Intro,App
UUS03906,2025-02-11,Chicago,IL,26-35,Female,Elite,App
UUS03907,2024-09-12,Phoenix,AZ,26-35,Female,Standard,App
UUS03908,2025-09-11,Austin,TX,46-55,Female,Elite,App
UUS03909,2025-07-27,Phoenix,AZ,36-45,Male,Intro,App
UUS03910,2024-05-07,Phoenix,AZ,26-35,Male,Elite,App
UUS03911,2025-03-20,Phoenix,AZ,18-25,Female,Standard,App
UUS03912,2024-09-06,Los Angeles,CA,36-45,Female,Elite,App
UUS03913,2024-02-22,Phoenix,AZ,36-45,Female,Elite,Website
UUS03914,2024-05-26,Boston,MA,36-45,Female,Standard,App
UUS03915,2025-06-07,Los Angeles,CA,46-55,Female,Elite,App
UUS03916,2024-10-12,Philadelphia,PA,36-45,Male,Elite,Website
UUS03917,2025-01-20,Chicago,IL,36-45,Female,Standard,App
UUS03918,2024-02-16,Phoenix,AZ,18-25,Female,Standard,App
UUS03919,2024-02-12,Boston,MA,36-45,Male,Intro,App
UUS03920,2024-01-17,San Diego,CA,46-55,Female,Standard,App
UUS03921,2024-05-29,Houston,TX,26-35,Female,Standard,App
UUS03922,2025-04-24,Philadelphia,PA,36-45,Male,Standard,App
UUS03923,2024-02-27,Phoenix,AZ,18-25,Female,Standard,App
UUS03924,2024-09-29,Philadelphia,PA,36-45,Female,Standard,App
UUS03925,2025-03-29,Boston,MA,26-35,Female,Elite,App
UUS03926,2026-03-06,Houston,TX,26-35,Male,Elite,App
UUS03927,2024-04-29,Austin,TX,36-45,Female,Intro,App
UUS03928,2025-04-07,Chicago,IL,18-25,Male,Standard,App
UUS03929,2025-11-05,Seattle,WA,26-35,Female,Intro,App
UUS03930,2024-11-02,Los Angeles,CA,18-25,Male,Intro,App
UUS03931,2024-02-27,Dallas,TX,26-35,Female,Standard,App
UUS03932,2024-07-03,Los Angeles,CA,46-55,Female,Intro,Website
UUS03933,2025-01-31,Seattle,WA,26-35,Male,Elite,App
UUS03934,2025-12-08,Dallas,TX,26-35,Female,Standard,App
UUS03935,2024-12-23,Philadelphia,PA,26-35,Female,Standard,Website
UUS03936,2025-04-08,Austin,TX,36-45,Female,Standard,App
UUS03937,2024-12-11,San Jose,CA,46-55,Female,Intro,App
UUS03938,2024-12-29,Austin,TX,26-35,Other,Elite,App
UUS03939,2026-01-23,Boston,MA,56+,Male,Standard,App
UUS03940,2026-02-13,Houston,TX,36-45,Male,Standard,App
UUS03941,2025-01-21,Phoenix,AZ,36-45,Female,Standard,App
UUS03942,2025-01-10,Houston,TX,26-35,Female,Intro,App
UUS03943,2024-10-23,Philadelphia,PA,26-35,Female,Elite,App
UUS03944,2024-02-09,Chicago,IL,36-45,Female,Standard,App
UUS03945,2026-03-22,Chicago,IL,46-55,Male,Elite,App
UUS03946,2025-04-17,Boston,MA,26-35,Other,Elite,App
UUS03947,2026-01-09,Phoenix,AZ,46-55,Female,Intro,App
UUS03948,2025-07-08,Houston,TX,46-55,Female,Elite,App
UUS03949,2025-06-12,Phoenix,AZ,46-55,Male,Standard,App
UUS03950,2025-11-09,Boston,MA,26-35,Male,Standard,App
UUS03951,2024-05-18,Philadelphia,PA,36-45,Female,Standard,App
UUS03952,2024-11-24,New York,NY,36-45,Male,Standard,App
UUS03953,2024-06-19,Boston,MA,26-35,Female,Elite,App
UUS03954,2025-04-05,Boston,MA,26-35,Female,Intro,App
UUS03955,2025-01-06,Austin,TX,26-35,Female,Standard,Website
UUS03956,2024-07-20,Seattle,WA,18-25,Female,Standard,App
UUS03957,2024-11-04,Philadelphia,PA,18-25,Male,Intro,App
UUS03958,2024-05-09,Houston,TX,36-45,Male,Standard,App
UUS03959,2025-09-28,Dallas,TX,36-45,Female,Standard,App
UUS03960,2024-04-28,Dallas,TX,36-45,Female,Elite,Website
UUS03961,2024-12-05,Boston,MA,46-55,Male,Elite,App
UUS03962,2024-03-12,Boston,MA,26-35,Male,Intro,App
UUS03963,2025-04-28,San Jose,CA,56+,Male,Intro,App
UUS03964,2025-09-09,San Jose,CA,26-35,Female,Standard,Website
UUS03965,2024-03-26,San Jose,CA,26-35,Male,Elite,App
UUS03966,2024-12-19,Los Angeles,CA,46-55,Male,Elite,App
UUS03967,2026-03-15,New York,NY,36-45,Male,Standard,Website
UUS03968,2024-11-24,Dallas,TX,18-25,Male,Standard,App
UUS03969,2024-07-29,Dallas,TX,36-45,Female,Standard,Website
UUS03970,2025-06-18,Philadelphia,PA,26-35,Male,Intro,App
UUS03971,2024-08-28,Philadelphia,PA,26-35,Female,Intro,App
UUS03972,2025-04-22,New York,NY,36-45,Male,Elite,App
UUS03973,2024-01-28,Los Angeles,CA,36-45,Male,Standard,Website
UUS03974,2025-06-13,San Jose,CA,26-35,Female,Elite,App
UUS03975,2024-06-29,Boston,MA,18-25,Male,Standard,App
UUS03976,2024-08-12,Boston,MA,26-35,Female,Intro,App
UUS03977,2025-04-24,Chicago,IL,26-35,Male,Standard,App
UUS03978,2025-09-02,Los Angeles,CA,56+,Female,Intro,Website
UUS03979,2025-01-22,Seattle,WA,36-45,Other,Elite,App
UUS03980,2024-08-31,Chicago,IL,36-45,Other,Elite,Website
UUS03981,2024-03-08,Chicago,IL,26-35,Female,Standard,App
UUS03982,2024-09-16,San Jose,CA,36-45,Female,Standard,App
UUS03983,2024-08-06,New York,NY,36-45,Female,Standard,App
UUS03984,2025-10-10,Houston,TX,26-35,Male,Standard,App
UUS03985,2025-04-03,New York,NY,56+,Male,Elite,App
UUS03986,2025-08-25,Houston,TX,26-35,Female,Standard,App
UUS03987,2025-11-07,San Jose,CA,46-55,Male,Intro,App
UUS03988,2024-09-30,Dallas,TX,26-35,Female,Elite,App
UUS03989,2025-08-21,Phoenix,AZ,36-45,Female,Intro,App
UUS03990,2025-05-06,Phoenix,AZ,36-45,Female,Elite,App
UUS03991,2024-07-10,San Diego,CA,18-25,Female,Elite,App
UUS03992,2025-08-20,Austin,TX,46-55,Female,Intro,App
UUS03993,2024-03-29,Chicago,IL,56+,Female,Elite,Website
UUS03994,2025-04-27,San Diego,CA,46-55,Male,Standard,App
UUS03995,2025-03-08,Phoenix,AZ,36-45,Male,Standard,Website
UUS03996,2024-05-21,Philadelphia,PA,26-35,Male,Standard,App
UUS03997,2025-12-10,Philadelphia,PA,26-35,Female,Standard,App
UUS03998,2024-01-19,Chicago,IL,56+,Male,Standard,App
UUS03999,2025-11-23,Seattle,WA,18-25,Male,Standard,Website
UUS04000,2025-10-28,San Diego,CA,26-35,Female,Elite,Website
UUS04001,2024-02-28,Seattle,WA,46-55,Male,Intro,App
UUS04002,2024-05-22,Dallas,TX,26-35,Male,Standard,App
UUS04003,2024-01-02,San Diego,CA,46-55,Male,Intro,App
UUS04004,2025-10-10,Austin,TX,36-45,Male,Intro,App
UUS04005,2025-09-30,Dallas,TX,56+,Female,Standard,App
UUS04006,2025-12-10,San Jose,CA,36-45,Male,Standard,App
UUS04007,2025-11-13,Philadelphia,PA,26-35,Male,Intro,App
UUS04008,2023-12-27,Dallas,TX,18-25,Female,Standard,Website
UUS04009,2024-11-20,Austin,TX,46-55,Female,Standard,Website
UUS04010,2024-11-19,Phoenix,AZ,36-45,Male,Standard,Website
UUS04011,2024-03-18,Austin,TX,26-35,Female,Standard,App
UUS04012,2024-06-17,Houston,TX,26-35,Female,Standard,App
UUS04013,2024-10-10,Phoenix,AZ,26-35,Male,Intro,App
UUS04014,2024-12-06,Phoenix,AZ,46-55,Female,Standard,App
UUS04015,2025-09-05,Phoenix,AZ,46-55,Female,Intro,App
UUS04016,2025-05-14,San Diego,CA,46-55,Male,Standard,App
UUS04017,2026-03-06,San Jose,CA,36-45,Male,Intro,App
UUS04018,2024-08-17,New York,NY,18-25,Male,Standard,App
UUS04019,2024-08-02,San Jose,CA,36-45,Male,Intro,App
UUS04020,2025-07-09,Dallas,TX,26-35,Male,Standard,Website
UUS04021,2024-04-25,New York,NY,26-35,Male,Standard,App
UUS04022,2025-08-12,Philadelphia,PA,26-35,Male,Intro,Website
UUS04023,2025-03-19,San Jose,CA,18-25,Male,Elite,App
UUS04024,2025-07-16,San Jose,CA,26-35,Female,Elite,Website
UUS04025,2025-10-27,San Diego,CA,36-45,Female,Elite,App
UUS04026,2025-06-06,Dallas,TX,36-45,Male,Intro,App
UUS04027,2024-04-23,Phoenix,AZ,36-45,Male,Elite,App
UUS04028,2025-12-19,Chicago,IL,18-25,Female,Standard,App
UUS04029,2025-04-20,Phoenix,AZ,46-55,Female,Intro,App
UUS04030,2024-04-22,Los Angeles,CA,26-35,Male,Intro,App
UUS04031,2024-01-12,Chicago,IL,26-35,Female,Standard,App
UUS04032,2025-05-22,Houston,TX,26-35,Female,Elite,App
UUS04033,2025-07-09,Dallas,TX,26-35,Male,Intro,Website
UUS04034,2025-02-11,Austin,TX,36-45,Male,Elite,Website
UUS04035,2025-04-08,Los Angeles,CA,18-25,Male,Elite,Website
UUS04036,2025-08-08,Los Angeles,CA,56+,Male,Standard,Website
UUS04037,2026-01-04,Houston,TX,36-45,Male,Elite,App
UUS04038,2024-11-22,Houston,TX,18-25,Female,Standard,Website
UUS04039,2025-04-21,Phoenix,AZ,36-45,Other,Standard,App
UUS04040,2024-09-16,New York,NY,26-35,Female,Intro,App
UUS04041,2025-09-30,San Jose,CA,46-55,Male,Standard,App
UUS04042,2026-03-01,Chicago,IL,46-55,Female,Standard,App
UUS04043,2025-06-05,Houston,TX,56+,Male,Standard,App
UUS04044,2024-04-01,San Diego,CA,36-45,Female,Standard,App
UUS04045,2026-01-26,San Jose,CA,56+,Male,Elite,Website
UUS04046,2025-04-26,San Diego,CA,36-45,Female,Standard,App
UUS04047,2025-01-02,Seattle,WA,26-35,Male,Standard,App
UUS04048,2025-06-07,San Diego,CA,36-45,Male,Standard,App
UUS04049,2025-10-25,Houston,TX,26-35,Male,Intro,Website
UUS04050,2025-11-12,New York,NY,26-35,Female,Standard,App
UUS04051,2025-04-06,Phoenix,AZ,46-55,Male,Elite,App
UUS04052,2026-03-24,San Jose,CA,56+,Male,Standard,App
UUS04053,2025-01-13,Philadelphia,PA,18-25,Female,Intro,App
UUS04054,2025-04-19,Austin,TX,26-35,Male,Standard,App
UUS04055,2024-07-06,Phoenix,AZ,36-45,Male,Standard,Website
UUS04056,2024-01-09,Phoenix,AZ,26-35,Male,Standard,App
UUS04057,2025-01-21,Boston,MA,46-55,Male,Standard,App
UUS04058,2025-06-21,Phoenix,AZ,26-35,Female,Standard,App
UUS04059,2026-03-09,San Diego,CA,36-45,Female,Standard,App
UUS04060,2024-03-31,Los Angeles,CA,26-35,Male,Standard,App
UUS04061,2025-03-03,Phoenix,AZ,26-35,Female,Standard,App
UUS04062,2024-03-22,Seattle,WA,36-45,Female,Standard,App
UUS04063,2025-09-24,Phoenix,AZ,26-35,Male,Standard,Website
UUS04064,2025-10-13,Austin,TX,26-35,Male,Standard,App
UUS04065,2024-07-17,Houston,TX,46-55,Male,Standard,App
UUS04066,2026-03-19,Seattle,WA,26-35,Male,Standard,App
UUS04067,2025-03-24,San Diego,CA,36-45,Female,Standard,App
UUS04068,2025-06-25,Chicago,IL,26-35,Male,Standard,App
UUS04069,2025-05-18,Boston,MA,26-35,Female,Elite,Website
UUS04070,2025-02-16,New York,NY,56+,Male,Intro,App
UUS04071,2025-05-05,Phoenix,AZ,26-35,Female,Intro,Website
UUS04072,2025-02-10,Houston,TX,26-35,Female,Elite,App
UUS04073,2024-06-27,Philadelphia,PA,26-35,Female,Standard,App
UUS04074,2026-02-07,Austin,TX,36-45,Female,Elite,App
UUS04075,2025-07-30,Boston,MA,26-35,Male,Standard,App
UUS04076,2024-04-27,Chicago,IL,26-35,Male,Standard,App
UUS04077,2026-02-02,Phoenix,AZ,18-25,Female,Standard,App
UUS04078,2026-02-07,Austin,TX,36-45,Female,Standard,App
UUS04079,2024-04-27,Phoenix,AZ,26-35,Male,Intro,App
UUS04080,2024-06-13,Philadelphia,PA,26-35,Female,Elite,App
UUS04081,2025-02-06,Houston,TX,36-45,Other,Standard,Website
UUS04082,2025-07-25,Houston,TX,26-35,Female,Standard,App
UUS04083,2024-07-12,San Diego,CA,18-25,Female,Standard,App
UUS04084,2024-05-22,Houston,TX,18-25,Male,Standard,App
UUS04085,2025-10-24,San Diego,CA,26-35,Female,Intro,Website
UUS04086,2025-09-20,Philadelphia,PA,26-35,Male,Standard,Website
UUS04087,2024-02-10,Phoenix,AZ,36-45,Male,Standard,Website
UUS04088,2025-05-18,San Diego,CA,26-35,Female,Intro,App
UUS04089,2025-09-01,Phoenix,AZ,46-55,Male,Intro,App
UUS04090,2024-03-27,Philadelphia,PA,26-35,Female,Standard,App
UUS04091,2024-04-03,San Diego,CA,26-35,Female,Standard,App
UUS04092,2024-07-24,Philadelphia,PA,56+,Female,Elite,App
UUS04093,2025-07-09,Phoenix,AZ,18-25,Female,Elite,App
UUS04094,2025-10-21,Seattle,WA,36-45,Female,Standard,Website
UUS04095,2025-10-23,San Diego,CA,46-55,Male,Intro,Website
UUS04096,2026-03-10,Los Angeles,CA,36-45,Female,Standard,App
UUS04097,2025-02-16,New York,NY,36-45,Female,Standard,Website
UUS04098,2025-11-28,San Diego,CA,18-25,Male,Elite,App
UUS04099,2025-07-23,Chicago,IL,46-55,Male,Elite,Website
UUS04100,2025-02-20,Philadelphia,PA,26-35,Female,Standard,App
UUS04101,2025-11-10,New York,NY,18-25,Male,Elite,Website
UUS04102,2025-06-21,San Diego,CA,26-35,Female,Standard,App
UUS04103,2025-01-09,San Jose,CA,26-35,Male,Standard,App
UUS04104,2026-03-10,Boston,MA,46-55,Female,Standard,App
UUS04105,2024-05-10,Dallas,TX,46-55,Female,Standard,App
UUS04106,2025-11-17,Chicago,IL,36-45,Male,Intro,App
UUS04107,2025-05-03,New York,NY,26-35,Male,Standard,App
UUS04108,2025-06-28,Los Angeles,CA,36-45,Male,Standard,App
UUS04109,2024-08-19,San Jose,CA,26-35,Female,Elite,App
UUS04110,2024-07-30,Houston,TX,46-55,Female,Standard,Website
UUS04111,2024-09-27,San Diego,CA,26-35,Female,Standard,App
UUS04112,2024-01-14,Seattle,WA,56+,Male,Intro,App
UUS04113,2025-02-03,Philadelphia,PA,56+,Male,Standard,App
UUS04114,2024-09-23,Dallas,TX,26-35,Female,Standard,Website
UUS04115,2024-11-12,Chicago,IL,46-55,Male,Standard,App
UUS04116,2026-03-19,Austin,TX,36-45,Female,Standard,App
UUS04117,2024-09-07,Chicago,IL,26-35,Female,Standard,App
UUS04118,2024-11-15,Phoenix,AZ,56+,Female,Standard,Website
UUS04119,2024-01-29,Houston,TX,26-35,Female,Standard,Website
UUS04120,2025-01-21,Philadelphia,PA,26-35,Female,Elite,Website
UUS04121,2026-01-11,Austin,TX,36-45,Male,Standard,App
UUS04122,2024-09-18,New York,NY,46-55,Male,Intro,Website
UUS04123,2025-02-11,San Diego,CA,26-35,Female,Intro,App
UUS04124,2024-03-18,New York,NY,36-45,Male,Standard,App
UUS04125,2026-01-22,Dallas,TX,26-35,Male,Elite,App
UUS04126,2024-03-22,Houston,TX,36-45,Female,Elite,Website
UUS04127,2024-08-17,Los Angeles,CA,26-35,Male,Standard,App
UUS04128,2025-11-03,Boston,MA,26-35,Female,Standard,App
UUS04129,2025-04-29,Los Angeles,CA,26-35,Female,Elite,Website
UUS04130,2025-02-13,Philadelphia,PA,36-45,Male,Standard,App
UUS04131,2026-01-07,New York,NY,36-45,Female,Standard,App
UUS04132,2024-09-18,Dallas,TX,18-25,Female,Elite,Website
UUS04133,2025-11-12,Phoenix,AZ,26-35,Male,Standard,Website
UUS04134,2025-08-10,Boston,MA,46-55,Female,Elite,App
UUS04135,2026-03-28,Boston,MA,46-55,Male,Standard,App
UUS04136,2024-12-12,Dallas,TX,56+,Female,Elite,App
UUS04137,2024-01-23,Seattle,WA,46-55,Female,Standard,App
UUS04138,2026-03-07,Austin,TX,46-55,Male,Intro,Website
UUS04139,2024-08-05,Austin,TX,18-25,Female,Elite,App
UUS04140,2024-03-09,Austin,TX,36-45,Other,Intro,App
UUS04141,2024-09-14,Phoenix,AZ,36-45,Female,Standard,App
UUS04142,2024-02-27,Los Angeles,CA,26-35,Female,Standard,Website
UUS04143,2024-08-15,New York,NY,26-35,Female,Elite,App
UUS04144,2024-07-25,Houston,TX,18-25,Female,Standard,App
UUS04145,2025-10-13,San Jose,CA,26-35,Female,Intro,App
UUS04146,2024-09-19,Phoenix,AZ,36-45,Male,Standard,App
UUS04147,2026-03-17,Philadelphia,PA,36-45,Male,Standard,App
UUS04148,2024-07-25,Chicago,IL,56+,Female,Standard,App
UUS04149,2025-04-26,Houston,TX,26-35,Male,Intro,App
UUS04150,2025-11-16,San Diego,CA,26-35,Female,Intro,App
UUS04151,2026-01-05,Chicago,IL,18-25,Female,Intro,Website
UUS04152,2024-04-08,Boston,MA,36-45,Female,Elite,Website
UUS04153,2024-05-10,Chicago,IL,36-45,Female,Standard,App
UUS04154,2024-01-02,Boston,MA,18-25,Male,Elite,App
UUS04155,2024-10-21,Dallas,TX,18-25,Female,Standard,App
UUS04156,2024-02-02,Philadelphia,PA,56+,Male,Standard,Website
UUS04157,2024-06-09,San Jose,CA,26-35,Male,Intro,App
UUS04158,2024-09-07,Boston,MA,46-55,Male,Elite,Website
UUS04159,2024-12-13,San Jose,CA,26-35,Male,Elite,App
UUS04160,2025-03-17,San Jose,CA,36-45,Female,Intro,App
UUS04161,2024-11-07,San Diego,CA,26-35,Female,Standard,App
UUS04162,2024-09-08,Austin,TX,36-45,Male,Intro,App
UUS04163,2024-12-06,San Jose,CA,18-25,Male,Standard,App
UUS04164,2025-12-21,Chicago,IL,36-45,Male,Standard,App
UUS04165,2026-03-22,Austin,TX,26-35,Male,Intro,App
UUS04166,2024-10-20,Dallas,TX,18-25,Female,Elite,App
UUS04167,2025-05-23,Houston,TX,26-35,Male,Intro,App
UUS04168,2024-02-03,Chicago,IL,26-35,Female,Standard,Website
UUS04169,2024-03-15,Boston,MA,56+,Male,Standard,Website
UUS04170,2025-11-01,San Diego,CA,26-35,Female,Standard,App
UUS04171,2025-04-17,San Diego,CA,18-25,Male,Standard,App
UUS04172,2025-09-12,San Jose,CA,36-45,Female,Standard,App
UUS04173,2024-02-10,Austin,TX,18-25,Male,Elite,App
UUS04174,2025-01-15,Houston,TX,26-35,Male,Standard,App
UUS04175,2026-01-03,New York,NY,18-25,Female,Intro,App
UUS04176,2026-04-07,Boston,MA,56+,Female,Standard,App
UUS04177,2024-06-22,Phoenix,AZ,26-35,Male,Intro,App
UUS04178,2024-04-09,Phoenix,AZ,56+,Male,Elite,Website
UUS04179,2026-03-16,Dallas,TX,18-25,Male,Elite,App
UUS04180,2025-03-13,Philadelphia,PA,26-35,Male,Standard,App
UUS04181,2025-03-05,Houston,TX,26-35,Female,Intro,Website
UUS04182,2026-02-11,Houston,TX,18-25,Male,Standard,App
UUS04183,2024-07-29,New York,NY,36-45,Male,Standard,Website
UUS04184,2025-11-25,Phoenix,AZ,36-45,Female,Standard,App
UUS04185,2025-02-01,Philadelphia,PA,26-35,Male,Elite,App
UUS04186,2024-05-18,Phoenix,AZ,18-25,Male,Standard,App
UUS04187,2026-04-11,Philadelphia,PA,26-35,Female,Elite,Website
UUS04188,2024-11-23,Seattle,WA,18-25,Female,Intro,App
UUS04189,2026-03-30,Philadelphia,PA,46-55,Male,Standard,Website
UUS04190,2024-02-05,Los Angeles,CA,26-35,Male,Standard,App
UUS04191,2024-12-07,Austin,TX,26-35,Female,Standard,App
UUS04192,2025-01-11,San Jose,CA,46-55,Male,Standard,App
UUS04193,2025-10-01,Los Angeles,CA,46-55,Male,Standard,App
UUS04194,2025-08-29,San Jose,CA,18-25,Male,Standard,App
UUS04195,2025-03-17,Los Angeles,CA,26-35,Female,Standard,App
UUS04196,2025-01-30,San Diego,CA,46-55,Female,Standard,Website
UUS04197,2025-08-21,New York,NY,18-25,Male,Standard,App
UUS04198,2024-01-04,San Diego,CA,36-45,Male,Standard,App
UUS04199,2025-08-16,Los Angeles,CA,46-55,Female,Elite,App
UUS04200,2024-11-01,Chicago,IL,18-25,Female,Standard,App
UUS04201,2025-01-11,Chicago,IL,26-35,Male,Standard,Website
UUS04202,2024-04-16,Boston,MA,18-25,Male,Standard,Website
UUS04203,2025-02-19,Seattle,WA,56+,Female,Intro,App
UUS04204,2025-07-17,Dallas,TX,46-55,Male,Elite,Website
UUS04205,2024-11-23,Boston,MA,26-35,Female,Standard,App
UUS04206,2026-01-09,New York,NY,36-45,Female,Standard,App
UUS04207,2026-02-10,Phoenix,AZ,18-25,Male,Standard,App
UUS04208,2025-03-14,Chicago,IL,56+,Female,Standard,App
UUS04209,2025-02-24,Dallas,TX,46-55,Male,Intro,Website
UUS04210,2025-06-26,Chicago,IL,18-25,Male,Standard,App
UUS04211,2025-03-06,Dallas,TX,18-25,Male,Standard,App
UUS04212,2024-07-09,Dallas,TX,56+,Male,Standard,App
UUS04213,2025-02-01,Chicago,IL,36-45,Male,Standard,Website
UUS04214,2024-11-06,San Jose,CA,26-35,Female,Standard,App
UUS04215,2025-11-12,Dallas,TX,46-55,Male,Standard,App
UUS04216,2025-10-22,Boston,MA,46-55,Female,Intro,App
UUS04217,2025-07-31,Seattle,WA,18-25,Female,Standard,App
UUS04218,2025-04-30,Los Angeles,CA,18-25,Female,Standard,App
UUS04219,2025-12-23,San Jose,CA,36-45,Male,Standard,App
UUS04220,2025-08-17,Los Angeles,CA,36-45,Male,Standard,App
UUS04221,2024-10-10,Seattle,WA,26-35,Male,Standard,App
UUS04222,2024-03-08,San Jose,CA,36-45,Female,Elite,App
UUS04223,2025-12-08,Houston,TX,36-45,Female,Standard,App
UUS04224,2024-07-27,Austin,TX,36-45,Female,Standard,Website
UUS04225,2025-04-03,San Diego,CA,18-25,Female,Standard,App
UUS04226,2025-11-17,Philadelphia,PA,46-55,Male,Standard,App
UUS04227,2024-05-20,Chicago,IL,26-35,Female,Elite,App
UUS04228,2024-08-20,San Diego,CA,26-35,Female,Elite,Website
UUS04229,2026-03-20,San Diego,CA,18-25,Female,Standard,App
UUS04230,2024-05-23,Phoenix,AZ,46-55,Female,Standard,App
UUS04231,2024-06-24,Phoenix,AZ,26-35,Other,Standard,Website
UUS04232,2024-07-13,Dallas,TX,26-35,Male,Elite,App
UUS04233,2026-01-10,Philadelphia,PA,26-35,Male,Intro,App
UUS04234,2025-12-21,Philadelphia,PA,36-45,Female,Standard,App
UUS04235,2024-01-29,San Diego,CA,26-35,Male,Elite,Website
UUS04236,2025-03-25,Philadelphia,PA,56+,Male,Standard,App
UUS04237,2024-10-04,Philadelphia,PA,26-35,Male,Standard,Website
UUS04238,2026-01-13,Houston,TX,26-35,Female,Standard,App
UUS04239,2024-03-26,Chicago,IL,26-35,Male,Intro,App
UUS04240,2025-10-27,Houston,TX,56+,Female,Elite,App
UUS04241,2024-03-29,Chicago,IL,36-45,Female,Elite,App
UUS04242,2024-04-23,San Diego,CA,18-25,Male,Elite,Website
UUS04243,2024-02-21,Seattle,WA,18-25,Male,Elite,App
UUS04244,2024-07-21,San Jose,CA,36-45,Male,Elite,Website
UUS04245,2025-07-08,New York,NY,26-35,Female,Standard,Website
UUS04246,2024-01-10,Austin,TX,18-25,Male,Intro,App
UUS04247,2025-06-04,New York,NY,26-35,Male,Standard,App
UUS04248,2024-02-05,Houston,TX,26-35,Female,Standard,App
UUS04249,2025-11-17,San Jose,CA,26-35,Male,Standard,App
UUS04250,2024-02-07,Phoenix,AZ,26-35,Male,Intro,App
UUS04251,2024-01-03,Boston,MA,56+,Female,Intro,App
UUS04252,2026-01-20,Dallas,TX,18-25,Male,Intro,Website
UUS04253,2025-02-08,Phoenix,AZ,26-35,Female,Standard,App
UUS04254,2025-05-13,San Diego,CA,46-55,Male,Standard,Website
UUS04255,2026-03-03,Los Angeles,CA,46-55,Female,Intro,Website
UUS04256,2025-10-04,Boston,MA,46-55,Female,Standard,App
UUS04257,2026-02-18,Seattle,WA,18-25,Female,Standard,App
UUS04258,2024-06-04,Los Angeles,CA,56+,Male,Elite,Website
UUS04259,2026-02-03,Seattle,WA,26-35,Male,Standard,App
UUS04260,2024-12-26,Chicago,IL,36-45,Female,Elite,App
UUS04261,2024-11-01,San Diego,CA,36-45,Male,Standard,Website
UUS04262,2025-10-24,Boston,MA,26-35,Female,Intro,App
UUS04263,2024-02-23,San Jose,CA,26-35,Male,Elite,App
UUS04264,2025-08-01,San Diego,CA,36-45,Male,Elite,App
UUS04265,2024-05-27,Houston,TX,18-25,Male,Standard,App
UUS04266,2025-09-06,Dallas,TX,26-35,Male,Elite,App
UUS04267,2024-06-22,San Jose,CA,26-35,Female,Intro,App
UUS04268,2024-07-09,Phoenix,AZ,18-25,Female,Standard,App
UUS04269,2025-02-17,San Diego,CA,18-25,Female,Intro,App
UUS04270,2024-08-10,San Jose,CA,26-35,Male,Standard,App
UUS04271,2025-11-15,Austin,TX,36-45,Male,Intro,Website
UUS04272,2024-04-10,San Jose,CA,26-35,Female,Elite,App
UUS04273,2024-05-03,Seattle,WA,46-55,Male,Standard,Website
UUS04274,2024-05-03,Boston,MA,18-25,Female,Intro,App
UUS04275,2025-08-31,Boston,MA,18-25,Male,Standard,App
UUS04276,2024-12-28,Seattle,WA,36-45,Male,Standard,Website
UUS04277,2026-04-16,Los Angeles,CA,26-35,Other,Standard,App
UUS04278,2024-07-08,Austin,TX,26-35,Male,Standard,App
UUS04279,2025-12-31,New York,NY,26-35,Female,Elite,App
UUS04280,2025-06-27,Los Angeles,CA,36-45,Male,Intro,App
UUS04281,2025-08-15,Los Angeles,CA,26-35,Male,Standard,App
UUS04282,2025-11-17,Houston,TX,18-25,Other,Standard,App
UUS04283,2024-05-20,Chicago,IL,26-35,Female,Elite,App
UUS04284,2024-06-20,New York,NY,18-25,Female,Standard,App
UUS04285,2024-07-25,San Jose,CA,26-35,Male,Intro,App
UUS04286,2024-12-07,Houston,TX,26-35,Female,Standard,App
UUS04287,2025-06-04,San Diego,CA,26-35,Female,Standard,App
UUS04288,2024-01-16,Phoenix,AZ,18-25,Male,Standard,App
UUS04289,2024-04-24,Boston,MA,36-45,Female,Standard,App
UUS04290,2025-12-19,San Jose,CA,26-35,Male,Intro,App
UUS04291,2025-12-03,Los Angeles,CA,18-25,Male,Elite,Website
UUS04292,2025-09-30,Houston,TX,26-35,Female,Intro,App
UUS04293,2025-09-10,Philadelphia,PA,26-35,Female,Elite,App
UUS04294,2025-06-23,Seattle,WA,46-55,Female,Standard,Website
UUS04295,2024-05-29,San Jose,CA,46-55,Female,Elite,App
UUS04296,2025-10-06,Seattle,WA,18-25,Female,Standard,App
UUS04297,2025-04-15,Austin,TX,26-35,Male,Intro,Website
UUS04298,2024-11-17,New York,NY,26-35,Male,Intro,App
UUS04299,2024-11-22,San Diego,CA,36-45,Male,Elite,Website
UUS04300,2025-04-07,Austin,TX,18-25,Male,Elite,App
UUS04301,2026-03-27,Houston,TX,36-45,Male,Standard,App
UUS04302,2025-10-20,San Diego,CA,46-55,Female,Standard,App
UUS04303,2024-05-06,San Diego,CA,46-55,Female,Standard,Website
UUS04304,2025-08-13,San Diego,CA,56+,Male,Elite,App
UUS04305,2025-02-12,Dallas,TX,36-45,Female,Standard,Website
UUS04306,2025-02-07,Philadelphia,PA,26-35,Male,Elite,App
UUS04307,2026-03-09,San Jose,CA,56+,Female,Elite,App
UUS04308,2025-09-04,Austin,TX,56+,Male,Intro,App
UUS04309,2026-03-25,Los Angeles,CA,26-35,Female,Intro,App
UUS04310,2024-02-11,New York,NY,18-25,Male,Intro,Website
UUS04311,2025-01-22,New York,NY,36-45,Female,Elite,Website
UUS04312,2025-07-05,Houston,TX,46-55,Male,Elite,Website
UUS04313,2024-09-04,Phoenix,AZ,18-25,Male,Standard,App
UUS04314,2026-03-27,Phoenix,AZ,56+,Male,Standard,App
UUS04315,2025-11-25,Houston,TX,18-25,Male,Standard,App
UUS04316,2025-04-02,San Diego,CA,26-35,Male,Intro,App
UUS04317,2025-12-03,Boston,MA,26-35,Male,Elite,App
UUS04318,2025-07-04,Phoenix,AZ,26-35,Female,Standard,App
UUS04319,2024-05-29,Dallas,TX,18-25,Female,Standard,App
UUS04320,2024-01-22,San Diego,CA,26-35,Male,Standard,App
UUS04321,2024-06-17,San Jose,CA,36-45,Male,Standard,App
UUS04322,2025-08-07,Houston,TX,36-45,Male,Intro,App
UUS04323,2026-01-26,Boston,MA,26-35,Female,Standard,App
UUS04324,2025-02-17,New York,NY,36-45,Male,Intro,App
UUS04325,2026-03-05,Houston,TX,26-35,Male,Standard,App
UUS04326,2025-07-15,San Jose,CA,26-35,Male,Intro,Website
UUS04327,2025-09-23,Austin,TX,26-35,Male,Standard,App
UUS04328,2024-03-28,San Jose,CA,56+,Male,Standard,Website
UUS04329,2024-01-05,Austin,TX,46-55,Female,Standard,App
UUS04330,2026-02-11,San Diego,CA,18-25,Female,Intro,Website
UUS04331,2024-07-30,Dallas,TX,46-55,Male,Intro,Website
UUS04332,2025-02-20,Phoenix,AZ,36-45,Male,Intro,App
UUS04333,2024-07-22,New York,NY,56+,Male,Standard,App
UUS04334,2024-02-20,Boston,MA,46-55,Female,Elite,Website
UUS04335,2025-05-03,San Jose,CA,26-35,Female,Standard,App
UUS04336,2024-08-20,Boston,MA,46-55,Female,Standard,App
UUS04337,2024-01-01,Seattle,WA,26-35,Male,Standard,App
UUS04338,2025-04-27,Chicago,IL,56+,Male,Standard,App
UUS04339,2026-02-10,Philadelphia,PA,26-35,Male,Elite,App
UUS04340,2024-09-15,Philadelphia,PA,26-35,Male,Elite,Website
UUS04341,2024-01-17,Houston,TX,26-35,Female,Elite,App
UUS04342,2024-01-07,San Jose,CA,18-25,Male,Standard,App
UUS04343,2025-11-14,Austin,TX,36-45,Female,Elite,Website
UUS04344,2024-05-18,San Jose,CA,36-45,Female,Elite,App
UUS04345,2025-09-02,Austin,TX,26-35,Male,Standard,Website
UUS04346,2024-02-20,Dallas,TX,36-45,Male,Elite,Website
UUS04347,2024-01-21,Seattle,WA,56+,Female,Standard,Website
UUS04348,2024-09-20,Dallas,TX,26-35,Female,Intro,App
UUS04349,2025-04-30,Boston,MA,26-35,Female,Standard,App
UUS04350,2026-02-28,Austin,TX,36-45,Female,Standard,App
UUS04351,2024-06-16,Phoenix,AZ,26-35,Male,Standard,App
UUS04352,2025-09-22,San Diego,CA,26-35,Male,Standard,App
UUS04353,2026-01-18,Dallas,TX,36-45,Male,Standard,App
UUS04354,2024-03-14,San Diego,CA,56+,Male,Standard,App
UUS04355,2025-01-06,San Diego,CA,26-35,Female,Standard,App
UUS04356,2024-09-26,Los Angeles,CA,26-35,Female,Standard,App
UUS04357,2025-02-24,Los Angeles,CA,26-35,Male,Intro,Website
UUS04358,2026-01-01,San Diego,CA,26-35,Female,Intro,App
UUS04359,2024-03-21,Austin,TX,36-45,Male,Standard,App
UUS04360,2025-03-05,Boston,MA,26-35,Female,Standard,Website
UUS04361,2025-10-01,Los Angeles,CA,56+,Female,Elite,App
UUS04362,2024-09-18,Seattle,WA,26-35,Female,Intro,App
UUS04363,2025-04-11,Seattle,WA,18-25,Female,Standard,App
UUS04364,2025-05-27,San Diego,CA,18-25,Male,Intro,App
UUS04365,2024-09-15,San Diego,CA,26-35,Female,Standard,App
UUS04366,2024-10-31,Dallas,TX,26-35,Male,Standard,App
UUS04367,2025-01-18,Philadelphia,PA,18-25,Male,Standard,App
UUS04368,2025-10-28,Philadelphia,PA,26-35,Male,Elite,App
UUS04369,2025-02-10,Chicago,IL,36-45,Male,Standard,App
UUS04370,2024-06-15,Houston,TX,36-45,Female,Intro,App
UUS04371,2024-03-02,Houston,TX,26-35,Other,Elite,App
UUS04372,2025-03-15,Boston,MA,36-45,Female,Intro,App
UUS04373,2024-03-16,San Jose,CA,46-55,Female,Standard,Website
UUS04374,2024-10-15,Phoenix,AZ,36-45,Female,Standard,App
UUS04375,2025-04-06,Seattle,WA,18-25,Male,Intro,App
UUS04376,2024-11-27,Dallas,TX,18-25,Male,Elite,App
UUS04377,2026-03-14,Houston,TX,26-35,Female,Standard,App
UUS04378,2025-05-04,San Jose,CA,56+,Male,Elite,Website
UUS04379,2026-01-05,Philadelphia,PA,36-45,Other,Elite,App
UUS04380,2025-02-25,Houston,TX,26-35,Female,Standard,App
UUS04381,2025-03-21,Chicago,IL,46-55,Female,Intro,App
UUS04382,2025-08-18,Houston,TX,36-45,Male,Standard,Website
UUS04383,2025-11-10,San Jose,CA,56+,Female,Elite,App
UUS04384,2025-09-25,Philadelphia,PA,36-45,Female,Standard,Website
UUS04385,2024-06-09,Dallas,TX,56+,Male,Standard,Website
UUS04386,2025-08-11,Chicago,IL,36-45,Male,Standard,Website
UUS04387,2024-05-16,Austin,TX,46-55,Male,Standard,App
UUS04388,2025-06-16,San Diego,CA,36-45,Male,Standard,Website
UUS04389,2024-09-15,Dallas,TX,46-55,Other,Elite,App
UUS04390,2025-05-30,San Jose,CA,36-45,Female,Elite,App
UUS04391,2025-01-13,San Diego,CA,46-55,Male,Standard,App
UUS04392,2025-08-31,Chicago,IL,46-55,Male,Intro,App
UUS04393,2025-03-23,Los Angeles,CA,56+,Female,Intro,App
UUS04394,2024-08-28,Phoenix,AZ,18-25,Female,Elite,Website
UUS04395,2026-02-27,Philadelphia,PA,36-45,Female,Elite,App
UUS04396,2024-11-17,New York,NY,36-45,Male,Elite,App
UUS04397,2025-08-01,New York,NY,26-35,Female,Elite,App
UUS04398,2024-01-03,Los Angeles,CA,18-25,Female,Standard,App
UUS04399,2024-01-10,Seattle,WA,36-45,Female,Intro,App
UUS04400,2024-08-25,San Jose,CA,36-45,Female,Elite,App
UUS04401,2024-03-04,San Jose,CA,36-45,Male,Standard,App
UUS04402,2026-02-21,Chicago,IL,56+,Female,Elite,App
UUS04403,2024-09-02,Houston,TX,18-25,Female,Elite,Website
UUS04404,2026-01-09,Chicago,IL,26-35,Female,Standard,App
UUS04405,2024-04-17,Austin,TX,46-55,Male,Standard,App
UUS04406,2025-03-05,Austin,TX,46-55,Male,Standard,App
UUS04407,2024-05-22,San Jose,CA,36-45,Female,Standard,App
UUS04408,2024-02-05,Austin,TX,46-55,Male,Intro,App
UUS04409,2025-05-21,San Diego,CA,26-35,Other,Standard,App
UUS04410,2025-01-16,Chicago,IL,26-35,Female,Elite,Website
UUS04411,2024-04-12,Austin,TX,26-35,Male,Standard,App
UUS04412,2024-12-26,Los Angeles,CA,56+,Male,Standard,Website
UUS04413,2025-12-19,Phoenix,AZ,18-25,Male,Elite,App
UUS04414,2025-04-11,Boston,MA,26-35,Female,Standard,Website
UUS04415,2025-10-18,Seattle,WA,36-45,Male,Standard,App
UUS04416,2024-08-28,Seattle,WA,26-35,Male,Intro,App
UUS04417,2025-04-24,Philadelphia,PA,18-25,Female,Standard,Website
UUS04418,2025-03-10,Austin,TX,36-45,Male,Standard,App
UUS04419,2025-05-11,Houston,TX,26-35,Male,Intro,App
UUS04420,2024-01-10,Seattle,WA,36-45,Male,Intro,App
UUS04421,2024-12-13,Houston,TX,18-25,Male,Standard,Website
UUS04422,2026-01-19,Austin,TX,26-35,Female,Elite,App
UUS04423,2025-01-15,New York,NY,36-45,Male,Standard,App
UUS04424,2024-11-16,Phoenix,AZ,56+,Male,Standard,App
UUS04425,2025-04-15,Los Angeles,CA,18-25,Male,Standard,App
UUS04426,2024-11-15,Los Angeles,CA,36-45,Female,Intro,App
UUS04427,2024-03-01,Austin,TX,46-55,Female,Elite,App
UUS04428,2024-09-07,New York,NY,26-35,Male,Intro,App
UUS04429,2024-12-19,Austin,TX,56+,Female,Standard,App
UUS04430,2025-04-10,Boston,MA,46-55,Male,Standard,App
UUS04431,2025-05-21,New York,NY,46-55,Female,Standard,App
UUS04432,2024-08-24,Philadelphia,PA,36-45,Female,Elite,App
UUS04433,2025-05-26,Phoenix,AZ,26-35,Male,Standard,App
UUS04434,2024-10-10,Philadelphia,PA,56+,Male,Elite,App
UUS04435,2024-07-10,Seattle,WA,56+,Female,Elite,App
UUS04436,2024-05-15,Dallas,TX,36-45,Male,Standard,App
UUS04437,2025-01-21,Boston,MA,36-45,Female,Standard,App
UUS04438,2024-11-11,Dallas,TX,18-25,Female,Intro,App
UUS04439,2025-07-10,Phoenix,AZ,26-35,Female,Intro,App
UUS04440,2024-11-17,Houston,TX,46-55,Male,Standard,App
UUS04441,2024-01-06,Los Angeles,CA,26-35,Male,Standard,App
UUS04442,2025-09-29,New York,NY,46-55,Male,Standard,App
UUS04443,2024-06-08,San Diego,CA,56+,Female,Intro,Website
UUS04444,2025-11-11,Houston,TX,46-55,Female,Standard,App
UUS04445,2024-01-29,San Jose,CA,26-35,Female,Standard,App
UUS04446,2024-07-29,Phoenix,AZ,18-25,Male,Intro,App
UUS04447,2025-10-12,Phoenix,AZ,26-35,Other,Intro,Website
UUS04448,2026-01-31,Boston,MA,26-35,Male,Standard,Website
UUS04449,2025-11-08,Houston,TX,36-45,Male,Standard,App
UUS04450,2026-02-06,Phoenix,AZ,18-25,Female,Elite,App
UUS04451,2024-10-22,San Diego,CA,56+,Female,Standard,App
UUS04452,2025-07-16,Boston,MA,26-35,Female,Standard,Website
UUS04453,2024-11-24,Austin,TX,26-35,Female,Standard,Website
UUS04454,2025-04-02,Philadelphia,PA,56+,Male,Intro,App
UUS04455,2026-04-05,Houston,TX,46-55,Female,Intro,App
UUS04456,2024-12-15,New York,NY,46-55,Male,Elite,App
UUS04457,2024-09-02,New York,NY,36-45,Female,Standard,Website
UUS04458,2024-01-06,Boston,MA,26-35,Female,Intro,Website
UUS04459,2025-04-02,Philadelphia,PA,46-55,Other,Standard,App
UUS04460,2025-07-16,Los Angeles,CA,26-35,Female,Standard,App
UUS04461,2026-01-07,New York,NY,36-45,Male,Intro,App
UUS04462,2024-12-11,Austin,TX,26-35,Male,Standard,App
UUS04463,2024-12-06,Seattle,WA,36-45,Male,Intro,App
UUS04464,2025-05-29,Seattle,WA,18-25,Female,Standard,App
UUS04465,2025-08-06,Phoenix,AZ,56+,Female,Elite,App
UUS04466,2024-01-01,Los Angeles,CA,56+,Female,Standard,App
UUS04467,2024-02-25,Los Angeles,CA,18-25,Male,Standard,App
UUS04468,2024-07-31,Phoenix,AZ,56+,Female,Intro,App
UUS04469,2024-08-24,San Diego,CA,36-45,Female,Standard,Website
UUS04470,2025-10-21,Phoenix,AZ,18-25,Male,Intro,App
UUS04471,2024-11-26,Houston,TX,26-35,Female,Intro,App
UUS04472,2025-01-06,Phoenix,AZ,56+,Female,Standard,App
UUS04473,2024-04-05,New York,NY,18-25,Female,Standard,App
UUS04474,2024-08-10,Phoenix,AZ,18-25,Female,Elite,App
UUS04475,2025-02-04,Phoenix,AZ,26-35,Male,Standard,App
UUS04476,2025-08-05,Austin,TX,36-45,Male,Elite,App
UUS04477,2025-02-07,Philadelphia,PA,26-35,Female,Standard,App
UUS04478,2025-06-10,San Diego,CA,56+,Female,Standard,App
UUS04479,2024-04-11,Los Angeles,CA,36-45,Female,Standard,Website
UUS04480,2025-10-08,New York,NY,36-45,Female,Standard,Website
UUS04481,2025-07-17,San Diego,CA,46-55,Male,Intro,App
UUS04482,2025-08-13,San Diego,CA,36-45,Female,Elite,App
UUS04483,2025-03-30,Phoenix,AZ,36-45,Male,Standard,App
UUS04484,2024-06-01,Austin,TX,26-35,Male,Standard,App
UUS04485,2024-02-15,New York,NY,46-55,Female,Standard,App
UUS04486,2024-06-20,Los Angeles,CA,18-25,Female,Intro,App
UUS04487,2025-11-15,San Jose,CA,18-25,Female,Intro,App
UUS04488,2025-11-24,Austin,TX,18-25,Female,Elite,App
UUS04489,2025-03-27,Houston,TX,18-25,Female,Elite,Website
UUS04490,2026-02-24,Dallas,TX,18-25,Female,Elite,Website
UUS04491,2024-05-13,Houston,TX,26-35,Female,Standard,App
UUS04492,2025-06-17,Phoenix,AZ,18-25,Male,Intro,App
UUS04493,2024-02-16,New York,NY,26-35,Male,Standard,App
UUS04494,2025-12-04,Los Angeles,CA,56+,Male,Standard,App
UUS04495,2025-03-23,Austin,TX,56+,Male,Standard,Website
UUS04496,2025-05-12,Chicago,IL,36-45,Male,Standard,App
UUS04497,2025-09-30,Dallas,TX,56+,Male,Standard,App
UUS04498,2025-05-04,Los Angeles,CA,26-35,Female,Standard,App
UUS04499,2025-04-16,Boston,MA,56+,Female,Intro,App
UUS04500,2025-04-19,Dallas,TX,36-45,Male,Standard,App
UUS04501,2025-08-14,Phoenix,AZ,26-35,Female,Elite,Website
UUS04502,2024-06-11,Austin,TX,18-25,Male,Standard,App
UUS04503,2024-09-02,Los Angeles,CA,26-35,Male,Elite,App
UUS04504,2024-07-11,San Jose,CA,36-45,Female,Intro,Website
UUS04505,2024-06-02,Phoenix,AZ,36-45,Female,Standard,Website
UUS04506,2025-05-14,Philadelphia,PA,36-45,Male,Standard,App
UUS04507,2025-10-14,Boston,MA,56+,Female,Standard,App
UUS04508,2025-06-12,San Diego,CA,26-35,Female,Standard,App
UUS04509,2024-04-24,Seattle,WA,36-45,Male,Elite,App
UUS04510,2025-01-30,Los Angeles,CA,36-45,Female,Standard,App
UUS04511,2026-01-29,New York,NY,26-35,Male,Intro,App
UUS04512,2025-06-09,San Diego,CA,46-55,Female,Standard,Website
UUS04513,2024-04-30,Boston,MA,26-35,Female,Standard,App
UUS04514,2025-05-06,Austin,TX,36-45,Male,Intro,App
UUS04515,2025-02-24,Dallas,TX,36-45,Female,Standard,App
UUS04516,2024-01-29,Los Angeles,CA,46-55,Male,Standard,App
UUS04517,2025-09-08,Austin,TX,18-25,Male,Standard,Website
UUS04518,2026-01-10,Chicago,IL,26-35,Female,Intro,App
UUS04519,2025-05-31,San Jose,CA,18-25,Female,Elite,App
UUS04520,2025-09-20,Boston,MA,46-55,Male,Standard,App
UUS04521,2026-01-22,Houston,TX,56+,Female,Elite,Website
UUS04522,2024-10-17,Seattle,WA,26-35,Male,Standard,App
UUS04523,2025-02-14,Dallas,TX,26-35,Female,Standard,App
UUS04524,2024-02-26,Boston,MA,36-45,Male,Elite,Website
UUS04525,2025-02-21,Los Angeles,CA,18-25,Male,Elite,Website
UUS04526,2026-02-05,New York,NY,26-35,Male,Standard,App
UUS04527,2024-11-03,Philadelphia,PA,26-35,Male,Standard,App
UUS04528,2026-02-03,Los Angeles,CA,36-45,Female,Intro,App
UUS04529,2025-07-27,Phoenix,AZ,46-55,Male,Standard,App
UUS04530,2026-01-31,Boston,MA,56+,Female,Standard,App
UUS04531,2024-12-31,Houston,TX,46-55,Male,Standard,App
UUS04532,2025-06-11,Houston,TX,26-35,Female,Standard,App
UUS04533,2024-10-19,San Jose,CA,46-55,Female,Standard,Website
UUS04534,2026-02-15,Boston,MA,18-25,Female,Standard,Website
UUS04535,2024-10-26,Houston,TX,18-25,Female,Standard,App
UUS04536,2025-12-23,Houston,TX,18-25,Female,Standard,App
UUS04537,2024-05-14,San Jose,CA,36-45,Male,Standard,App
UUS04538,2024-04-16,Dallas,TX,56+,Female,Elite,App
UUS04539,2024-07-20,Philadelphia,PA,36-45,Female,Intro,App
UUS04540,2025-11-10,New York,NY,46-55,Female,Elite,App
UUS04541,2025-10-27,San Diego,CA,26-35,Male,Intro,App
UUS04542,2024-01-04,San Jose,CA,46-55,Female,Standard,App
UUS04543,2025-01-18,Dallas,TX,36-45,Male,Standard,App
UUS04544,2025-08-27,San Jose,CA,36-45,Female,Standard,App
UUS04545,2025-04-03,Seattle,WA,56+,Male,Standard,App
UUS04546,2025-08-03,Phoenix,AZ,26-35,Female,Standard,App
UUS04547,2025-03-02,Dallas,TX,36-45,Female,Elite,App
UUS04548,2024-06-05,New York,NY,56+,Female,Elite,App
UUS04549,2025-04-02,Dallas,TX,26-35,Female,Standard,App
UUS04550,2024-10-08,Dallas,TX,18-25,Female,Elite,App
UUS04551,2025-11-16,San Diego,CA,26-35,Female,Elite,App
UUS04552,2024-06-15,New York,NY,26-35,Male,Standard,App
UUS04553,2024-11-17,Boston,MA,18-25,Female,Standard,App
UUS04554,2025-04-21,Seattle,WA,36-45,Male,Intro,App
UUS04555,2025-11-18,Dallas,TX,18-25,Male,Standard,App
UUS04556,2025-11-23,Seattle,WA,18-25,Female,Standard,App
UUS04557,2025-08-17,Houston,TX,26-35,Male,Standard,App
UUS04558,2024-01-15,Seattle,WA,26-35,Female,Elite,App
UUS04559,2025-04-05,Boston,MA,26-35,Female,Standard,App
UUS04560,2025-09-05,Phoenix,AZ,26-35,Male,Standard,App
UUS04561,2024-11-24,Dallas,TX,26-35,Female,Standard,App
UUS04562,2025-10-17,San Jose,CA,26-35,Female,Standard,App
UUS04563,2025-11-03,Dallas,TX,18-25,Male,Elite,App
UUS04564,2025-04-26,Phoenix,AZ,36-45,Female,Intro,App
UUS04565,2024-10-11,Los Angeles,CA,26-35,Female,Standard,App
UUS04566,2024-08-16,San Diego,CA,26-35,Male,Standard,App
UUS04567,2023-12-25,Austin,TX,36-45,Female,Intro,App
UUS04568,2025-11-18,Phoenix,AZ,26-35,Female,Standard,App
UUS04569,2026-01-16,San Diego,CA,56+,Male,Standard,Website
UUS04570,2025-04-12,Los Angeles,CA,26-35,Male,Standard,App
UUS04571,2024-01-23,San Diego,CA,46-55,Female,Intro,Website
UUS04572,2024-02-23,Phoenix,AZ,26-35,Female,Intro,App
UUS04573,2026-03-22,Dallas,TX,26-35,Male,Standard,App
UUS04574,2025-12-15,Phoenix,AZ,18-25,Male,Elite,App
UUS04575,2025-08-02,Chicago,IL,46-55,Female,Elite,Website
UUS04576,2026-04-16,San Jose,CA,36-45,Male,Intro,Website
UUS04577,2024-02-27,Philadelphia,PA,18-25,Male,Standard,App
UUS04578,2025-08-03,Austin,TX,36-45,Female,Standard,App
UUS04579,2025-11-13,Los Angeles,CA,26-35,Female,Intro,App
UUS04580,2025-12-26,Houston,TX,36-45,Male,Standard,Website
UUS04581,2024-08-28,San Diego,CA,36-45,Male,Intro,App
UUS04582,2025-07-16,Phoenix,AZ,26-35,Male,Standard,App
UUS04583,2024-09-04,Philadelphia,PA,36-45,Female,Standard,App
UUS04584,2025-02-02,San Jose,CA,26-35,Female,Intro,App
UUS04585,2024-02-26,Chicago,IL,26-35,Female,Elite,App
UUS04586,2024-01-07,Houston,TX,18-25,Female,Elite,App
UUS04587,2024-03-24,New York,NY,26-35,Female,Standard,Website
UUS04588,2026-01-18,San Diego,CA,36-45,Female,Intro,App
UUS04589,2024-03-23,Houston,TX,46-55,Female,Intro,App
UUS04590,2025-10-18,Houston,TX,26-35,Male,Intro,App
UUS04591,2025-09-09,Austin,TX,36-45,Female,Standard,App
UUS04592,2025-10-23,Philadelphia,PA,26-35,Male,Standard,App
UUS04593,2024-06-21,Seattle,WA,18-25,Female,Intro,App
UUS04594,2026-02-20,Chicago,IL,36-45,Male,Standard,Website
UUS04595,2025-10-15,Boston,MA,26-35,Female,Elite,Website
UUS04596,2025-12-29,Los Angeles,CA,56+,Female,Elite,App
UUS04597,2025-03-29,Los Angeles,CA,36-45,Male,Standard,App
UUS04598,2024-04-20,New York,NY,36-45,Male,Elite,App
UUS04599,2024-07-14,San Diego,CA,36-45,Male,Standard,App
UUS04600,2024-04-13,Dallas,TX,26-35,Male,Elite,App
UUS04601,2024-06-28,San Diego,CA,36-45,Male,Standard,App
UUS04602,2024-05-22,New York,NY,56+,Male,Standard,Website
UUS04603,2024-06-17,San Jose,CA,46-55,Male,Standard,Website
UUS04604,2025-05-16,San Jose,CA,46-55,Male,Standard,App
UUS04605,2025-12-03,Phoenix,AZ,26-35,Female,Standard,App
UUS04606,2026-02-05,Boston,MA,18-25,Male,Standard,App
UUS04607,2024-12-06,San Jose,CA,26-35,Male,Elite,App
UUS04608,2025-10-09,Austin,TX,26-35,Male,Elite,App
UUS04609,2025-07-07,Dallas,TX,26-35,Female,Standard,App
UUS04610,2026-03-19,Austin,TX,46-55,Male,Standard,Website
UUS04611,2024-07-07,Philadelphia,PA,46-55,Other,Intro,App
UUS04612,2026-01-03,San Jose,CA,26-35,Female,Elite,App
UUS04613,2026-02-20,Austin,TX,46-55,Male,Elite,App
UUS04614,2026-03-04,San Diego,CA,56+,Male,Intro,App
UUS04615,2024-08-10,Dallas,TX,36-45,Female,Standard,App
UUS04616,2024-07-16,Seattle,WA,56+,Female,Standard,App
UUS04617,2025-06-20,Chicago,IL,46-55,Male,Standard,App
UUS04618,2025-06-30,Seattle,WA,26-35,Male,Intro,App
UUS04619,2025-07-27,San Jose,CA,26-35,Female,Intro,App
UUS04620,2025-05-28,San Jose,CA,36-45,Male,Elite,App
UUS04621,2025-10-17,Los Angeles,CA,26-35,Male,Standard,App
UUS04622,2025-02-28,New York,NY,26-35,Male,Intro,Website
UUS04623,2025-02-24,Austin,TX,26-35,Female,Elite,App
UUS04624,2025-01-20,Houston,TX,26-35,Female,Standard,Website
UUS04625,2025-10-06,San Jose,CA,26-35,Male,Intro,App
UUS04626,2024-12-17,Chicago,IL,56+,Female,Elite,Website
UUS04627,2024-07-03,Boston,MA,36-45,Male,Standard,App
UUS04628,2024-09-26,San Jose,CA,26-35,Male,Intro,App
UUS04629,2025-02-25,Boston,MA,56+,Female,Standard,Website
UUS04630,2025-08-21,Los Angeles,CA,36-45,Male,Elite,App
UUS04631,2026-01-01,San Jose,CA,26-35,Female,Standard,App
UUS04632,2024-07-20,Phoenix,AZ,56+,Male,Standard,App
UUS04633,2025-03-20,Chicago,IL,26-35,Female,Standard,App
UUS04634,2025-11-24,San Jose,CA,26-35,Female,Intro,App
UUS04635,2025-01-03,Dallas,TX,36-45,Male,Standard,App
UUS04636,2024-05-29,Los Angeles,CA,26-35,Female,Standard,App
UUS04637,2026-01-27,Philadelphia,PA,56+,Male,Elite,App
UUS04638,2024-10-16,Phoenix,AZ,46-55,Female,Intro,App
UUS04639,2025-10-30,Dallas,TX,56+,Male,Intro,App
UUS04640,2024-03-17,Boston,MA,36-45,Male,Standard,App
UUS04641,2025-10-10,Boston,MA,56+,Male,Standard,App
UUS04642,2025-04-13,Philadelphia,PA,46-55,Male,Elite,App
UUS04643,2025-08-17,New York,NY,26-35,Other,Standard,Website
UUS04644,2024-09-16,San Diego,CA,26-35,Male,Elite,App
UUS04645,2025-04-19,Phoenix,AZ,46-55,Male,Intro,App
UUS04646,2025-07-18,Seattle,WA,26-35,Male,Standard,Website
UUS04647,2024-11-03,Chicago,IL,56+,Female,Intro,App
UUS04648,2024-05-09,Houston,TX,26-35,Female,Intro,App
UUS04649,2025-06-15,San Diego,CA,26-35,Female,Standard,App
UUS04650,2024-02-06,Boston,MA,26-35,Female,Intro,App
UUS04651,2025-02-03,Seattle,WA,26-35,Male,Standard,App
UUS04652,2026-03-05,Austin,TX,36-45,Female,Standard,App
UUS04653,2024-12-09,Los Angeles,CA,36-45,Male,Intro,App
UUS04654,2025-11-10,Philadelphia,PA,26-35,Female,Elite,App
UUS04655,2026-03-22,Dallas,TX,46-55,Male,Standard,App
UUS04656,2025-09-09,Chicago,IL,36-45,Male,Intro,App
UUS04657,2024-11-16,Seattle,WA,36-45,Female,Standard,App
UUS04658,2024-08-18,Austin,TX,26-35,Male,Elite,App
UUS04659,2025-05-21,Phoenix,AZ,18-25,Male,Standard,App
UUS04660,2026-01-25,Boston,MA,18-25,Male,Elite,App
UUS04661,2025-08-31,San Jose,CA,26-35,Male,Elite,App
UUS04662,2024-10-04,Boston,MA,26-35,Female,Elite,App
UUS04663,2024-05-15,Austin,TX,46-55,Female,Elite,Website
UUS04664,2025-12-02,New York,NY,26-35,Female,Intro,App
UUS04665,2024-07-18,San Jose,CA,18-25,Male,Standard,App
UUS04666,2024-04-07,Seattle,WA,26-35,Male,Intro,App
UUS04667,2025-04-20,San Diego,CA,36-45,Female,Standard,App
UUS04668,2025-11-23,Austin,TX,36-45,Male,Standard,App
UUS04669,2025-02-25,New York,NY,36-45,Male,Intro,App
UUS04670,2025-08-21,New York,NY,26-35,Male,Intro,App
UUS04671,2024-11-15,Seattle,WA,56+,Female,Standard,App
UUS04672,2026-04-02,Austin,TX,18-25,Male,Elite,App
UUS04673,2024-02-12,Los Angeles,CA,56+,Female,Standard,Website
UUS04674,2024-06-16,New York,NY,26-35,Female,Standard,App
UUS04675,2026-03-22,Chicago,IL,26-35,Female,Standard,App
UUS04676,2025-03-09,Los Angeles,CA,26-35,Male,Standard,App
UUS04677,2024-03-16,Dallas,TX,26-35,Female,Standard,App
UUS04678,2024-11-07,Boston,MA,26-35,Female,Standard,App
UUS04679,2025-06-21,San Jose,CA,36-45,Male,Elite,App
UUS04680,2024-07-04,Los Angeles,CA,18-25,Female,Standard,Website
UUS04681,2026-03-30,Houston,TX,18-25,Female,Standard,Website
UUS04682,2024-01-30,Phoenix,AZ,26-35,Male,Standard,App
UUS04683,2026-04-12,Austin,TX,26-35,Female,Standard,App
UUS04684,2026-03-09,Houston,TX,36-45,Female,Intro,Website
UUS04685,2025-05-17,Los Angeles,CA,46-55,Female,Elite,App
UUS04686,2024-04-20,Austin,TX,56+,Female,Intro,App
UUS04687,2024-10-26,San Diego,CA,56+,Female,Standard,App
UUS04688,2025-11-19,San Diego,CA,26-35,Male,Standard,Website
UUS04689,2024-04-13,Los Angeles,CA,26-35,Other,Standard,App
UUS04690,2024-07-12,Chicago,IL,46-55,Female,Intro,App
UUS04691,2025-09-14,New York,NY,56+,Female,Standard,Website
UUS04692,2023-12-25,San Jose,CA,46-55,Female,Standard,Website
UUS04693,2024-12-04,San Jose,CA,26-35,Female,Standard,App
UUS04694,2024-06-18,New York,NY,36-45,Female,Intro,Website
UUS04695,2024-12-01,Philadelphia,PA,26-35,Female,Standard,App
UUS04696,2024-05-28,Philadelphia,PA,36-45,Other,Standard,App
UUS04697,2024-03-29,Austin,TX,46-55,Male,Standard,App
UUS04698,2024-03-15,New York,NY,36-45,Male,Standard,App
UUS04699,2025-12-02,San Diego,CA,26-35,Female,Standard,App
UUS04700,2026-01-03,Chicago,IL,26-35,Male,Standard,App
UUS04701,2024-09-04,San Jose,CA,18-25,Male,Standard,App
UUS04702,2025-08-01,San Diego,CA,26-35,Female,Intro,App
UUS04703,2024-06-23,Los Angeles,CA,36-45,Female,Elite,App
UUS04704,2024-08-13,San Diego,CA,18-25,Female,Standard,App
UUS04705,2026-02-17,Dallas,TX,18-25,Male,Standard,App
UUS04706,2026-04-10,San Diego,CA,26-35,Female,Standard,App
UUS04707,2024-09-07,Austin,TX,36-45,Male,Standard,App
UUS04708,2024-10-17,Seattle,WA,56+,Female,Standard,App
UUS04709,2024-04-03,Austin,TX,56+,Female,Standard,App
UUS04710,2025-08-31,Seattle,WA,56+,Male,Standard,App
UUS04711,2025-04-24,New York,NY,26-35,Male,Standard,App
UUS04712,2025-12-03,San Diego,CA,46-55,Female,Standard,App
UUS04713,2025-04-24,New York,NY,26-35,Female,Standard,App
UUS04714,2025-09-14,Chicago,IL,26-35,Male,Standard,App
UUS04715,2024-01-05,Philadelphia,PA,18-25,Female,Intro,Website
UUS04716,2024-11-08,Boston,MA,36-45,Male,Intro,Website
UUS04717,2025-12-24,San Jose,CA,26-35,Female,Intro,App
UUS04718,2025-08-01,San Jose,CA,26-35,Male,Intro,App
UUS04719,2025-04-20,Chicago,IL,26-35,Male,Standard,Website
UUS04720,2024-01-18,New York,NY,18-25,Female,Standard,App
UUS04721,2024-04-04,Austin,TX,18-25,Female,Elite,App
UUS04722,2024-08-02,Philadelphia,PA,26-35,Male,Standard,App
UUS04723,2024-02-05,Dallas,TX,26-35,Male,Standard,Website
UUS04724,2025-05-08,New York,NY,18-25,Male,Elite,App
UUS04725,2025-12-18,Chicago,IL,26-35,Female,Intro,App
UUS04726,2025-12-03,San Diego,CA,36-45,Female,Standard,App
UUS04727,2026-01-25,New York,NY,36-45,Male,Intro,App
UUS04728,2026-01-15,Philadelphia,PA,36-45,Female,Standard,Website
UUS04729,2024-07-13,New York,NY,46-55,Male,Standard,App
UUS04730,2024-12-13,Austin,TX,56+,Female,Standard,Website
UUS04731,2024-08-28,New York,NY,56+,Male,Standard,App
UUS04732,2024-05-23,Los Angeles,CA,56+,Male,Standard,Website
UUS04733,2024-12-06,Boston,MA,26-35,Male,Standard,App
UUS04734,2026-03-17,Dallas,TX,26-35,Female,Elite,App
UUS04735,2024-03-01,Austin,TX,26-35,Male,Elite,App
UUS04736,2024-11-18,San Jose,CA,36-45,Female,Standard,App
UUS04737,2025-05-10,Austin,TX,18-25,Female,Standard,Website
UUS04738,2024-11-27,New York,NY,46-55,Female,Standard,Website
UUS04739,2025-12-31,Chicago,IL,36-45,Female,Standard,App
UUS04740,2025-02-16,Dallas,TX,56+,Female,Standard,App
UUS04741,2024-06-02,Seattle,WA,26-35,Female,Intro,App
UUS04742,2025-05-25,Austin,TX,36-45,Male,Standard,App
UUS04743,2024-02-29,Dallas,TX,18-25,Male,Elite,App
UUS04744,2025-09-14,New York,NY,26-35,Male,Standard,App
UUS04745,2025-03-29,Phoenix,AZ,18-25,Female,Standard,App
UUS04746,2024-07-05,San Jose,CA,26-35,Female,Standard,App
UUS04747,2025-01-28,Los Angeles,CA,18-25,Female,Standard,Website
UUS04748,2025-05-03,San Diego,CA,36-45,Male,Intro,App
UUS04749,2024-04-03,New York,NY,56+,Male,Standard,App
UUS04750,2025-08-16,Dallas,TX,36-45,Female,Standard,App
UUS04751,2024-10-02,Boston,MA,26-35,Male,Intro,App
UUS04752,2025-10-08,Dallas,TX,18-25,Male,Elite,App
UUS04753,2025-06-11,Phoenix,AZ,26-35,Male,Elite,App
UUS04754,2026-03-16,Seattle,WA,46-55,Female,Elite,App
UUS04755,2025-11-04,San Jose,CA,18-25,Male,Intro,Website
UUS04756,2025-11-06,Phoenix,AZ,36-45,Female,Standard,App
UUS04757,2024-11-25,Boston,MA,36-45,Male,Standard,App
UUS04758,2024-12-30,Los Angeles,CA,26-35,Female,Intro,App
UUS04759,2025-06-22,San Diego,CA,18-25,Female,Elite,App
UUS04760,2025-12-29,Los Angeles,CA,26-35,Female,Elite,App
UUS04761,2024-12-09,New York,NY,26-35,Male,Elite,Website
UUS04762,2024-04-30,Philadelphia,PA,26-35,Female,Intro,Website
UUS04763,2024-03-15,Seattle,WA,18-25,Male,Standard,App
UUS04764,2025-01-05,Dallas,TX,26-35,Female,Standard,Website
UUS04765,2025-11-18,Houston,TX,36-45,Male,Intro,App
UUS04766,2025-04-21,Seattle,WA,46-55,Female,Standard,App
UUS04767,2026-03-14,San Diego,CA,46-55,Female,Standard,Website
UUS04768,2024-09-01,Seattle,WA,26-35,Male,Elite,Website
UUS04769,2026-01-23,Dallas,TX,56+,Female,Standard,App
UUS04770,2025-10-13,San Diego,CA,18-25,Female,Standard,App
UUS04771,2025-01-10,San Jose,CA,36-45,Female,Elite,App
UUS04772,2026-02-01,New York,NY,26-35,Female,Elite,App
UUS04773,2025-07-03,San Jose,CA,46-55,Female,Standard,Website
UUS04774,2024-04-23,Seattle,WA,46-55,Male,Standard,App
UUS04775,2025-05-19,Philadelphia,PA,26-35,Male,Standard,App
UUS04776,2024-10-10,Chicago,IL,46-55,Female,Intro,App
UUS04777,2026-04-15,Philadelphia,PA,56+,Female,Standard,App
UUS04778,2025-08-13,Los Angeles,CA,36-45,Male,Standard,App
UUS04779,2025-09-21,Phoenix,AZ,26-35,Male,Standard,Website
UUS04780,2026-02-14,San Diego,CA,18-25,Male,Intro,App
UUS04781,2024-03-21,Dallas,TX,26-35,Female,Standard,App
UUS04782,2024-08-02,New York,NY,36-45,Female,Standard,Website
UUS04783,2024-02-01,Phoenix,AZ,18-25,Male,Standard,App
UUS04784,2025-09-08,New York,NY,26-35,Male,Elite,Website
UUS04785,2025-07-16,Chicago,IL,56+,Female,Intro,App
UUS04786,2026-01-17,San Jose,CA,26-35,Female,Standard,App
UUS04787,2026-04-06,Seattle,WA,26-35,Female,Standard,App
UUS04788,2025-12-30,Phoenix,AZ,26-35,Female,Standard,App
UUS04789,2026-03-27,Los Angeles,CA,26-35,Female,Standard,App
UUS04790,2023-12-12,New York,NY,18-25,Male,Standard,App
UUS04791,2025-09-08,Phoenix,AZ,26-35,Male,Standard,App
UUS04792,2024-07-06,Phoenix,AZ,26-35,Male,Intro,Website
UUS04793,2024-04-06,Chicago,IL,26-35,Female,Standard,App
UUS04794,2025-12-07,Houston,TX,26-35,Male,Standard,App
UUS04795,2024-07-14,New York,NY,56+,Male,Intro,Website
UUS04796,2025-12-20,Los Angeles,CA,26-35,Male,Intro,App
UUS04797,2025-03-15,San Jose,CA,26-35,Male,Standard,App
UUS04798,2025-10-06,Chicago,IL,36-45,Female,Intro,Website
UUS04799,2025-07-17,Austin,TX,26-35,Male,Intro,App
UUS04800,2025-01-29,Austin,TX,18-25,Male,Standard,App
UUS04801,2025-08-02,Phoenix,AZ,26-35,Female,Standard,Website
UUS04802,2024-10-19,San Jose,CA,26-35,Female,Standard,App
UUS04803,2025-05-30,Austin,TX,36-45,Male,Elite,App
UUS04804,2024-11-24,Houston,TX,36-45,Male,Intro,Website
UUS04805,2025-11-25,San Diego,CA,26-35,Female,Standard,Website
UUS04806,2025-04-17,Houston,TX,56+,Female,Standard,Website
UUS04807,2024-12-11,Dallas,TX,36-45,Female,Intro,Website
UUS04808,2024-10-10,Houston,TX,18-25,Male,Standard,App
UUS04809,2024-04-11,Philadelphia,PA,36-45,Male,Standard,App
UUS04810,2024-06-23,Seattle,WA,26-35,Female,Standard,Website
UUS04811,2025-08-16,Boston,MA,36-45,Male,Elite,App
UUS04812,2025-11-29,San Diego,CA,26-35,Other,Standard,Website
UUS04813,2024-12-17,New York,NY,18-25,Male,Standard,Website
UUS04814,2024-09-23,Boston,MA,18-25,Female,Elite,App
UUS04815,2024-11-17,Boston,MA,36-45,Male,Elite,App
UUS04816,2024-08-31,San Jose,CA,26-35,Male,Intro,App
UUS04817,2024-07-05,Austin,TX,36-45,Female,Intro,App
UUS04818,2025-07-26,Austin,TX,56+,Female,Elite,App
UUS04819,2024-11-07,Phoenix,AZ,18-25,Male,Standard,App
UUS04820,2026-03-06,Houston,TX,26-35,Female,Intro,App
UUS04821,2026-03-26,Phoenix,AZ,56+,Female,Elite,App
UUS04822,2025-09-20,San Jose,CA,46-55,Female,Intro,App
UUS04823,2025-06-08,Seattle,WA,26-35,Female,Intro,App
UUS04824,2024-04-20,Dallas,TX,26-35,Female,Intro,App
UUS04825,2024-01-26,Houston,TX,26-35,Male,Standard,App
UUS04826,2025-10-01,Los Angeles,CA,46-55,Female,Standard,App
UUS04827,2024-06-05,Austin,TX,36-45,Male,Standard,Website
UUS04828,2024-10-20,Houston,TX,36-45,Male,Standard,App
UUS04829,2024-04-02,San Jose,CA,36-45,Female,Intro,Website
UUS04830,2025-09-01,San Jose,CA,26-35,Female,Elite,App
UUS04831,2025-02-11,Seattle,WA,18-25,Female,Standard,App
UUS04832,2025-07-03,Austin,TX,18-25,Male,Elite,App
UUS04833,2024-02-27,Houston,TX,56+,Male,Intro,App
UUS04834,2026-01-10,San Jose,CA,26-35,Male,Standard,App
UUS04835,2025-11-06,Seattle,WA,36-45,Male,Standard,Website
UUS04836,2025-01-07,Philadelphia,PA,36-45,Female,Elite,App
UUS04837,2024-09-25,Chicago,IL,18-25,Female,Standard,App
UUS04838,2024-08-30,San Diego,CA,26-35,Male,Intro,App
UUS04839,2026-01-11,Chicago,IL,46-55,Female,Elite,App
UUS04840,2024-11-23,New York,NY,36-45,Female,Standard,App
UUS04841,2025-10-15,Phoenix,AZ,36-45,Male,Elite,App
UUS04842,2025-05-18,Houston,TX,36-45,Male,Elite,Website
UUS04843,2024-04-14,New York,NY,46-55,Female,Standard,App
UUS04844,2024-07-28,Chicago,IL,46-55,Female,Standard,Website
UUS04845,2025-07-16,Philadelphia,PA,26-35,Female,Elite,App
UUS04846,2026-02-21,Houston,TX,36-45,Male,Intro,App
UUS04847,2026-01-04,San Diego,CA,36-45,Male,Intro,Website
UUS04848,2024-11-21,San Diego,CA,56+,Female,Standard,Website
UUS04849,2024-04-27,Philadelphia,PA,26-35,Female,Elite,App
UUS04850,2025-10-22,Los Angeles,CA,26-35,Female,Intro,Website
UUS04851,2024-09-09,Dallas,TX,36-45,Male,Intro,Website
UUS04852,2024-04-02,Boston,MA,26-35,Female,Elite,App
UUS04853,2024-09-24,Seattle,WA,36-45,Female,Elite,Website
UUS04854,2024-07-13,Phoenix,AZ,26-35,Male,Intro,Website
UUS04855,2024-04-18,Dallas,TX,36-45,Male,Intro,App
UUS04856,2025-09-14,San Diego,CA,26-35,Male,Intro,Website
UUS04857,2024-09-17,Chicago,IL,56+,Female,Elite,Website
UUS04858,2025-03-11,San Jose,CA,26-35,Male,Standard,App
UUS04859,2024-09-19,Phoenix,AZ,36-45,Male,Intro,App
UUS04860,2025-09-11,Austin,TX,18-25,Male,Standard,Website
UUS04861,2026-03-15,Philadelphia,PA,26-35,Female,Standard,App
UUS04862,2025-06-15,Dallas,TX,18-25,Female,Standard,App
UUS04863,2025-12-04,Los Angeles,CA,56+,Male,Standard,App
UUS04864,2024-08-11,Austin,TX,36-45,Male,Intro,App
UUS04865,2026-02-18,Phoenix,AZ,26-35,Female,Standard,App
UUS04866,2026-03-27,Dallas,TX,18-25,Male,Elite,App
UUS04867,2025-08-31,Houston,TX,26-35,Female,Standard,App
UUS04868,2026-01-26,Phoenix,AZ,36-45,Female,Intro,App
UUS04869,2025-06-11,Austin,TX,26-35,Male,Intro,Website
UUS04870,2025-01-08,New York,NY,18-25,Male,Elite,App
UUS04871,2025-06-22,Dallas,TX,56+,Male,Intro,App
UUS04872,2025-02-02,San Jose,CA,26-35,Male,Standard,App
UUS04873,2025-03-17,San Diego,CA,26-35,Female,Standard,App
UUS04874,2024-01-17,San Jose,CA,18-25,Female,Standard,Website
UUS04875,2024-11-20,Los Angeles,CA,26-35,Other,Standard,App
UUS04876,2025-11-12,Dallas,TX,26-35,Female,Elite,App
UUS04877,2024-12-30,Los Angeles,CA,26-35,Male,Standard,App
UUS04878,2024-09-03,San Jose,CA,46-55,Female,Standard,App
UUS04879,2025-02-21,Austin,TX,26-35,Other,Intro,Website
UUS04880,2024-01-12,Philadelphia,PA,26-35,Female,Elite,App
UUS04881,2025-03-31,Phoenix,AZ,46-55,Female,Standard,App
UUS04882,2025-11-08,San Diego,CA,26-35,Male,Elite,App
UUS04883,2024-03-19,Houston,TX,56+,Female,Standard,App
UUS04884,2025-08-31,New York,NY,18-25,Male,Standard,App
UUS04885,2025-02-17,Chicago,IL,36-45,Male,Standard,Website
UUS04886,2024-10-04,Dallas,TX,36-45,Female,Standard,App
UUS04887,2024-04-21,Los Angeles,CA,18-25,Female,Elite,Website
UUS04888,2025-12-13,San Diego,CA,26-35,Female,Elite,Website
UUS04889,2025-07-13,San Diego,CA,26-35,Male,Intro,Website
UUS04890,2024-05-25,Phoenix,AZ,18-25,Female,Standard,App
UUS04891,2023-12-23,San Diego,CA,36-45,Female,Intro,App
UUS04892,2025-10-23,Phoenix,AZ,26-35,Female,Standard,Website
UUS04893,2025-11-04,Phoenix,AZ,18-25,Female,Elite,Website
UUS04894,2024-05-13,New York,NY,56+,Female,Elite,App
UUS04895,2024-11-09,Dallas,TX,46-55,Female,Intro,App
UUS04896,2025-05-28,New York,NY,46-55,Female,Standard,App
UUS04897,2024-02-07,Boston,MA,26-35,Male,Standard,App
UUS04898,2024-05-08,Houston,TX,36-45,Female,Elite,Website
UUS04899,2025-11-09,San Jose,CA,36-45,Male,Intro,App
UUS04900,2026-04-13,Philadelphia,PA,18-25,Male,Elite,App
UUS04901,2025-07-22,San Diego,CA,26-35,Male,Elite,App
UUS04902,2024-10-08,Los Angeles,CA,26-35,Female,Elite,App
UUS04903,2024-02-14,Seattle,WA,56+,Male,Intro,Website
UUS04904,2025-07-04,San Diego,CA,46-55,Male,Standard,App
UUS04905,2025-06-18,Phoenix,AZ,36-45,Female,Standard,App
UUS04906,2025-08-04,Phoenix,AZ,26-35,Female,Standard,App
UUS04907,2025-02-01,Dallas,TX,26-35,Female,Standard,App
UUS04908,2025-12-23,Austin,TX,56+,Other,Standard,App
UUS04909,2024-06-20,Seattle,WA,18-25,Other,Intro,App
UUS04910,2024-01-24,Boston,MA,18-25,Male,Standard,App
UUS04911,2025-10-08,Los Angeles,CA,26-35,Female,Intro,App
UUS04912,2025-12-11,Phoenix,AZ,18-25,Male,Standard,App
UUS04913,2025-09-09,San Diego,CA,18-25,Male,Intro,App
UUS04914,2025-08-11,Chicago,IL,36-45,Female,Intro,App
UUS04915,2025-02-19,San Diego,CA,36-45,Female,Elite,App
UUS04916,2025-06-24,Seattle,WA,56+,Male,Standard,App
UUS04917,2026-02-23,Boston,MA,18-25,Female,Standard,Website
UUS04918,2024-05-15,Phoenix,AZ,46-55,Male,Intro,Website
UUS04919,2025-08-04,San Jose,CA,46-55,Female,Standard,App
UUS04920,2026-01-11,San Jose,CA,36-45,Male,Standard,App
UUS04921,2026-02-18,New York,NY,18-25,Female,Elite,App
UUS04922,2026-04-15,Austin,TX,46-55,Male,Intro,Website
UUS04923,2025-04-04,Boston,MA,26-35,Female,Intro,Website
UUS04924,2024-04-15,San Jose,CA,46-55,Female,Standard,App
UUS04925,2026-02-08,Philadelphia,PA,18-25,Female,Standard,App
UUS04926,2025-08-21,New York,NY,26-35,Female,Intro,Website
UUS04927,2025-04-01,San Jose,CA,26-35,Male,Standard,App
UUS04928,2025-09-25,Phoenix,AZ,36-45,Female,Standard,App
UUS04929,2024-10-05,Dallas,TX,26-35,Female,Standard,App
UUS04930,2025-02-28,Seattle,WA,18-25,Male,Standard,Website
UUS04931,2025-09-18,Houston,TX,26-35,Male,Intro,Website
UUS04932,2024-05-06,Seattle,WA,46-55,Female,Standard,App
UUS04933,2024-04-28,San Diego,CA,26-35,Female,Elite,App
UUS04934,2024-06-13,San Jose,CA,18-25,Female,Intro,Website
UUS04935,2024-03-15,Philadelphia,PA,18-25,Other,Standard,App
UUS04936,2024-04-29,Philadelphia,PA,26-35,Female,Standard,App
UUS04937,2024-04-29,Phoenix,AZ,56+,Female,Standard,App
UUS04938,2026-03-04,Chicago,IL,26-35,Other,Standard,App
UUS04939,2024-03-13,Dallas,TX,36-45,Female,Standard,App
UUS04940,2024-01-13,Austin,TX,56+,Male,Standard,App
UUS04941,2026-01-12,Philadelphia,PA,26-35,Female,Standard,App
UUS04942,2024-05-21,Austin,TX,36-45,Female,Intro,App
UUS04943,2024-03-03,San Diego,CA,26-35,Male,Standard,App
UUS04944,2024-07-14,Philadelphia,PA,46-55,Female,Standard,App
UUS04945,2026-02-26,Seattle,WA,36-45,Male,Elite,App
UUS04946,2024-08-09,Boston,MA,26-35,Male,Elite,Website
UUS04947,2024-03-18,Boston,MA,18-25,Other,Standard,App
UUS04948,2025-08-09,Philadelphia,PA,26-35,Female,Standard,App
UUS04949,2024-07-08,San Diego,CA,46-55,Female,Standard,App
UUS04950,2025-12-21,Phoenix,AZ,46-55,Female,Elite,App
UUS04951,2025-10-29,Houston,TX,36-45,Female,Standard,App
UUS04952,2025-09-22,Dallas,TX,26-35,Female,Standard,App
UUS04953,2024-10-29,Chicago,IL,26-35,Female,Elite,Website
UUS04954,2026-01-19,Boston,MA,36-45,Male,Standard,Website
UUS04955,2025-11-11,Boston,MA,36-45,Male,Intro,Website
UUS04956,2023-12-22,Boston,MA,18-25,Female,Intro,App
UUS04957,2025-12-21,Los Angeles,CA,36-45,Female,Standard,App
UUS04958,2025-03-23,Houston,TX,56+,Male,Standard,App
UUS04959,2026-01-30,Philadelphia,PA,46-55,Female,Standard,App
UUS04960,2025-06-26,Dallas,TX,18-25,Female,Elite,Website
UUS04961,2025-04-01,New York,NY,36-45,Male,Standard,App
UUS04962,2024-09-01,Phoenix,AZ,46-55,Female,Standard,App
UUS04963,2026-03-03,New York,NY,46-55,Male,Elite,App
UUS04964,2025-06-04,Houston,TX,36-45,Female,Standard,App
UUS04965,2025-01-27,Houston,TX,36-45,Female,Elite,App
UUS04966,2025-07-26,Austin,TX,46-55,Male,Standard,Website
UUS04967,2025-10-14,Houston,TX,26-35,Female,Standard,App
UUS04968,2025-03-21,San Diego,CA,46-55,Male,Standard,App
UUS04969,2026-04-11,New York,NY,36-45,Female,Intro,App
UUS04970,2024-06-21,San Jose,CA,36-45,Male,Elite,Website
UUS04971,2025-07-26,Chicago,IL,26-35,Male,Standard,App
UUS04972,2025-06-10,Phoenix,AZ,56+,Female,Standard,App
UUS04973,2024-11-22,Dallas,TX,26-35,Female,Standard,App
UUS04974,2024-11-03,Phoenix,AZ,36-45,Female,Standard,Website
UUS04975,2024-08-20,San Diego,CA,46-55,Female,Standard,Website
UUS04976,2024-08-14,Chicago,IL,36-45,Female,Standard,App
UUS04977,2025-10-26,Boston,MA,36-45,Female,Standard,App
UUS04978,2024-11-08,Austin,TX,56+,Male,Standard,Website
UUS04979,2024-12-24,Dallas,TX,18-25,Male,Elite,App
UUS04980,2024-02-05,Seattle,WA,26-35,Female,Elite,App
UUS04981,2026-02-03,Chicago,IL,46-55,Female,Elite,App
UUS04982,2024-03-14,San Diego,CA,26-35,Male,Intro,App
UUS04983,2025-09-03,Houston,TX,36-45,Male,Standard,App
UUS04984,2024-08-28,Austin,TX,46-55,Female,Elite,App
UUS04985,2025-12-29,Los Angeles,CA,26-35,Male,Standard,App
UUS04986,2024-11-13,Houston,TX,26-35,Female,Elite,Website
UUS04987,2024-09-29,Dallas,TX,36-45,Male,Elite,App
UUS04988,2024-05-09,San Diego,CA,36-45,Female,Standard,App
UUS04989,2024-10-27,Houston,TX,36-45,Male,Standard,App
UUS04990,2024-05-10,Los Angeles,CA,36-45,Female,Standard,App
UUS04991,2025-09-28,Seattle,WA,18-25,Other,Standard,Website
UUS04992,2026-01-08,Philadelphia,PA,26-35,Female,Standard,App
UUS04993,2025-10-02,Philadelphia,PA,26-35,Male,Standard,App
UUS04994,2025-07-13,Boston,MA,26-35,Male,Intro,App
UUS04995,2024-06-24,Houston,TX,36-45,Male,Intro,App
UUS04996,2024-04-17,Seattle,WA,18-25,Male,Elite,App
UUS04997,2025-04-29,Houston,TX,26-35,Female,Standard,App
UUS04998,2024-01-06,San Jose,CA,46-55,Male,Elite,App
UUS04999,2024-10-26,New York,NY,36-45,Female,Intro,App
UUS05000,2025-01-07,Boston,MA,26-35,Female,Standard,App
